,league,season,team,player,league_id,season_id,team_id,player_id,position,matches,minutes,goals,xg,np_goals,np_xg,assists,xa,shots,key_passes,yellow_cards,red_cards,xg_chain,xg_buildup,name_sofascore,birth_ts,height,weight,preferred_foot,nationality,position_current,detailed_positions_current,market_value_current,contract_until_ts_current,popularity_score_current,position_standard,position_description,player_age_at_season,country,contract_end_date_current,goals_per_90,xg_per_90,np_goals_per_90,np_xg_per_90,assists_per_90,xa_per_90,shots_per_90,key_passes_per_90,involvement_per_90,finishing_efficiency,np_finishing_efficiency,playmaking_efficiency,shot_conversion,involvement_index,direct_contribution,expected_contribution,offensive_volume,value_per_goal,value_per_xg,value_per_contribution
0,ESP-La Liga,2425,Alaves,Abdelkabir Abqar,4,2024,158,9297,D,29,2489,0,0.8578,0,0.8578,1,0.2381,12,8,13,0,2.9338,2.7138,Abdelkabir Abqar,921024000.0,188,0,Right,Morocco,D,DC,5700000.0,1845936000.0,4075.0,Defender,Defender (generic),25.0,ESP,2028-06-30,0.0,0.031,0.0,0.031,0.036,0.009,0.434,0.289,0.204,0.0,0.0,4.2,0.0,5.648,1,1.096,20,0.0,6644906.0,5700000.0
1,ESP-La Liga,2425,Alaves,Abderrahmane Rebbach,4,2024,158,11825,F M S,8,381,0,0.3279,0,0.3279,0,0.2755,6,6,1,0,1.1502,0.6716,Abderrahman Rebbach,902793600.0,176,0,Right,Algeria,M,LW,1500000.0,1845936000.0,1287.0,Forward,Forward / Winger / Attacking Midfielder,26.0,ESP,2028-06-30,0.0,0.077,0.0,0.077,0.0,0.065,1.417,1.417,0.43,0.0,0.0,0.0,0.0,1.822,0,0.603,12,0.0,4574565.0,0.0
2,ESP-La Liga,2425,Alaves,Adrián Pica,4,2024,158,12718,D S,9,489,0,0.6005,0,0.6005,0,0.0624,4,1,1,0,0.9397,0.9397,Adrián Pica,1019692800.0,190,0,Right,Spain,D,DC,1000000.0,1782777600.0,85.0,Defender,Defender (secondary role / versatile),22.0,ESP,2026-06-30,0.0,0.111,0.0,0.111,0.0,0.011,0.736,0.184,0.346,0.0,0.0,0.0,0.0,1.879,0,0.663,5,0.0,1665279.0,0.0
3,ESP-La Liga,2425,Alaves,Adrián Rodríguez,4,2024,158,10272,GK S,2,120,0,0.0,0,0.0,0,0.0,0,0,1,0,0.0376,0.0376,Adrián Rodríguez,976579200.0,195,0,Right,Argentina,G,GK,185000.0,1782777600.0,226.0,Goalkeeper,Goalkeeper (substitute/secondary),24.0,ESP,2026-06-30,0.0,0.0,0.0,0.0,0.0,0.0,0.0,0.0,0.056,0.0,0.0,0.0,0.0,0.075,0,0.0,0,0.0,0.0,0.0
4,ESP-La Liga,2425,Alaves,Aleksander Sedlar,4,2024,158,7845,D S,9,599,0,0.0179,0,0.0179,0,0.0,1,0,1,1,0.1696,0.1696,Aleksandar Sedlar,692582400.0,180,79,Right,Serbia,D,DC,260000.0,1782777600.0,219.0,Defender,Defender (secondary role / versatile),33.0,ESP,2026-06-30,0.0,0.003,0.0,0.003,0.0,0.0,0.15,0.0,0.051,0.0,0.0,0.0,0.0,0.339,0,0.018,1,0.0,14525140.0,0.0
5,ESP-La Liga,2425,Alaves,Ander Guevara,4,2024,158,6126,M S,33,1969,0,0.9672,0,0.9672,1,0.6741,12,12,3,0,3.6553,2.1134,Ander Guevara,868233600.0,180,0,Right,Spain,M,"MC, DM",3200000.0,1814313600.0,302.0,Midfielder,Midfielder (secondary/attacking),27.0,ESP,2027-06-30,0.0,0.044,0.0,0.044,0.046,0.031,0.549,0.549,0.264,0.0,0.0,1.483,0.0,5.769,1,1.641,24,0.0,3308519.0,3200000.0
6,ESP-La Liga,2425,Alaves,Antonio Blanco,4,2024,158,9280,M S,35,2755,0,0.7065,0,0.7065,1,1.739,25,14,10,1,6.0476,4.1383,Antonio Blanco,964310400.0,176,0,Right,Spain,M,"MC, DM",9700000.0,1814313600.0,1644.0,Midfielder,Midfielder (secondary/attacking),24.0,ESP,2027-06-30,0.0,0.023,0.0,0.023,0.033,0.057,0.817,0.457,0.333,0.0,0.0,0.575,0.0,10.186,1,2.446,39,0.0,13729653.0,9700000.0
7,ESP-La Liga,2425,Alaves,Antonio Martínez,4,2024,158,6400,F S,28,965,4,3.8184,4,3.8184,0,0.6797,44,12,1,0,4.9435,1.5181,José Antonio Martinez,729475200.0,189,80,Left,Spain,D,DC,0.0,0.0,39.0,Forward,Striker / Centre Forward,31.0,ESP,0,0.373,0.356,0.373,0.356,0.0,0.063,4.104,1.119,0.603,1.048,1.048,0.0,0.091,6.462,4,4.498,56,0.0,0.0,0.0
8,ESP-La Liga,2425,Alaves,Antonio Sivera,4,2024,158,6075,GK,32,2817,0,0.0,0,0.0,0,0.0351,0,1,6,1,0.7445,0.7094,Antonio Sivera,839721600.0,184,75,Right,Spain,G,GK,5600000.0,1814313600.0,575.0,Goalkeeper,Goalkeeper (starter),28.0,ESP,2027-06-30,0.0,0.0,0.0,0.0,0.0,0.001,0.0,0.032,0.046,0.0,0.0,0.0,0.0,1.454,0,0.035,1,0.0,0.0,0.0
9,ESP-La Liga,2425,Alaves,Asier Villalibre,4,2024,158,5173,F S,16,298,1,1.7566,0,1.0134,1,0.945,9,1,2,0,1.7317,0.2003,Asier Villalibre,875577600.0,183,80,Left,Spain,F,ST,2100000.0,1782777600.0,805.0,Forward,Striker / Centre Forward,27.0,ESP,2026-06-30,0.302,0.531,0.0,0.306,0.302,0.285,2.718,0.302,0.583,0.569,0.0,1.058,0.111,1.932,2,2.702,10,2100000.0,1195491.0,1050000.0
10,ESP-La Liga,2425,Alaves,Carles Aleñá,4,2024,158,5058,M S,24,1568,0,1.2464,0,1.2464,2,2.0682,20,23,2,0,3.5256,1.1927,Carles Aleñá,883958400.0,180,73,Left,Spain,M,"MC, ML",2800000.0,1877472000.0,1594.0,Midfielder,Midfielder (secondary/attacking),26.0,ESP,2029-06-30,0.0,0.072,0.0,0.072,0.115,0.119,1.148,1.32,0.271,0.0,0.0,0.967,0.0,4.718,2,3.315,43,0.0,2246470.0,1400000.0
11,ESP-La Liga,2425,Alaves,Carlos Benavídez,4,2024,158,11826,M S,18,456,1,0.2042,1,0.2042,1,0.6427,5,3,2,0,1.6227,1.0933,Carlos Benavídez,891216000.0,185,76,Right,Uruguay,M,"MC, DM",960000.0,1782777600.0,379.0,Midfielder,Midfielder (secondary/attacking),26.0,ESP,2026-06-30,0.197,0.04,0.197,0.04,0.197,0.127,0.987,0.592,0.536,4.897,4.897,1.556,0.2,2.716,2,0.847,8,960000.0,4701273.0,480000.0
12,ESP-La Liga,2425,Alaves,Carlos Martín,4,2024,158,10101,F M S,26,1367,2,2.4801,2,2.4801,2,2.588,26,12,3,0,4.013,1.1108,Carlos Martín,1019433600.0,182,0,Right,Spain,F,ST,2600000.0,0.0,1207.0,Forward,Forward / Winger / Attacking Midfielder,22.0,ESP,0,0.132,0.163,0.132,0.163,0.132,0.17,1.712,0.79,0.337,0.806,0.806,0.773,0.077,5.124,4,5.068,38,1300000.0,1048345.0,650000.0
13,ESP-La Liga,2425,Alaves,Carlos Vicente,4,2024,158,12294,D F M S,37,3114,5,3.1392,4,2.396,5,6.4243,37,62,3,0,8.2503,2.715,Carlos Vicente,924825600.0,179,0,Right,Spain,M,"RW, MR",7400000.0,1877472000.0,1950.0,Defender,Defender / versatile (can play Midfield/Forward),25.0,ESP,2029-06-30,0.145,0.091,0.116,0.069,0.145,0.186,1.069,1.792,0.317,1.593,1.669,0.778,0.135,10.965,10,9.564,99,1480000.0,2357288.0,740000.0
14,ESP-La Liga,2425,Alaves,Facundo Garcés,4,2024,158,13319,D S,10,670,0,0.1138,0,0.1138,0,0.7587,5,3,2,0,0.1813,0.0454,Facundo Garcés,936489600.0,191,82,Right,Argentina,D,DC,1100000.0,1845936000.0,1988.0,Defender,Defender (secondary role / versatile),25.0,ESP,2028-06-30,0.0,0.015,0.0,0.015,0.0,0.102,0.672,0.403,0.03,0.0,0.0,0.0,0.0,0.227,0,0.872,8,0.0,9666081.0,0.0
15,ESP-La Liga,2425,Alaves,Hugo Novoa Ramos,4,2024,158,9293,D M S,5,217,0,0.5965,0,0.5965,0,0.1158,1,2,0,0,1.4536,0.8572,0,0.0,0,0,0,0,0,0,0.0,0.0,0.0,Defender,Defender / Defensive Midfielder,0.0,ESP,0,0.0,0.247,0.0,0.247,0.0,0.048,0.415,0.829,0.958,0.0,0.0,0.0,0.0,2.311,0,0.712,3,0.0,0.0,0.0
16,ESP-La Liga,2425,Alaves,Jesús Owono,4,2024,158,10010,GK S,6,482,0,0.0,0,0.0,0,0.0,0,0,0,0,0.0645,0.0645,Jesús Owono,983404800.0,183,67,Both,Equatorial Guinea,G,GK,935000.0,1782777600.0,421.0,Goalkeeper,Goalkeeper (substitute/secondary),23.0,ESP,2026-06-30,0.0,0.0,0.0,0.0,0.0,0.0,0.0,0.0,0.024,0.0,0.0,0.0,0.0,0.129,0,0.0,0,0.0,0.0,0.0
17,ESP-La Liga,2425,Alaves,Joan Jordán,4,2024,158,2122,M S,25,1397,5,4.2785,2,1.3054,2,2.1695,17,30,4,0,4.5239,3.4169,Joan Jordán,773452800.0,184,74,Right,Spain,M,"MC, DM",1900000.0,1814313600.0,734.0,Midfielder,Midfielder (secondary/attacking),30.0,ESP,2027-06-30,0.322,0.276,0.129,0.084,0.129,0.14,1.095,1.933,0.512,1.169,1.532,0.922,0.294,7.941,7,6.448,47,380000.0,444081.0,271429.0
18,ESP-La Liga,2425,Alaves,Jon Guridi,4,2024,158,5179,F M S,33,2149,3,4.3416,2,3.5983,1,1.1421,24,17,6,0,5.9515,2.3872,Jon Guridi,793929600.0,179,64,Left,Spain,M,"AM, MC",2400000.0,1782777600.0,318.0,Forward,Forward / Winger / Attacking Midfielder,29.0,ESP,2026-06-30,0.126,0.182,0.084,0.151,0.042,0.048,1.005,0.712,0.349,0.691,0.556,0.876,0.125,8.339,4,5.484,41,800000.0,552792.0,600000.0
19,ESP-La Liga,2425,Alaves,Kike García,4,2024,158,5074,F S,35,2571,13,10.7127,10,8.4828,0,0.7632,63,13,3,1,9.772,2.0982,Kike García,627955200.0,186,79,Right,Spain,F,ST,825000.0,1814313600.0,1090.0,Forward,Striker / Centre Forward,35.0,ESP,2027-06-30,0.455,0.375,0.35,0.297,0.0,0.027,2.205,0.455,0.416,1.214,1.179,0.0,0.206,11.87,13,11.476,76,63462.0,77011.0,63462.0
20,ESP-La Liga,2425,Alaves,Luis Rioja,4,2024,158,7870,D M S,37,2898,4,3.9542,2,2.4676,3,4.4795,30,35,6,0,9.8467,5.419,Luis Rioja,750729600.0,173,0,Left,Spain,M,"LW, MR",2100000.0,1814313600.0,847.0,Defender,Defender / Defensive Midfielder,31.0,ESP,2027-06-30,0.124,0.123,0.062,0.077,0.093,0.139,0.932,1.087,0.474,1.012,0.811,0.67,0.133,15.266,7,8.434,65,525000.0,531081.0,300000.0
21,ESP-La Liga,2425,Alaves,Luka Romero,4,2024,158,8429,F M S,6,201,0,0.7707,0,0.0274,0,0.2664,2,4,0,0,0.5439,0.3109,Luka Romero,1100736000.0,169,0,Left,Argentina,F,RW,3400000.0,1909008000.0,4684.0,Forward,Forward / Winger / Attacking Midfielder,20.0,ESP,2030-06-30,0.0,0.345,0.0,0.012,0.0,0.119,0.896,1.791,0.383,0.0,0.0,0.0,0.0,0.855,0,1.037,6,0.0,4411574.0,0.0
22,ESP-La Liga,2425,Alaves,Manuel Sánchez,4,2024,158,7605,D S,33,2651,1,1.6078,1,1.6078,0,1.1836,12,16,6,1,4.6705,2.4905,Manuel Sánchez,966988800.0,179,0,Left,Spain,D,DL,6400000.0,1782777600.0,667.0,Defender,Defender (secondary role / versatile),24.0,ESP,2026-06-30,0.034,0.055,0.034,0.055,0.0,0.04,0.407,0.543,0.243,0.622,0.622,0.0,0.083,7.161,1,2.791,28,6400000.0,3980595.0,6400000.0
23,ESP-La Liga,2425,Alaves,Moussa Diarra,4,2024,158,7613,D S,26,1855,0,0.0248,0,0.0248,0,0.1713,1,4,6,0,3.6808,3.5504,Moussa Diarra,973814400.0,183,0,Left,Mali,D,"DL, DC",1400000.0,1782777600.0,805.0,Defender,Defender (secondary role / versatile),24.0,ESP,2026-06-30,0.0,0.001,0.0,0.001,0.0,0.008,0.049,0.194,0.351,0.0,0.0,0.0,0.0,7.231,0,0.196,5,0.0,56451613.0,0.0
24,ESP-La Liga,2425,Alaves,Nahuel Tenaglia,4,2024,158,10364,D S,34,2930,2,2.7426,2,2.7426,1,1.9291,27,19,11,0,5.4486,3.427,Nahuel Tenaglia,824860800.0,182,71,Right,Argentina,D,"DR, DC",3200000.0,1877472000.0,1017.0,Defender,Defender (secondary role / versatile),28.0,ESP,2029-06-30,0.061,0.084,0.061,0.084,0.031,0.059,0.829,0.584,0.273,0.729,0.729,0.518,0.074,8.876,3,4.672,46,1600000.0,1166776.0,1066667.0
25,ESP-La Liga,2425,Alaves,Pau Cabanes De La Torre,4,2024,158,13036,M S,16,311,1,0.6065,1,0.6065,0,0.6185,6,5,1,0,2.4723,1.2864,0,0.0,0,0,0,0,0,0,0.0,0.0,0.0,Midfielder,Midfielder (secondary/attacking),0.0,ESP,0,0.289,0.176,0.289,0.176,0.0,0.179,1.736,1.447,1.088,1.649,1.649,0.0,0.167,3.759,1,1.225,11,0.0,0.0,0.0
26,ESP-La Liga,2425,Alaves,Santiago Mouriño,4,2024,158,13003,D S,25,1827,0,1.0117,0,1.0117,1,0.9487,13,7,7,0,2.9373,2.2298,Santiago Mouriño,1013558400.0,186,76,Right,Uruguay,D,"DC, DR",9700000.0,1909008000.0,2655.0,Defender,Defender (secondary role / versatile),22.0,ESP,2030-06-30,0.0,0.05,0.0,0.05,0.049,0.047,0.64,0.345,0.255,0.0,0.0,1.054,0.0,5.167,1,1.96,20,0.0,9587822.0,9700000.0
27,ESP-La Liga,2425,Alaves,Stoichkov,4,2024,158,12717,F M S,16,675,0,1.1945,0,1.1945,1,1.0295,18,7,1,0,4.2825,2.8464,Stoichkov,752457600.0,178,0,Right,Spain,F,"LW, ST, AM",870000.0,1782777600.0,372.0,Forward,Forward / Winger / Attacking Midfielder,31.0,ESP,2026-06-30,0.0,0.159,0.0,0.159,0.133,0.137,2.4,0.933,0.951,0.0,0.0,0.971,0.0,7.129,1,2.224,25,0.0,728338.0,870000.0
28,ESP-La Liga,2425,Alaves,Tomás Conechny,4,2024,158,12716,F M S,22,837,1,3.4765,1,3.4765,0,0.3463,22,7,8,0,4.2504,1.1428,Tomás Conechny,891216000.0,170,65,Left,Argentina,F,LW,2000000.0,1893369600.0,501.0,Forward,Forward / Winger / Attacking Midfielder,26.0,ESP,2029-12-31,0.108,0.374,0.108,0.374,0.0,0.037,2.366,0.753,0.58,0.288,0.288,0.0,0.045,5.393,1,3.823,29,2000000.0,575291.0,2000000.0
29,ESP-La Liga,2425,Athletic Club,Adama Boiro,4,2024,147,12724,D M S,18,1120,0,0.3872,0,0.3872,0,0.4126,5,5,3,0,1.2153,0.711,Adama Boiro,1024704000.0,182,0,Left,Spain,D,DL,2800000.0,1877472000.0,2320.0,Defender,Defender / Defensive Midfielder,22.0,ESP,2029-06-30,0.0,0.031,0.0,0.031,0.0,0.033,0.402,0.402,0.155,0.0,0.0,0.0,0.0,1.926,0,0.8,10,0.0,7231405.0,0.0
30,ESP-La Liga,2425,Athletic Club,Aingeru Olabarrieta,4,2024,147,12262,M,1,56,0,0.0,0,0.0,0,0.0,0,0,0,0,0.0,0.0,Aingeru Olabarrieta,1131926400.0,182,0,Left,Spain,M,RW,855000.0,1782777600.0,207.0,Midfielder,Midfielder (central),19.0,ESP,2026-06-30,0.0,0.0,0.0,0.0,0.0,0.0,0.0,0.0,0.0,0.0,0.0,0.0,0.0,0.0,0,0.0,0,0.0,0.0,0.0
31,ESP-La Liga,2425,Athletic Club,Aitor Paredes,4,2024,147,8948,D S,23,1828,3,2.4921,3,2.4921,0,0.0572,6,2,2,1,6.0654,6.0082,Aitor Paredes,956966400.0,186,0,Right,Spain,D,DC,17100000.0,1877472000.0,1119.0,Defender,Defender (secondary role / versatile),24.0,ESP,2029-06-30,0.148,0.123,0.148,0.123,0.0,0.003,0.295,0.098,0.594,1.204,1.204,0.0,0.5,12.074,3,2.549,8,5700000.0,6861683.0,5700000.0
32,ESP-La Liga,2425,Athletic Club,Alex Berenguer,4,2024,147,5091,F M S,36,2381,6,7.4801,6,6.7369,7,6.046,52,48,4,0,15.5762,6.6668,Álex Berenguer,804816000.0,175,70,Right,Spain,M,"LW, RW",5200000.0,1814313600.0,1946.0,Forward,Forward / Winger / Attacking Midfielder,29.0,ESP,2027-06-30,0.227,0.283,0.227,0.255,0.265,0.229,1.966,1.814,0.841,0.802,0.891,1.158,0.115,22.243,13,13.526,100,866667.0,695178.0,400000.0
33,ESP-La Liga,2425,Athletic Club,Ander Herrera,4,2024,147,552,M S,8,254,0,1.9449,0,1.2016,0,0.1074,8,2,2,0,1.8971,0.7112,Ander Herrera,619056000.0,182,0,Right,Spain,M,"MC, DM",460000.0,0.0,3043.0,Midfielder,Midfielder (secondary/attacking),35.0,ESP,0,0.0,0.689,0.0,0.426,0.0,0.038,2.835,0.709,0.924,0.0,0.0,0.0,0.0,2.608,0,2.052,10,0.0,236516.0,0.0
34,ESP-La Liga,2425,Athletic Club,Andoni Gorosabel,4,2024,147,6325,D S,20,1508,0,0.2851,0,0.2851,2,2.3711,2,15,5,0,5.0647,3.4155,Andoni Gorosabel,839116800.0,174,0,Right,Spain,D,DR,3900000.0,1845936000.0,529.0,Defender,Defender (secondary role / versatile),28.0,ESP,2028-06-30,0.0,0.017,0.0,0.017,0.119,0.142,0.119,0.895,0.506,0.0,0.0,0.843,0.0,8.48,2,2.656,17,0.0,13679411.0,1950000.0
35,ESP-La Liga,2425,Athletic Club,Beñat Prados,4,2024,147,9505,M S,30,1736,1,0.9114,1,0.9114,0,1.0893,16,10,7,0,8.1864,6.9954,Beñat Prados,981590400.0,179,0,Right,Spain,M,"MC, DM",18500000.0,1940544000.0,610.0,Midfielder,Midfielder (secondary/attacking),23.0,ESP,2031-06-30,0.052,0.047,0.052,0.047,0.0,0.056,0.829,0.518,0.787,1.097,1.097,0.0,0.062,15.182,1,2.001,26,18500000.0,20298442.0,18500000.0
36,ESP-La Liga,2425,Athletic Club,Dani Vivian,4,2024,147,6766,D S,32,2590,4,2.3004,4,2.3004,0,0.6736,19,10,3,0,10.3297,9.0526,Daniel Vivian,931132800.0,183,0,Right,Spain,D,DC,27000000.0,1972166400.0,3148.0,Defender,Defender (secondary role / versatile),25.0,ESP,2032-06-30,0.139,0.08,0.139,0.08,0.0,0.023,0.66,0.347,0.674,1.739,1.739,0.0,0.211,19.382,4,2.974,29,6750000.0,11737089.0,6750000.0
37,ESP-La Liga,2425,Athletic Club,De Marcos,4,2024,147,2452,D S,26,1554,0,1.1588,0,1.1588,4,2.8565,8,19,0,0,10.7734,8.1316,Óscar de Marcos,608515200.0,180,78,Right,Spain,D,DR,0.0,0.0,538.0,Defender,Defender (secondary role / versatile),35.0,ESP,0,0.0,0.067,0.0,0.067,0.232,0.165,0.463,1.1,1.095,0.0,0.0,1.4,0.0,18.905,4,4.015,27,0.0,0.0,0.0
38,ESP-La Liga,2425,Athletic Club,Endika Bujan,4,2024,147,13431,S,1,2,0,0.0,0,0.0,0,0.0,0,0,0,0,0.0,0.0,Endika Buján,1042675200.0,170,0,Left,Spain,M,RW,285000.0,1782777600.0,43.0,Forward,Striker,21.0,ESP,2026-06-30,0.0,0.0,0.0,0.0,0.0,0.0,0.0,0.0,0.0,0.0,0.0,0.0,0.0,0.0,0,0.0,0,0.0,0.0,0.0
39,ESP-La Liga,2425,Athletic Club,Gorka Guruzeta,4,2024,147,7020,F M S,36,1856,7,6.7893,7,6.7893,2,1.4514,59,15,2,0,9.1894,2.0571,Gorka Guruzeta,842486400.0,188,0,Right,Spain,F,ST,4600000.0,1845936000.0,2643.0,Forward,Forward / Winger / Attacking Midfielder,28.0,ESP,2028-06-30,0.339,0.329,0.339,0.329,0.097,0.07,2.861,0.727,0.545,1.031,1.031,1.378,0.119,11.246,9,8.241,74,657143.0,677537.0,511111.0
40,ESP-La Liga,2425,Athletic Club,Inigo Ruiz de Galarreta,4,2024,147,9755,M S,26,1502,0,0.3707,0,0.3707,4,3.4691,11,28,5,0,8.6721,7.6161,Iñigo Ruiz de Galarreta,744595200.0,174,64,Right,Spain,M,"MC, DM",2300000.0,1814313600.0,962.0,Midfielder,Midfielder (secondary/attacking),31.0,ESP,2027-06-30,0.0,0.022,0.0,0.022,0.24,0.208,0.659,1.678,0.976,0.0,0.0,1.153,0.0,16.288,4,3.84,39,0.0,6204478.0,575000.0
41,ESP-La Liga,2425,Athletic Club,Iñaki Williams,4,2024,147,2399,F M S,35,2659,6,10.1598,6,10.1598,8,8.7887,63,43,1,0,21.1083,8.1647,Iñaki Williams,771638400.0,186,76,Right,Ghana,M,RW,9100000.0,1845936000.0,19961.0,Forward,Forward / Winger / Attacking Midfielder,30.0,ESP,2028-06-30,0.203,0.344,0.203,0.344,0.271,0.297,2.132,1.455,0.991,0.591,0.591,0.91,0.095,29.273,14,18.949,106,1516667.0,895687.0,650000.0
42,ESP-La Liga,2425,Athletic Club,Javier Martón,4,2024,147,11761,S,3,43,0,0.0,0,0.0,0,0.0,0,0,1,0,0.4476,0.4476,Javier Martón,925948800.0,180,0,Right,Spain,F,ST,720000.0,1845936000.0,259.0,Forward,Striker,25.0,ESP,2028-06-30,0.0,0.0,0.0,0.0,0.0,0.0,0.0,0.0,1.874,0.0,0.0,0.0,0.0,0.895,0,0.0,0,0.0,0.0,0.0
43,ESP-La Liga,2425,Athletic Club,Julen Agirrezabala,4,2024,147,9824,GK,14,1212,0,0.0,0,0.0,0,0.0,0,0,1,1,3.1538,3.1538,Julen Agirrezabala,977788800.0,187,0,Left,Spain,G,GK,16300000.0,1782777600.0,1082.0,Goalkeeper,Goalkeeper (starter),24.0,ESP,2026-06-30,0.0,0.0,0.0,0.0,0.0,0.0,0.0,0.0,0.468,0.0,0.0,0.0,0.0,6.308,0,0.0,0,0.0,0.0,0.0
44,ESP-La Liga,2425,Athletic Club,Malcom Adu,4,2024,147,10981,S,1,12,0,0.0,0,0.0,0,0.0,0,0,0,0,0.0,0.0,Jackson Malcolm,0.0,198,108,0,0,TE,,0.0,0.0,0.0,Forward,Striker,0.0,ESP,0,0.0,0.0,0.0,0.0,0.0,0.0,0.0,0.0,0.0,0.0,0.0,0.0,0.0,0.0,0,0.0,0,0.0,0.0,0.0
45,ESP-La Liga,2425,Athletic Club,Maroan Sannadi,4,2024,147,13417,F S,16,743,1,3.2526,1,3.2526,1,1.2053,19,7,0,0,5.1391,1.5043,Maroan Sannadi,980985600.0,192,85,Right,Morocco,F,ST,4700000.0,1877472000.0,5294.0,Forward,Striker / Centre Forward,23.0,ESP,2029-06-30,0.121,0.394,0.121,0.394,0.121,0.146,2.301,0.848,0.805,0.307,0.307,0.83,0.053,6.643,2,4.458,26,4700000.0,1444998.0,2350000.0
46,ESP-La Liga,2425,Athletic Club,Mikel Jauregizar,4,2024,147,12263,M S,34,2244,2,1.0411,2,1.0411,1,1.5973,21,24,4,1,10.4483,8.6382,Mikel Jauregizar,1068681600.0,177,0,Right,Spain,M,"MC, DM",31000000.0,1940544000.0,1786.0,Midfielder,Midfielder (secondary/attacking),21.0,ESP,2031-06-30,0.08,0.042,0.08,0.042,0.04,0.064,0.842,0.963,0.766,1.921,1.921,0.626,0.095,19.086,3,2.638,45,15500000.0,29776198.0,10333333.0
47,ESP-La Liga,2425,Athletic Club,Mikel Vesga,4,2024,147,5077,M S,25,977,0,1.2419,0,0.4986,0,1.0357,6,12,1,0,4.318,2.9511,Mikel Vesga,734227200.0,191,84,Left,Spain,M,"MC, DM",1400000.0,1814313600.0,501.0,Midfielder,Midfielder (secondary/attacking),31.0,ESP,2027-06-30,0.0,0.114,0.0,0.046,0.0,0.095,0.553,1.105,0.67,0.0,0.0,0.0,0.0,7.269,0,2.278,18,0.0,1127305.0,0.0
48,ESP-La Liga,2425,Athletic Club,Nico Williams,4,2024,147,9211,M S,29,1994,5,4.597,5,4.597,5,4.1709,55,40,1,0,13.329,6.3409,Nico Williams,1026432000.0,180,0,Right,Spain,M,LW,65000000.0,2066774400.0,84009.0,Midfielder,Midfielder (secondary/attacking),22.0,ESP,2035-06-30,0.226,0.207,0.226,0.207,0.226,0.188,2.482,1.805,0.888,1.088,1.088,1.199,0.091,19.67,10,8.768,95,13000000.0,14139656.0,6500000.0
49,ESP-La Liga,2425,Athletic Club,Nicolás Serrano,4,2024,147,9825,M S,4,107,0,0.1887,0,0.1887,0,0.0154,5,1,0,0,1.5474,1.3516,Nicolas Serrano Iniguez,0.0,0,0,0,0,0,,0.0,0.0,0.0,Midfielder,Midfielder (secondary/attacking),0.0,ESP,0,0.0,0.159,0.0,0.159,0.0,0.013,4.206,0.841,2.438,0.0,0.0,0.0,0.0,2.899,0,0.204,6,0.0,0.0,0.0
50,ESP-La Liga,2425,Athletic Club,Oihan Sancet,4,2024,147,7779,F M S,29,1645,15,10.459,12,8.2292,1,1.8578,50,21,3,0,12.2467,4.2306,Oihan Sancet,956620800.0,188,0,Right,Spain,M,AM,39000000.0,1972166400.0,3386.0,Forward,Forward / Winger / Attacking Midfielder,24.0,ESP,2032-06-30,0.821,0.572,0.657,0.45,0.055,0.102,2.736,1.149,0.901,1.434,1.458,0.538,0.3,16.477,16,12.317,71,2600000.0,3728846.0,2437500.0
51,ESP-La Liga,2425,Athletic Club,Peio Canales,4,2024,147,13123,M S,8,247,0,0.1972,0,0.1972,0,0.4888,3,6,0,0,0.781,0.5443,Peio Canales,1105920000.0,175,0,Right,Spain,M,"AM, MC",4900000.0,1782777600.0,412.0,Midfielder,Midfielder (secondary/attacking),19.0,ESP,2026-06-30,0.0,0.072,0.0,0.072,0.0,0.178,1.093,2.186,0.483,0.0,0.0,0.0,0.0,1.325,0,0.686,9,0.0,24847870.0,0.0
52,ESP-La Liga,2425,Athletic Club,Unai Gómez,4,2024,147,11531,D F M S,32,1267,1,2.7853,1,2.7853,3,1.0151,19,10,1,0,4.8066,1.632,Unai Gómez,1053820800.0,183,0,Left,Spain,M,"AM, MC",5200000.0,1845936000.0,813.0,Defender,Defender / versatile (can play Midfield/Forward),21.0,ESP,2028-06-30,0.071,0.198,0.071,0.198,0.213,0.072,1.35,0.71,0.457,0.359,0.359,2.955,0.053,6.439,4,3.8,29,5200000.0,1866944.0,1300000.0
53,ESP-La Liga,2425,Athletic Club,Unai Núñez,4,2024,147,6149,D S,10,643,0,0.4945,0,0.4945,0,0.0259,1,1,4,0,2.7447,2.7187,Unai Núñez,854582400.0,186,81,Right,Spain,D,"DC, DR",3300000.0,1782777600.0,795.0,Defender,Defender (secondary role / versatile),27.0,ESP,2026-06-30,0.0,0.069,0.0,0.069,0.0,0.004,0.14,0.14,0.765,0.0,0.0,0.0,0.0,5.463,0,0.52,2,0.0,6673407.0,0.0
54,ESP-La Liga,2425,Athletic Club,Unai Simón,4,2024,147,5185,GK,21,1890,0,0.0,0,0.0,0,0.0,0,0,0,0,1.3606,1.3606,Unai Simón,865987200.0,189,86,Right,Spain,G,GK,24000000.0,1877472000.0,6870.0,Goalkeeper,Goalkeeper (starter),27.0,ESP,2029-06-30,0.0,0.0,0.0,0.0,0.0,0.0,0.0,0.0,0.13,0.0,0.0,0.0,0.0,2.721,0,0.0,0,0.0,0.0,0.0
55,ESP-La Liga,2425,Athletic Club,Yeray Álvarez,4,2024,147,5062,D S,21,1784,1,0.6109,1,0.6109,0,0.4751,9,4,4,0,4.3349,4.2971,Yeray Álvarez,790905600.0,183,78,Right,Spain,D,DC,1000000.0,1782777600.0,814.0,Defender,Defender (secondary role / versatile),29.0,ESP,2026-06-30,0.05,0.031,0.05,0.031,0.0,0.024,0.454,0.202,0.435,1.637,1.637,0.0,0.111,8.632,1,1.086,13,1000000.0,1636929.0,1000000.0
56,ESP-La Liga,2425,Athletic Club,Yuri,4,2024,147,2229,D S,30,2027,0,0.5943,0,0.5943,2,1.9303,16,18,5,0,9.6992,8.0405,Yuri Alberto,984873600.0,183,77,Right,Brazil,F,ST,23000000.0,1909008000.0,44725.0,Defender,Defender (secondary role / versatile),23.0,ESP,2030-06-30,0.0,0.026,0.0,0.026,0.089,0.086,0.71,0.799,0.788,0.0,0.0,1.036,0.0,17.74,2,2.525,34,0.0,38700993.0,11500000.0
57,ESP-La Liga,2425,Athletic Club,Álex Padilla,4,2024,147,12227,GK S,5,315,0,0.0,0,0.0,0,0.0,0,0,0,0,0.5065,0.5065,Alex Padilla,1062374400.0,190,0,Right,Mexico,G,GK,3100000.0,1877472000.0,1480.0,Goalkeeper,Goalkeeper (substitute/secondary),21.0,ESP,2029-06-30,0.0,0.0,0.0,0.0,0.0,0.0,0.0,0.0,0.289,0.0,0.0,0.0,0.0,1.013,0,0.0,0,0.0,0.0,0.0
58,ESP-La Liga,2425,Athletic Club,Álvaro Djaló,4,2024,147,13001,F M S,17,637,1,0.9032,1,0.9032,0,1.0898,15,4,2,0,3.1041,1.203,Álvaro Djaló,934761600.0,176,0,Right,Guinea-Bissau,F,RW,4900000.0,1782777600.0,1139.0,Forward,Forward / Winger / Attacking Midfielder,25.0,ESP,2026-06-30,0.141,0.128,0.141,0.128,0.0,0.154,2.119,0.565,0.609,1.107,1.107,0.0,0.067,4.307,1,1.993,19,4900000.0,5425155.0,4900000.0
59,ESP-La Liga,2425,Athletic Club,Íñigo Lekue,4,2024,147,2403,D S,16,757,0,0.1394,0,0.1394,0,0.5742,2,8,1,0,2.3115,1.7287,Íñigo Lekue,736473600.0,180,73,Right,Spain,D,"DR, DL",1100000.0,1782777600.0,393.0,Defender,Defender (secondary role / versatile),31.0,ESP,2026-06-30,0.0,0.017,0.0,0.017,0.0,0.068,0.238,0.951,0.48,0.0,0.0,0.0,0.0,4.04,0,0.714,10,0.0,7890961.0,0.0
60,ESP-La Liga,2425,Atletico Madrid,Adrián Niño,4,2024,143,12115,S,1,10,0,0.1588,0,0.1588,0,0.0,2,0,0,0,0.1588,0.0,Adrián Niño,1087603200.0,186,0,Right,Spain,F,ST,930000.0,1877472000.0,360.0,Forward,Striker,20.0,ESP,2029-06-30,0.0,1.429,0.0,1.429,0.0,0.0,18.0,0.0,1.429,0.0,0.0,0.0,0.0,0.159,0,0.159,2,0.0,5856423.0,0.0
61,ESP-La Liga,2425,Atletico Madrid,Alexander Sørloth,4,2024,143,6531,F S,35,1525,20,20.4548,19,19.7116,2,1.3046,79,13,4,0,21.5367,2.148,Alexander Sørloth,818121600.0,195,90,Left,Norway,F,ST,21000000.0,1845936000.0,23117.0,Forward,Striker / Centre Forward,29.0,ESP,2028-06-30,1.18,1.207,1.121,1.163,0.118,0.077,4.662,0.767,1.398,0.978,0.964,1.533,0.253,23.685,22,21.759,92,1050000.0,1026654.0,954545.0
62,ESP-La Liga,2425,Atletico Madrid,Antoine Griezmann,4,2024,143,2270,F M S,38,2514,8,8.4138,7,6.9273,7,8.1163,50,48,2,0,19.79,9.1806,Antoine Griezmann,669513600.0,176,71,Left,France,F,ST,10400000.0,1814313600.0,97180.0,Forward,Forward / Winger / Attacking Midfielder,33.0,ESP,2027-06-30,0.286,0.301,0.251,0.248,0.251,0.291,1.79,1.718,1.037,0.951,1.01,0.862,0.16,28.971,15,16.53,98,1300000.0,1236065.0,693333.0
63,ESP-La Liga,2425,Atletico Madrid,Axel Witsel,4,2024,143,3059,D S,14,845,0,0.0611,0,0.0611,1,0.8425,1,2,1,0,3.8915,3.0491,Axel Witsel,600566400.0,186,73,Right,Belgium,M,DC,1500000.0,1782777600.0,9723.0,Defender,Defender (secondary role / versatile),35.0,ESP,2026-06-30,0.0,0.007,0.0,0.007,0.107,0.09,0.107,0.213,0.739,0.0,0.0,1.187,0.0,6.941,1,0.904,3,0.0,24549918.0,1500000.0
64,ESP-La Liga,2425,Atletico Madrid,Clement Lenglet,4,2024,143,5050,D,23,1987,2,2.1961,2,2.1961,1,0.9538,10,5,9,0,11.5442,11.4822,Clément Lenglet,803347200.0,186,81,Left,France,D,DC,6200000.0,1845936000.0,7949.0,Defender,Defender (generic),29.0,ESP,2028-06-30,0.091,0.099,0.091,0.099,0.045,0.043,0.453,0.226,1.043,0.911,0.911,1.048,0.2,23.026,3,3.15,15,3100000.0,2823187.0,2066667.0
65,ESP-La Liga,2425,Atletico Madrid,Conor Gallagher,4,2024,143,9040,M S,32,1637,3,3.0008,3,3.0008,3,1.3112,23,12,2,0,7.897,4.4436,Conor Gallagher,949795200.0,182,0,Right,England,M,"MC, DM, AM",34000000.0,1940544000.0,16208.0,Midfielder,Midfielder (secondary/attacking),24.0,ESP,2031-06-30,0.165,0.165,0.165,0.165,0.165,0.072,1.265,0.66,0.678,1.0,1.0,2.288,0.13,12.341,6,4.312,35,11333333.0,11330312.0,5666667.0
66,ESP-La Liga,2425,Atletico Madrid,César Azpilicueta,4,2024,143,681,D S,14,881,1,0.1825,1,0.1825,0,0.0877,5,3,0,0,3.885,3.7627,César Azpilicueta,620265600.0,178,78,Right,Spain,D,"DR, DC",1100000.0,1782777600.0,4594.0,Defender,Defender (secondary role / versatile),35.0,ESP,2026-06-30,0.102,0.019,0.102,0.019,0.0,0.009,0.511,0.306,0.781,5.479,5.479,0.0,0.2,7.648,1,0.27,8,1100000.0,6027397.0,1100000.0
67,ESP-La Liga,2425,Atletico Madrid,Giménez,4,2024,143,2278,D S,27,1984,0,0.4645,0,0.4645,1,0.3644,5,2,3,0,8.4422,8.0778,Santiago Giménez,987552000.0,182,0,Left,Mexico,F,ST,21000000.0,1877472000.0,32303.0,Defender,Defender (secondary role / versatile),23.0,ESP,2029-06-30,0.0,0.021,0.0,0.021,0.045,0.017,0.227,0.091,0.749,0.0,0.0,2.744,0.0,16.52,1,0.829,7,0.0,45209903.0,21000000.0
68,ESP-La Liga,2425,Atletico Madrid,Giuliano Simeone,4,2024,143,9796,F M S,33,1988,2,3.0015,2,3.0015,6,7.1847,22,24,4,0,16.636,8.7256,Giuliano Simeone,1040169600.0,178,0,Right,Argentina,M,MR,44000000.0,1909008000.0,16473.0,Forward,Forward / Winger / Attacking Midfielder,22.0,ESP,2030-06-30,0.091,0.136,0.091,0.136,0.272,0.325,0.996,1.087,1.148,0.666,0.666,0.835,0.091,25.362,8,10.186,46,22000000.0,14659337.0,5500000.0
69,ESP-La Liga,2425,Atletico Madrid,Jan Oblak,4,2024,143,2261,GK,36,3240,0,0.0,0,0.0,0,0.0,0,0,0,0,5.668,5.668,Jan Oblak,726364800.0,189,84,Right,Slovenia,G,GK,18100000.0,1845936000.0,12537.0,Goalkeeper,Goalkeeper (starter),31.0,ESP,2028-06-30,0.0,0.0,0.0,0.0,0.0,0.0,0.0,0.0,0.315,0.0,0.0,0.0,0.0,11.336,0,0.0,0,0.0,0.0,0.0
70,ESP-La Liga,2425,Atletico Madrid,Javi Galán,4,2024,143,7385,D S,25,1806,0,0.2446,0,0.2446,2,3.3248,9,14,8,0,9.7632,7.8681,Javi Galán,785203200.0,172,70,Left,Spain,D,DL,3400000.0,1782777600.0,2469.0,Defender,Defender (secondary role / versatile),30.0,ESP,2026-06-30,0.0,0.012,0.0,0.012,0.1,0.166,0.449,0.698,0.879,0.0,0.0,0.602,0.0,17.631,2,3.569,23,0.0,13900245.0,1700000.0
71,ESP-La Liga,2425,Atletico Madrid,Juan Musso,4,2024,143,7095,GK,2,180,0,0.0,0,0.0,0,0.0,0,0,0,0,0.0941,0.0941,Juan Musso,768182400.0,191,93,Right,Argentina,G,GK,3200000.0,1845936000.0,7010.0,Goalkeeper,Goalkeeper (starter),30.0,ESP,2028-06-30,0.0,0.0,0.0,0.0,0.0,0.0,0.0,0.0,0.094,0.0,0.0,0.0,0.0,0.188,0,0.0,0,0.0,0.0,0.0
72,ESP-La Liga,2425,Atletico Madrid,Julián Álvarez,4,2024,143,10846,F M S,37,2543,17,14.1593,13,11.1862,4,6.4587,72,41,5,0,25.1622,9.4338,Julián Alvarez,949276800.0,170,68,Right,Argentina,F,ST,97000000.0,1909008000.0,223437.0,Forward,Forward / Winger / Attacking Midfielder,24.0,ESP,2030-06-30,0.602,0.501,0.46,0.396,0.142,0.229,2.548,1.451,1.224,1.201,1.162,0.619,0.236,34.596,21,20.618,113,5705882.0,6850621.0,4619048.0
73,ESP-La Liga,2425,Atletico Madrid,Koke,4,2024,143,2269,M S,32,1915,1,1.4989,1,1.4989,1,1.3334,11,16,4,0,11.0165,9.0877,Koke,694828800.0,177,73,Right,Spain,M,"MC, DM",6400000.0,1782777600.0,5933.0,Midfielder,Midfielder (secondary/attacking),32.0,ESP,2026-06-30,0.047,0.07,0.047,0.07,0.047,0.063,0.517,0.752,0.945,0.667,0.667,0.75,0.091,20.104,2,2.832,27,6400000.0,4269798.0,3200000.0
74,ESP-La Liga,2425,Atletico Madrid,Marcos Llorente,4,2024,143,2518,D M S,33,2515,2,0.6808,2,0.6808,4,3.7946,16,28,0,1,14.0973,11.8549,Marcos Llorente,791424000.0,184,71,Right,Spain,D,DR,23000000.0,1814313600.0,9464.0,Defender,Defender / Defensive Midfielder,29.0,ESP,2027-06-30,0.072,0.024,0.072,0.024,0.143,0.136,0.573,1.002,0.929,2.938,2.938,1.054,0.125,25.952,6,4.475,44,11500000.0,33783784.0,3833333.0
75,ESP-La Liga,2425,Atletico Madrid,Nahuel Molina,4,2024,143,8963,D S,30,1565,0,0.9986,0,0.9986,3,1.9342,9,13,1,0,9.5306,7.784,Nahuel Molina,891820800.0,175,69,Right,Argentina,D,"DR, MR",14600000.0,1814313600.0,13454.0,Defender,Defender (secondary role / versatile),26.0,ESP,2027-06-30,0.0,0.057,0.0,0.057,0.173,0.111,0.518,0.748,0.996,0.0,0.0,1.551,0.0,17.315,3,2.933,22,0.0,14620469.0,4866667.0
76,ESP-La Liga,2425,Atletico Madrid,Pablo Barrios Rivas,4,2024,143,10494,M S,31,2347,1,1.3707,1,1.3707,4,2.9307,29,26,4,1,17.5148,14.8834,0,0.0,0,0,0,0,0,0,0.0,0.0,0.0,Midfielder,Midfielder (secondary/attacking),0.0,ESP,0,0.038,0.053,0.038,0.053,0.153,0.112,1.112,0.997,1.242,0.73,0.73,1.365,0.034,32.398,5,4.301,55,0.0,0.0,0.0
77,ESP-La Liga,2425,Atletico Madrid,Reinildo,4,2024,143,7432,D S,19,916,0,0.0516,0,0.0516,0,0.1837,1,2,4,0,3.4983,3.402,Reinildo Mandava,759110400.0,180,74,Left,Mozambique,D,"DL, DC",5200000.0,1814313600.0,12257.0,Defender,Defender (secondary role / versatile),30.0,ESP,2027-06-30,0.0,0.005,0.0,0.005,0.0,0.018,0.098,0.197,0.678,0.0,0.0,0.0,0.0,6.9,0,0.235,3,0.0,100775194.0,0.0
78,ESP-La Liga,2425,Atletico Madrid,Robin Le Normand,4,2024,143,7276,D S,27,2140,1,1.3956,1,1.3956,0,0.6798,10,3,8,0,7.7844,7.2425,Robin Le Normand,847670400.0,187,0,Right,Spain,D,DC,29000000.0,1877472000.0,6615.0,Defender,Defender (secondary role / versatile),28.0,ESP,2029-06-30,0.042,0.059,0.042,0.059,0.0,0.029,0.421,0.126,0.632,0.717,0.717,0.0,0.1,15.027,1,2.075,13,29000000.0,20779593.0,29000000.0
79,ESP-La Liga,2425,Atletico Madrid,Rodrigo Riquelme,4,2024,143,8002,D M S,16,493,0,1.4374,0,1.4374,1,1.0268,14,15,0,0,3.3556,1.1716,Rodrigo Riquelme,954633600.0,174,0,Right,Spain,M,LW,8600000.0,1909008000.0,4739.0,Defender,Defender / Defensive Midfielder,24.0,ESP,2030-06-30,0.0,0.262,0.0,0.262,0.183,0.187,2.556,2.738,0.826,0.0,0.0,0.974,0.0,4.527,1,2.464,29,0.0,5983025.0,8600000.0
80,ESP-La Liga,2425,Atletico Madrid,Rodrigo de Paul,4,2024,143,1145,M S,34,2137,3,1.4674,3,1.4674,5,5.9307,19,42,7,0,17.4264,13.4808,Rodrigo de Paul,769737600.0,180,67,Right,Argentina,M,MC,15500000.0,1893369600.0,53724.0,Midfielder,Midfielder (secondary/attacking),30.0,ESP,2029-12-31,0.126,0.062,0.126,0.062,0.211,0.25,0.8,1.769,1.302,2.044,2.044,0.843,0.158,30.907,8,7.398,61,5166667.0,10562900.0,1937500.0
81,ESP-La Liga,2425,Atletico Madrid,Samuel Lino,4,2024,143,10943,D F M S,31,1580,3,6.0837,3,6.0837,4,3.4759,45,22,3,0,14.265,6.5644,Samuel Lino,945907200.0,178,0,Right,Brazil,M,"ML, LW",21000000.0,1893369600.0,22812.0,Defender,Defender / versatile (can play Midfield/Forward),25.0,ESP,2029-12-31,0.171,0.347,0.171,0.347,0.228,0.198,2.563,1.253,1.186,0.493,0.493,1.151,0.067,20.829,7,9.56,67,7000000.0,3451847.0,3000000.0
82,ESP-La Liga,2425,Atletico Madrid,Thomas Lemar,4,2024,143,3425,S,5,67,0,0.4072,0,0.4072,0,0.2233,2,2,0,0,0.6371,0.2659,Thomas Lemar,816134400.0,170,58,Left,France,M,"MC, AM, ML",2100000.0,1782777600.0,5851.0,Forward,Striker,29.0,ESP,2026-06-30,0.0,0.547,0.0,0.547,0.0,0.3,2.687,2.687,1.213,0.0,0.0,0.0,0.0,0.903,0,0.631,4,0.0,5157171.0,0.0
83,ESP-La Liga,2425,Atletico Madrid,Ángel Correa,4,2024,143,2275,F S,31,721,4,5.3961,4,5.3961,1,2.0838,34,14,3,1,10.3653,3.8934,Ángel Correa,794707200.0,171,67,Right,Argentina,F,"ST, AM",9900000.0,1909008000.0,16808.0,Forward,Striker / Centre Forward,29.0,ESP,2030-06-30,0.499,0.674,0.499,0.674,0.125,0.26,4.244,1.748,1.78,0.741,0.741,0.48,0.118,14.259,5,7.48,48,2475000.0,1834658.0,1980000.0
84,ESP-La Liga,2425,Barcelona,Andreas Christensen,4,2024,148,200,D S,5,239,0,0.0332,0,0.0332,0,0.0402,1,1,3,0,1.4766,1.4766,Andreas Christensen,829094400.0,188,78,Right,Denmark,D,DC,9600000.0,1782777600.0,63289.0,Defender,Defender (secondary role / versatile),28.0,ESP,2026-06-30,0.0,0.013,0.0,0.013,0.0,0.015,0.377,0.377,1.112,0.0,0.0,0.0,0.0,2.953,0,0.073,2,0.0,289156627.0,0.0
85,ESP-La Liga,2425,Barcelona,Anssumane Fati,4,2024,148,7967,M S,6,228,0,1.1018,0,1.1018,0,0.1239,12,4,1,0,1.8863,0.81,0,0.0,0,0,0,0,0,0,0.0,0.0,0.0,Midfielder,Midfielder (secondary/attacking),0.0,ESP,0,0.0,0.435,0.0,0.435,0.0,0.049,4.737,1.579,1.064,0.0,0.0,0.0,0.0,2.696,0,1.226,16,0.0,0.0,0.0
86,ESP-La Liga,2425,Barcelona,Dani Olmo,4,2024,148,8292,M S,25,1221,10,6.6381,8,5.1516,4,3.8517,42,27,1,0,17.1268,9.9389,Dani Olmo,894499200.0,179,70,Right,Spain,M,"AM, MC",58000000.0,1909008000.0,187740.0,Midfielder,Midfielder (secondary/attacking),26.0,ESP,2030-06-30,0.737,0.489,0.59,0.38,0.295,0.284,3.096,1.99,1.995,1.506,1.553,1.039,0.238,27.066,14,10.49,69,5800000.0,8737440.0,4142857.0
87,ESP-La Liga,2425,Barcelona,Daniel Rodríguez,4,2024,148,11634,M,1,37,0,0.0413,0,0.0413,0,0.0,2,0,0,0,0.3061,0.2647,Alvaro Daniel Rodriguez Munoz,0.0,0,0,0,0,M,,0.0,0.0,28.0,Midfielder,Midfielder (central),0.0,ESP,0,0.0,0.1,0.0,0.1,0.0,0.0,4.865,0.0,1.388,0.0,0.0,0.0,0.0,0.571,0,0.041,2,0.0,0.0,0.0
88,ESP-La Liga,2425,Barcelona,Eric Garcia,4,2024,148,8045,D M S,29,1532,2,2.3549,2,2.3549,3,1.0125,14,7,4,0,12.8746,12.2904,Eric García,978998400.0,182,79,Right,Spain,D,"DC, DR",29000000.0,1940544000.0,58637.0,Defender,Defender / Defensive Midfielder,23.0,ESP,2031-06-30,0.117,0.138,0.117,0.138,0.176,0.059,0.822,0.411,1.478,0.849,0.849,2.963,0.143,25.165,5,3.367,21,14500000.0,12314748.0,5800000.0
89,ESP-La Liga,2425,Barcelona,Fermín López,4,2024,148,11822,M S,28,1224,6,4.7566,6,4.7566,5,4.7123,41,29,4,1,15.6507,7.8535,Fermín López,1052611200.0,176,0,Right,Spain,M,"AM, MC",72000000.0,1940544000.0,180912.0,Midfielder,Midfielder (secondary/attacking),21.0,ESP,2031-06-30,0.441,0.35,0.441,0.35,0.368,0.346,3.015,2.132,1.728,1.261,1.261,1.061,0.146,23.504,11,9.469,70,12000000.0,15136862.0,6545455.0
90,ESP-La Liga,2425,Barcelona,Ferrán Torres,4,2024,148,6441,F M S,27,1093,10,9.6824,10,9.6824,6,3.5562,48,19,1,1,14.0588,2.258,Ferran Torres,951782400.0,185,77,Right,Spain,F,"ST, LW, RW",54000000.0,1814313600.0,144014.0,Forward,Forward / Winger / Attacking Midfielder,24.0,ESP,2027-06-30,0.823,0.797,0.823,0.797,0.494,0.293,3.952,1.565,1.344,1.033,1.033,1.687,0.208,16.317,16,13.239,67,5400000.0,5577130.0,3375000.0
91,ESP-La Liga,2425,Barcelona,Frenkie de Jong,4,2024,148,7781,M S,26,1105,2,1.0243,2,1.0243,2,2.3029,5,21,3,0,11.6369,8.7153,Frenkie de Jong,863395200.0,180,70,Right,Netherlands,M,"MC, DM",42000000.0,1877472000.0,202871.0,Midfielder,Midfielder (secondary/attacking),27.0,ESP,2029-06-30,0.163,0.083,0.163,0.083,0.163,0.188,0.407,1.71,1.658,1.953,1.953,0.868,0.4,20.352,4,3.327,26,21000000.0,41003612.0,10500000.0
92,ESP-La Liga,2425,Barcelona,Gavi,4,2024,148,9804,F M S,26,1079,1,1.0601,1,1.0601,1,1.6528,11,14,4,0,7.7693,5.8416,Pablo Gavi,1091664000.0,173,0,Right,Spain,M,MC,41000000.0,1909008000.0,270785.0,Forward,Forward / Winger / Attacking Midfielder,20.0,ESP,2030-06-30,0.083,0.088,0.083,0.088,0.083,0.138,0.918,1.168,1.135,0.943,0.943,0.605,0.091,13.611,2,2.713,25,41000000.0,38675597.0,20500000.0
93,ESP-La Liga,2425,Barcelona,Gerard Martín,4,2024,148,12821,D S,28,1018,1,0.6436,1,0.6436,3,1.2958,7,12,2,0,7.371,6.1116,Gerard Martín,1014681600.0,186,0,Left,Spain,D,"DL, DC",18200000.0,1845936000.0,45775.0,Defender,Defender (secondary role / versatile),22.0,ESP,2028-06-30,0.088,0.057,0.088,0.057,0.265,0.115,0.619,1.061,1.192,1.554,1.554,2.315,0.143,13.483,4,1.939,19,18200000.0,28278434.0,4550000.0
94,ESP-La Liga,2425,Barcelona,Hector Fort,4,2024,148,12171,D S,17,552,0,0.2695,0,0.2695,0,1.3017,6,9,2,0,4.3817,3.5193,Hector Fort,1154476800.0,185,77,Right,Spain,D,DR,11600000.0,1782777600.0,44752.0,Defender,Defender (secondary role / versatile),18.0,ESP,2026-06-30,0.0,0.044,0.0,0.044,0.0,0.212,0.978,1.467,1.288,0.0,0.0,0.0,0.0,7.901,0,1.571,15,0.0,43042672.0,0.0
95,ESP-La Liga,2425,Barcelona,Iñaki Peña,4,2024,148,7287,GK S,16,1393,0,0.0,0,0.0,0,0.0,0,0,1,0,3.9061,3.9061,Iñaki Peña,920332800.0,185,0,Right,Spain,G,GK,7300000.0,1782777600.0,44622.0,Goalkeeper,Goalkeeper (substitute/secondary),25.0,ESP,2026-06-30,0.0,0.0,0.0,0.0,0.0,0.0,0.0,0.0,0.505,0.0,0.0,0.0,0.0,7.812,0,0.0,0,0.0,0.0,0.0
96,ESP-La Liga,2425,Barcelona,Iñigo Martínez,4,2024,148,2484,D,28,2505,0,0.5136,0,0.5136,4,2.248,13,16,5,0,20.0492,19.1128,Iñigo Martínez,674438400.0,181,77,Left,Spain,D,DC,4600000.0,1782777600.0,64851.0,Defender,Defender (generic),33.0,ESP,2026-06-30,0.0,0.018,0.0,0.018,0.144,0.081,0.467,0.575,1.407,0.0,0.0,1.779,0.0,39.162,4,2.762,29,0.0,8956386.0,1150000.0
97,ESP-La Liga,2425,Barcelona,Jules Koundé,4,2024,148,6433,D S,32,2606,2,2.7438,2,2.7438,3,4.134,18,32,4,0,24.0963,20.2743,Jules Koundé,910828800.0,180,70,Right,France,D,DR,69000000.0,1909008000.0,149309.0,Defender,Defender (secondary role / versatile),26.0,ESP,2030-06-30,0.069,0.095,0.069,0.095,0.104,0.143,0.622,1.105,1.532,0.729,0.729,0.726,0.111,44.371,5,6.878,50,34500000.0,25147606.0,13800000.0
98,ESP-La Liga,2425,Barcelona,Lamine Yamal,4,2024,148,11527,F M S,35,2879,9,11.593,9,11.593,13,14.4665,144,64,3,0,38.3079,18.0032,Lamine Yamal,1184284800.0,180,0,Left,Spain,M,RW,215000000.0,1940544000.0,1783049.0,Forward,Forward / Winger / Attacking Midfielder,17.0,ESP,2031-06-30,0.281,0.362,0.281,0.362,0.406,0.452,4.502,2.001,1.76,0.776,0.776,0.899,0.062,56.311,22,26.06,208,23888889.0,18545674.0,9772727.0
99,ESP-La Liga,2425,Barcelona,Marc Bernal,4,2024,148,12820,M,3,256,0,0.0561,0,0.0561,0,0.011,2,1,2,0,1.5139,1.4468,Marc Bernal,1180137600.0,191,0,Left,Spain,M,MC,9700000.0,1877472000.0,74733.0,Midfielder,Midfielder (central),17.0,ESP,2029-06-30,0.0,0.02,0.0,0.02,0.0,0.004,0.703,0.352,1.041,0.0,0.0,0.0,0.0,2.961,0,0.067,3,0.0,172905526.0,0.0
100,ESP-La Liga,2425,Barcelona,Marc Casadó,4,2024,148,11151,M S,23,1640,1,0.9119,1,0.9119,3,1.6349,14,9,2,1,14.538,13.5082,Marc Casadó,1063497600.0,172,0,Right,Spain,M,"MC, DM",24000000.0,1845936000.0,64584.0,Midfielder,Midfielder (secondary/attacking),21.0,ESP,2028-06-30,0.055,0.05,0.055,0.05,0.165,0.09,0.768,0.494,1.539,1.097,1.097,1.835,0.071,28.046,4,2.547,23,24000000.0,26318675.0,6000000.0
101,ESP-La Liga,2425,Barcelona,Marc-André ter Stegen,4,2024,148,2090,GK,8,677,0,0.0,0,0.0,0,0.0,0,0,0,0,3.7235,3.7235,Marc-André Ter Stegen,704592000.0,187,85,Right,Germany,G,GK,7300000.0,1782777600.0,117841.0,Goalkeeper,Goalkeeper (starter),32.0,ESP,2026-06-30,0.0,0.0,0.0,0.0,0.0,0.0,0.0,0.0,0.99,0.0,0.0,0.0,0.0,7.447,0,0.0,0,0.0,0.0,0.0
102,ESP-La Liga,2425,Barcelona,Pablo Torre,4,2024,148,11025,M S,10,302,3,0.2955,3,0.2955,1,0.9361,6,8,0,0,3.3229,2.8766,Pablo Torre,1049328000.0,173,0,Right,Spain,M,"AM, MC",4900000.0,1877472000.0,36490.0,Midfielder,Midfielder (secondary/attacking),21.0,ESP,2029-06-30,0.894,0.088,0.894,0.088,0.298,0.279,1.788,2.384,1.848,10.152,10.152,1.068,0.5,6.2,4,1.232,14,1633333.0,16582064.0,1225000.0
103,ESP-La Liga,2425,Barcelona,Pau Cubarsí,4,2024,148,12005,D S,35,2631,0,0.9357,0,0.9357,3,1.5361,8,9,3,0,17.2559,17.1479,Pau Cubarsí,1169424000.0,184,76,Right,Spain,D,DC,75000000.0,1877472000.0,155566.0,Defender,Defender (secondary role / versatile),17.0,ESP,2029-06-30,0.0,0.032,0.0,0.032,0.103,0.053,0.274,0.308,1.177,0.0,0.0,1.953,0.0,34.404,3,2.472,17,0.0,80153895.0,25000000.0
104,ESP-La Liga,2425,Barcelona,Pau Victor,4,2024,148,10953,F S,21,273,2,2.9672,2,2.9672,1,0.877,14,8,2,0,4.4591,0.7532,Pau Víctor,1006819200.0,182,0,Right,Spain,F,ST,9600000.0,1909008000.0,37707.0,Forward,Striker / Centre Forward,23.0,ESP,2030-06-30,0.659,0.978,0.659,0.978,0.33,0.289,4.615,2.637,1.718,0.674,0.674,1.14,0.143,5.212,3,3.844,22,4800000.0,3235373.0,3200000.0
105,ESP-La Liga,2425,Barcelona,Pedri,4,2024,148,8935,M S,37,2941,4,2.5104,4,2.5104,5,7.8068,24,70,3,0,31.4263,23.621,Pedri,1038182400.0,174,60,Right,Spain,M,"MC, DM",153000000.0,1909008000.0,682385.0,Midfielder,Midfielder (secondary/attacking),22.0,ESP,2030-06-30,0.122,0.077,0.122,0.077,0.153,0.239,0.734,2.142,1.685,1.593,1.593,0.64,0.167,55.047,9,10.317,94,38250000.0,60946463.0,17000000.0
106,ESP-La Liga,2425,Barcelona,Raphinha,4,2024,148,8026,F M S,36,2862,18,19.266,16,17.7794,10,13.527,114,91,4,0,39.2826,13.6504,Raphinha,850521600.0,176,68,Left,Brazil,M,LW,72000000.0,1845936000.0,918043.0,Forward,Forward / Winger / Attacking Midfielder,28.0,ESP,2028-06-30,0.566,0.606,0.503,0.559,0.314,0.425,3.585,2.862,1.665,0.934,0.9,0.739,0.158,52.933,28,32.793,205,4000000.0,3737154.0,2571429.0
107,ESP-La Liga,2425,Barcelona,Robert Lewandowski,4,2024,148,227,F S,34,2716,27,29.4143,24,26.4412,2,2.4753,115,18,1,0,29.2428,6.6594,Robert Lewandowski,588124800.0,186,79,Right,Poland,F,ST,8400000.0,1782777600.0,583333.0,Forward,Striker / Centre Forward,36.0,ESP,2026-06-30,0.895,0.975,0.795,0.876,0.066,0.082,3.811,0.596,1.19,0.918,0.908,0.808,0.235,35.902,29,31.89,133,311111.0,285575.0,289655.0
108,ESP-La Liga,2425,Barcelona,Ronald Araújo,4,2024,148,8091,D S,12,771,1,1.1664,1,1.1664,1,0.4866,4,4,2,0,4.3866,3.8932,Ronald Araújo,920764800.0,191,79,Right,Uruguay,D,DC,27000000.0,1940544000.0,134726.0,Defender,Defender (secondary role / versatile),25.0,ESP,2031-06-30,0.117,0.136,0.117,0.136,0.117,0.057,0.467,0.467,0.967,0.857,0.857,2.055,0.25,8.28,2,1.653,8,27000000.0,23148148.0,13500000.0
109,ESP-La Liga,2425,Barcelona,Sergi Domínguez,4,2024,148,12823,D S,3,177,0,0.0,0,0.0,0,0.0,0,0,1,0,2.0779,2.0779,Sergi Domínguez,1112313600.0,191,0,Right,Spain,D,DC,2400000.0,1877472000.0,5955.0,Defender,Defender (secondary role / versatile),19.0,ESP,2029-06-30,0.0,0.0,0.0,0.0,0.0,0.0,0.0,0.0,2.113,0.0,0.0,0.0,0.0,4.156,0,0.0,0,0.0,0.0,0.0
110,ESP-La Liga,2425,Barcelona,Wojciech Szczesny,4,2024,148,1244,GK,15,1350,0,0.0,0,0.0,0,0.0,0,0,1,0,5.2362,5.2362,Wojciech Szczęsny,640396800.0,196,84,Right,Poland,G,GK,820000.0,1814313600.0,94565.0,Goalkeeper,Goalkeeper (starter),34.0,ESP,2027-06-30,0.0,0.0,0.0,0.0,0.0,0.0,0.0,0.0,0.698,0.0,0.0,0.0,0.0,10.472,0,0.0,0,0.0,0.0,0.0
111,ESP-La Liga,2425,Barcelona,Álex Balde,4,2024,148,9805,D S,32,2303,0,0.5468,0,0.5468,4,3.6563,12,26,2,0,19.2361,17.114,Alejandro Balde,1066435200.0,175,0,Left,Spain,D,DL,66000000.0,1845936000.0,131436.0,Defender,Defender (secondary role / versatile),21.0,ESP,2028-06-30,0.0,0.021,0.0,0.021,0.156,0.143,0.469,1.016,1.421,0.0,0.0,1.094,0.0,36.35,4,4.203,38,0.0,120702268.0,16500000.0
112,ESP-La Liga,2425,Celta Vigo,Alfon,4,2024,152,9241,F M S,26,1382,5,4.9,5,4.9,2,3.2016,45,24,1,1,10.402,3.8511,Alfon González,925776000.0,172,60,Right,Spain,F,"LW, AM",4400000.0,1782777600.0,621.0,Forward,Forward / Winger / Attacking Midfielder,25.0,ESP,2026-06-30,0.326,0.319,0.326,0.319,0.13,0.208,2.931,1.563,0.928,1.02,1.02,0.625,0.111,14.253,7,8.102,69,880000.0,897959.0,628571.0
113,ESP-La Liga,2425,Celta Vigo,Borja Iglesias,4,2024,152,2543,F S,37,1968,11,11.5532,11,11.5532,3,3.1776,46,18,2,0,16.6997,3.1693,Borja Iglesias,727228800.0,187,80,Right,Spain,F,ST,3100000.0,1814313600.0,4375.0,Forward,Striker / Centre Forward,31.0,ESP,2027-06-30,0.503,0.528,0.503,0.528,0.137,0.145,2.104,0.823,0.909,0.952,0.952,0.944,0.239,19.869,14,14.731,64,281818.0,268324.0,221429.0
114,ESP-La Liga,2425,Celta Vigo,Carl Starfelt,4,2024,152,7655,D S,28,2273,1,0.4953,1,0.4953,0,0.182,5,6,5,0,10.4886,10.4785,Carl Starfelt,801964800.0,185,80,Right,Sweden,D,DC,4500000.0,1814313600.0,765.0,Defender,Defender (secondary role / versatile),29.0,ESP,2027-06-30,0.04,0.02,0.04,0.02,0.0,0.007,0.198,0.238,0.83,2.019,2.019,0.0,0.2,20.967,1,0.677,11,4500000.0,9085403.0,4500000.0
115,ESP-La Liga,2425,Celta Vigo,Carlos Domínguez,4,2024,152,9519,D S,19,1178,0,0.1891,0,0.1891,0,0.0575,3,2,1,0,2.6261,2.5686,Carlos Domínguez,981849600.0,187,0,Left,Spain,D,"DC, DL",2900000.0,1845936000.0,223.0,Defender,Defender (secondary role / versatile),23.0,ESP,2028-06-30,0.0,0.014,0.0,0.014,0.0,0.004,0.229,0.153,0.397,0.0,0.0,0.0,0.0,5.195,0,0.247,5,0.0,15335801.0,0.0
116,ESP-La Liga,2425,Celta Vigo,Damián Rodríguez,4,2024,152,10614,M S,17,934,0,0.1272,0,0.1272,0,0.766,4,17,3,0,6.7187,6.5507,Damián Rodríguez,1047859200.0,180,0,Left,Spain,M,"MC, DM",1900000.0,1782777600.0,272.0,Midfielder,Midfielder (secondary/attacking),21.0,ESP,2026-06-30,0.0,0.012,0.0,0.012,0.0,0.074,0.385,1.638,1.279,0.0,0.0,0.0,0.0,13.269,0,0.893,21,0.0,14937107.0,0.0
117,ESP-La Liga,2425,Celta Vigo,Fernando López,4,2024,152,13200,F M S,17,654,2,2.6401,2,2.6401,0,2.1774,20,14,2,0,6.863,2.433,Fernando López,1008115200.0,0,0,0,Dominican Republic,G,GK,0.0,0.0,3.0,Forward,Forward / Winger / Attacking Midfielder,23.0,ESP,0,0.275,0.363,0.275,0.363,0.0,0.3,2.752,1.927,1.279,0.758,0.758,0.0,0.1,9.296,2,4.818,34,0.0,0.0,0.0
118,ESP-La Liga,2425,Celta Vigo,Fran Beltrán,4,2024,152,6931,M S,34,2443,2,0.8952,2,0.8952,1,2.1079,23,15,3,0,12.1987,10.0533,Fran Beltrán,918000000.0,170,66,Right,Spain,M,"MC, DM",5200000.0,1909008000.0,867.0,Midfielder,Midfielder (secondary/attacking),25.0,ESP,2030-06-30,0.074,0.033,0.074,0.033,0.037,0.078,0.847,0.553,0.82,2.234,2.234,0.474,0.087,22.252,3,3.003,38,2600000.0,5808758.0,1733333.0
119,ESP-La Liga,2425,Celta Vigo,Franco Cervi,4,2024,152,9794,D F M S,7,266,0,0.0,0,0.0,0,0.5923,0,5,1,0,0.2243,0.0101,Franco Cervi,769910400.0,165,62,Left,Argentina,M,"MC, ML",680000.0,1782777600.0,1015.0,Defender,Defender / versatile (can play Midfield/Forward),30.0,ESP,2026-06-30,0.0,0.0,0.0,0.0,0.0,0.2,0.0,1.692,0.079,0.0,0.0,0.0,0.0,0.234,0,0.592,5,0.0,0.0,0.0
120,ESP-La Liga,2425,Celta Vigo,Hugo Sotelo,4,2024,152,9520,M S,24,1268,0,0.205,0,0.205,0,1.4551,4,18,5,0,6.3456,6.1052,Hugo Sotelo,1071792000.0,180,0,Right,Spain,M,"MC, DM",8600000.0,1845936000.0,624.0,Midfielder,Midfielder (secondary/attacking),21.0,ESP,2028-06-30,0.0,0.015,0.0,0.015,0.0,0.103,0.284,1.278,0.884,0.0,0.0,0.0,0.0,12.451,0,1.66,22,0.0,41951220.0,0.0
121,ESP-La Liga,2425,Celta Vigo,Hugo Álvarez,4,2024,152,10078,D M S,26,1572,4,2.6892,4,2.6892,3,1.5981,25,18,6,0,10.9665,7.3765,Hugo Álvarez,1057104000.0,176,0,Right,Spain,M,ML,7800000.0,1845936000.0,710.0,Defender,Defender / Defensive Midfielder,21.0,ESP,2028-06-30,0.229,0.154,0.229,0.154,0.172,0.091,1.431,1.031,1.05,1.487,1.487,1.877,0.16,18.343,7,4.287,43,1950000.0,2900491.0,1114286.0
122,ESP-La Liga,2425,Celta Vigo,Iago Aspas,4,2024,152,2290,F M S,30,1751,10,8.2714,5,3.8117,5,4.8235,52,38,4,1,11.4871,5.2113,Iago Aspas,554774400.0,176,67,Left,Spain,F,"ST, RW",1700000.0,1782777600.0,5165.0,Forward,Forward / Winger / Attacking Midfielder,37.0,ESP,2026-06-30,0.514,0.425,0.257,0.196,0.257,0.248,2.673,1.953,0.858,1.209,1.312,1.037,0.192,16.698,15,13.095,90,170000.0,205527.0,113333.0
123,ESP-La Liga,2425,Celta Vigo,Iker Losada,4,2024,152,7825,F M S,22,670,1,1.7151,1,1.7151,0,0.9551,8,11,2,0,3.8666,1.4541,Iker Losada,996624000.0,175,0,Right,Spain,M,AM,1500000.0,1782777600.0,419.0,Forward,Forward / Winger / Attacking Midfielder,23.0,ESP,2026-06-30,0.134,0.23,0.134,0.23,0.0,0.128,1.075,1.478,0.715,0.583,0.583,0.0,0.125,5.321,1,2.67,19,1500000.0,874585.0,1500000.0
124,ESP-La Liga,2425,Celta Vigo,Ilaix Moriba,4,2024,152,9243,M S,33,2115,1,2.1443,1,2.1443,1,2.3156,34,20,7,1,10.5281,7.2275,Ilaix Moriba,1042934400.0,183,0,Right,Guinea,M,"MC, DM",9200000.0,1877472000.0,6484.0,Midfielder,Midfielder (secondary/attacking),21.0,ESP,2029-06-30,0.043,0.091,0.043,0.091,0.043,0.099,1.447,0.851,0.756,0.466,0.466,0.432,0.029,17.756,2,4.46,54,9200000.0,4290444.0,4600000.0
125,ESP-La Liga,2425,Celta Vigo,Iván Villar,4,2024,152,5033,GK,4,360,0,0.0,0,0.0,0,0.0,0,0,0,0,1.1408,1.1408,Iván Villar,868406400.0,183,76,Right,Spain,G,GK,960000.0,1814313600.0,236.0,Goalkeeper,Goalkeeper (starter),27.0,ESP,2027-06-30,0.0,0.0,0.0,0.0,0.0,0.0,0.0,0.0,0.57,0.0,0.0,0.0,0.0,2.282,0,0.0,0,0.0,0.0,0.0
126,ESP-La Liga,2425,Celta Vigo,Javier Manquillo,4,2024,152,1719,D S,10,533,0,0.0,0,0.0,0,0.0,0,0,1,0,2.8671,2.8671,Javier Manquillo,768096000.0,180,62,Right,Spain,D,"DR, DL",0.0,0.0,203.0,Defender,Defender (secondary role / versatile),30.0,ESP,0,0.0,0.0,0.0,0.0,0.0,0.0,0.0,0.0,0.968,0.0,0.0,0.0,0.0,5.734,0,0.0,0,0.0,0.0,0.0
127,ESP-La Liga,2425,Celta Vigo,Javier Rodríguez,4,2024,152,12180,D S,36,2490,3,2.714,3,2.714,2,1.1403,12,13,7,0,10.5406,8.3733,Javier Rodriguez Moreno,1027296000.0,200,107,0,Spain,P,,0.0,0.0,169.0,Defender,Defender (secondary role / versatile),22.0,ESP,0,0.108,0.098,0.108,0.098,0.072,0.041,0.434,0.47,0.684,1.105,1.105,1.754,0.25,18.914,5,3.854,25,0.0,0.0,0.0
128,ESP-La Liga,2425,Celta Vigo,Jaílson,4,2024,152,12300,D S,13,600,0,0.142,0,0.142,0,0.0094,4,1,2,0,3.9245,3.9078,Jailson,810432000.0,187,74,Right,Brazil,D,"MC, DC, DM",775000.0,0.0,378.0,Defender,Defender (secondary role / versatile),29.0,ESP,0,0.0,0.021,0.0,0.021,0.0,0.001,0.6,0.15,1.175,0.0,0.0,0.0,0.0,7.832,0,0.151,5,0.0,5457746.0,0.0
129,ESP-La Liga,2425,Celta Vigo,Jonathan Bamba,4,2024,152,3749,D F M S,12,823,0,0.6565,0,0.6565,1,1.8708,13,12,1,0,5.7986,3.7871,Jonathan Bamba,827798400.0,175,72,Right,Côte d'Ivoire,F,LW,3800000.0,1830211200.0,1918.0,Defender,Defender / versatile (can play Midfield/Forward),28.0,ESP,2027-12-31,0.0,0.072,0.0,0.072,0.109,0.205,1.422,1.312,1.048,0.0,0.0,0.535,0.0,9.586,1,2.527,25,0.0,5788271.0,3800000.0
130,ESP-La Liga,2425,Celta Vigo,Joseph Aidoo,4,2024,152,7826,D S,9,589,0,0.0353,0,0.0353,0,0.0,1,0,0,0,1.8079,1.8079,Joseph Aidoo,812332800.0,184,80,Right,Ghana,D,DC,930000.0,1782777600.0,877.0,Defender,Defender (secondary role / versatile),29.0,ESP,2026-06-30,0.0,0.005,0.0,0.005,0.0,0.0,0.153,0.0,0.552,0.0,0.0,0.0,0.0,3.616,0,0.035,1,0.0,26345609.0,0.0
131,ESP-La Liga,2425,Celta Vigo,Luca De La Torre,4,2024,152,7600,S,1,1,0,0.0,0,0.0,0,0.0,0,0,0,0,0.0,0.0,Luca De La Torre,895881600.0,178,63,Right,USA,M,MC,3100000.0,1877472000.0,557.0,Forward,Striker,26.0,ESP,2029-06-30,0.0,0.0,0.0,0.0,0.0,0.0,0.0,0.0,0.0,0.0,0.0,0.0,0.0,0.0,0,0.0,0,0.0,0.0,0.0
132,ESP-La Liga,2425,Celta Vigo,Marcos Alonso,4,2024,152,1621,D S,31,2660,3,4.1447,0,1.9149,0,1.8526,34,21,9,2,12.6123,11.554,Marcos Alonso,662342400.0,188,84,Left,Spain,D,"DC, DL",1500000.0,1782777600.0,7491.0,Defender,Defender (secondary role / versatile),34.0,ESP,2026-06-30,0.102,0.14,0.0,0.065,0.0,0.063,1.15,0.711,0.818,0.724,0.0,0.0,0.088,24.166,3,5.997,55,500000.0,361908.0,500000.0
133,ESP-La Liga,2425,Celta Vigo,Mihailo Ristic,4,2024,152,5947,D S,10,436,0,0.0439,0,0.0439,1,0.1431,2,4,1,0,1.2196,1.0449,Mihailo Ristić,815097600.0,180,73,Left,Serbia,D,"DL, ML",775000.0,1782777600.0,599.0,Defender,Defender (secondary role / versatile),29.0,ESP,2026-06-30,0.0,0.009,0.0,0.009,0.206,0.03,0.413,0.826,0.467,0.0,0.0,6.988,0.0,2.264,1,0.187,6,0.0,17653759.0,775000.0
134,ESP-La Liga,2425,Celta Vigo,Pablo Durán,4,2024,152,11154,F M S,27,1393,4,3.0955,4,3.0955,4,3.1765,26,18,3,0,6.5733,1.7289,Pablo Durán,990748800.0,176,0,Right,Spain,F,ST,4099999.0,1814313600.0,739.0,Forward,Forward / Winger / Attacking Midfielder,23.0,ESP,2027-06-30,0.258,0.2,0.258,0.2,0.258,0.205,1.68,1.163,0.536,1.292,1.292,1.259,0.154,8.302,8,6.272,44,1025000.0,1324503.0,512500.0
135,ESP-La Liga,2425,Celta Vigo,Sergio Carreira,4,2024,152,8122,D M S,23,1658,0,0.9545,0,0.9545,4,2.7105,13,15,1,0,7.9945,4.8971,Sergio Carreira,971395200.0,170,0,Right,Spain,M,"MR, DR, ML",5700000.0,1877472000.0,488.0,Defender,Defender / Defensive Midfielder,24.0,ESP,2029-06-30,0.0,0.052,0.0,0.052,0.217,0.147,0.706,0.814,0.7,0.0,0.0,1.476,0.0,12.892,4,3.665,28,0.0,5971713.0,1425000.0
136,ESP-La Liga,2425,Celta Vigo,Tadeo Allende,4,2024,152,12423,S,1,1,0,0.0,0,0.0,0,0.0,0,0,0,0,0.0,0.0,Tadeo Allende,919468800.0,185,0,Right,Argentina,M,"RW, MR",4900000.0,1909008000.0,6907.0,Forward,Striker,25.0,ESP,2030-06-30,0.0,0.0,0.0,0.0,0.0,0.0,0.0,0.0,0.0,0.0,0.0,0.0,0.0,0.0,0,0.0,0,0.0,0.0,0.0
137,ESP-La Liga,2425,Celta Vigo,Tasos Douvikas,4,2024,152,12030,F S,20,690,3,5.1045,3,5.1045,1,0.2299,17,3,2,0,6.2632,0.9288,0,0.0,0,0,0,0,0,0,0.0,0.0,0.0,Forward,Striker / Centre Forward,0.0,ESP,0,0.391,0.666,0.391,0.666,0.13,0.03,2.217,0.391,0.938,0.588,0.588,4.35,0.176,7.192,4,5.334,20,0.0,0.0,0.0
138,ESP-La Liga,2425,Celta Vigo,Vicente Guaita,4,2024,152,2190,GK,34,3060,0,0.0,0,0.0,0,0.0,0,0,0,0,3.6461,3.6461,Vicente Guaita,537235200.0,190,81,Right,Spain,G,GK,430000.0,0.0,483.0,Goalkeeper,Goalkeeper (starter),37.0,ESP,0,0.0,0.0,0.0,0.0,0.0,0.0,0.0,0.0,0.214,0.0,0.0,0.0,0.0,7.292,0,0.0,0,0.0,0.0,0.0
139,ESP-La Liga,2425,Celta Vigo,Williot Swedberg,4,2024,152,10870,F M S,32,1329,4,5.4158,4,5.4158,5,2.3501,32,16,1,0,9.5702,3.7788,Williot Swedberg,1075593600.0,185,0,Right,Sweden,M,"LW, MC",9300000.0,1877472000.0,4367.0,Forward,Forward / Winger / Attacking Midfielder,20.0,ESP,2029-06-30,0.271,0.367,0.271,0.367,0.339,0.159,2.167,1.084,0.904,0.739,0.739,2.128,0.125,13.349,9,7.766,48,2325000.0,1717198.0,1033333.0
140,ESP-La Liga,2425,Celta Vigo,Yoel Lago,4,2024,152,12642,D S,8,589,0,0.0,0,0.0,1,0.0333,0,1,2,0,1.5159,1.4826,Yoel Lago,1080172800.0,185,0,Right,Spain,D,DC,2300000.0,1877472000.0,200.0,Defender,Defender (secondary role / versatile),20.0,ESP,2029-06-30,0.0,0.0,0.0,0.0,0.153,0.005,0.0,0.153,0.458,0.0,0.0,30.03,0.0,2.998,1,0.033,1,0.0,0.0,2300000.0
141,ESP-La Liga,2425,Celta Vigo,Óscar Mingueza,4,2024,152,9011,D M S,34,2761,4,2.165,4,2.165,6,5.6815,33,33,6,0,19.6337,15.2537,Óscar Mingueza,926553600.0,184,0,Right,Spain,M,"MR, DR, ML",18700000.0,1782777600.0,3790.0,Defender,Defender / Defensive Midfielder,25.0,ESP,2026-06-30,0.13,0.071,0.13,0.071,0.196,0.185,1.076,1.076,1.137,1.848,1.848,1.056,0.121,34.887,10,7.846,66,4675000.0,8637413.0,1870000.0
142,ESP-La Liga,2425,Espanyol,Alejo Véliz,4,2024,141,12105,F S,27,1115,1,2.3389,1,2.3389,0,0.0692,19,2,3,0,4.3265,2.6154,Alejo Véliz,1063929600.0,187,77,Right,Argentina,F,ST,3600000.0,1782777600.0,3237.0,Forward,Striker / Centre Forward,21.0,ESP,2026-06-30,0.081,0.189,0.081,0.189,0.0,0.006,1.534,0.161,0.56,0.428,0.428,0.0,0.053,6.942,1,2.408,21,3600000.0,1539185.0,3600000.0
143,ESP-La Liga,2425,Espanyol,Alex Kral,4,2024,141,8017,F M S,37,2699,0,1.9736,0,1.9736,1,2.1177,21,13,1,0,5.2095,2.9571,Alex Král,895536000.0,185,72,Right,Czechia,M,"MC, DM",3600000.0,1782777600.0,616.0,Forward,Forward / Winger / Attacking Midfielder,26.0,ESP,2026-06-30,0.0,0.066,0.0,0.066,0.033,0.071,0.7,0.433,0.272,0.0,0.0,0.472,0.0,8.167,1,4.091,34,0.0,1824078.0,3600000.0
144,ESP-La Liga,2425,Espanyol,Antoniu Roca,4,2024,141,12901,M S,26,1023,0,1.0565,0,1.0565,1,1.2044,10,7,3,0,3.3538,1.1116,Antoniu Roca,1031184000.0,180,0,Right,Spain,M,MR,1600000.0,1845936000.0,176.0,Midfielder,Midfielder (secondary/attacking),22.0,ESP,2028-06-30,0.0,0.093,0.0,0.093,0.088,0.106,0.88,0.616,0.393,0.0,0.0,0.83,0.0,4.465,1,2.261,17,0.0,1514434.0,1600000.0
145,ESP-La Liga,2425,Espanyol,Brian Oliván,4,2024,141,9754,D S,17,1020,0,0.4136,0,0.4136,1,0.9392,6,15,2,0,1.7435,1.5111,Brian Oliván,765158400.0,179,73,Left,Spain,D,DL,1100000.0,1782777600.0,139.0,Defender,Defender (secondary role / versatile),30.0,ESP,2026-06-30,0.0,0.036,0.0,0.036,0.088,0.083,0.529,1.324,0.287,0.0,0.0,1.065,0.0,3.255,1,1.353,21,0.0,2659574.0,1100000.0
146,ESP-La Liga,2425,Espanyol,Carlos Romero,4,2024,141,11402,D M S,34,2566,2,2.4829,2,2.4829,1,2.1038,29,29,7,0,7.0272,4.2456,Carlos Romero,1004313600.0,174,0,Left,Spain,D,DL,14600000.0,1782777600.0,1121.0,Defender,Defender / Defensive Midfielder,23.0,ESP,2026-06-30,0.07,0.087,0.07,0.087,0.035,0.074,1.017,1.017,0.395,0.806,0.806,0.475,0.069,11.273,3,4.587,58,7300000.0,5880221.0,4866667.0
147,ESP-La Liga,2425,Espanyol,Edu Expósito,4,2024,141,5081,F M S,19,1044,0,1.1886,0,1.1886,2,3.6732,18,28,3,0,4.6096,2.6343,Edu Expósito,838857600.0,175,0,Right,Spain,M,"MC, AM, DM",3600000.0,1814313600.0,976.0,Forward,Forward / Winger / Attacking Midfielder,28.0,ESP,2027-06-30,0.0,0.102,0.0,0.102,0.172,0.317,1.552,2.414,0.624,0.0,0.0,0.544,0.0,7.244,2,4.862,46,0.0,3028773.0,1800000.0
148,ESP-La Liga,2425,Espanyol,Fernando Calero,4,2024,141,6916,D S,21,675,1,0.5672,1,0.5672,0,0.0529,2,3,1,0,2.4487,2.419,Fernando Calero,811036800.0,183,0,Right,Spain,D,DC,2100000.0,1782777600.0,298.0,Defender,Defender (secondary role / versatile),29.0,ESP,2026-06-30,0.133,0.076,0.133,0.076,0.0,0.007,0.267,0.4,0.649,1.763,1.763,0.0,0.5,4.868,1,0.62,5,2100000.0,3702398.0,2100000.0
149,ESP-La Liga,2425,Espanyol,Irvin Cardona,4,2024,141,5724,F M S,16,577,1,0.8832,1,0.8832,1,0.865,10,9,1,0,1.454,0.3411,Irvin Cardona,870998400.0,185,0,Right,Malta,F,"RW, ST",2600000.0,1845936000.0,558.0,Forward,Forward / Winger / Attacking Midfielder,27.0,ESP,2028-06-30,0.156,0.138,0.156,0.138,0.156,0.135,1.56,1.404,0.28,1.132,1.132,1.156,0.1,1.795,2,1.748,19,2600000.0,2943841.0,1300000.0
150,ESP-La Liga,2425,Espanyol,Javi Puado,4,2024,141,6933,F M,35,3023,12,11.9458,7,8.2294,4,2.9693,71,22,8,0,13.2889,3.4392,Javi Puado,896054400.0,178,69,Right,Spain,M,"ST, LW",9300000.0,1909008000.0,1312.0,Forward,Forward / Midfielder (versatile),26.0,ESP,2030-06-30,0.357,0.356,0.208,0.245,0.119,0.088,2.114,0.655,0.498,1.005,0.851,1.347,0.169,16.728,16,14.915,93,775000.0,778516.0,581250.0
151,ESP-La Liga,2425,Espanyol,Joan García,4,2024,141,9773,GK,38,3420,0,0.0722,0,0.0722,0,0.0,1,0,2,0,2.2295,2.2295,Joan García,988934400.0,193,0,Right,Spain,G,GK,31000000.0,1940544000.0,115685.0,Goalkeeper,Goalkeeper (starter),23.0,ESP,2031-06-30,0.0,0.002,0.0,0.002,0.0,0.0,0.026,0.0,0.117,0.0,0.0,0.0,0.0,4.459,0,0.072,1,0.0,429362881.0,0.0
152,ESP-La Liga,2425,Espanyol,Jofre Carreras,4,2024,141,10209,D M S,37,2217,3,3.1961,3,3.1961,3,2.4951,40,24,4,0,6.1704,1.3899,Jofre Carreras,992736000.0,175,0,Right,Spain,M,"MR, RW",2800000.0,1877472000.0,337.0,Defender,Defender / Defensive Midfielder,23.0,ESP,2029-06-30,0.122,0.13,0.122,0.13,0.122,0.101,1.624,0.974,0.307,0.939,0.939,1.202,0.075,7.56,6,5.691,64,933333.0,876068.0,466667.0
153,ESP-La Liga,2425,Espanyol,José Gragera,4,2024,141,11358,M S,10,580,0,0.0403,0,0.0403,0,0.0205,2,1,0,0,1.2626,1.2222,José Gragera,958262400.0,186,0,Right,Spain,M,"MC, DM",1600000.0,1782777600.0,134.0,Midfielder,Midfielder (secondary/attacking),24.0,ESP,2026-06-30,0.0,0.006,0.0,0.006,0.0,0.003,0.31,0.155,0.386,0.0,0.0,0.0,0.0,2.485,0,0.061,3,0.0,39702233.0,0.0
154,ESP-La Liga,2425,Espanyol,Justin Smith,4,2024,141,9744,M S,5,209,0,0.0,0,0.0,0,0.028,0,1,0,0,0.0929,0.0648,Justin Smith,1044316800.0,188,0,Right,Canada,M,MC,525000.0,1782777600.0,104.0,Midfielder,Midfielder (secondary/attacking),21.0,ESP,2026-06-30,0.0,0.0,0.0,0.0,0.0,0.012,0.0,0.431,0.068,0.0,0.0,0.0,0.0,0.158,0,0.028,1,0.0,0.0,0.0
155,ESP-La Liga,2425,Espanyol,Leandro Cabrera,4,2024,141,6168,D S,33,2878,4,1.6075,4,1.6075,2,0.9268,19,9,4,1,5.6941,4.8978,Leandro Cabrera,677116800.0,190,82,Left,Uruguay,D,DC,1000000.0,1782777600.0,834.0,Defender,Defender (secondary role / versatile),33.0,ESP,2026-06-30,0.125,0.05,0.125,0.05,0.063,0.029,0.594,0.281,0.331,2.488,2.488,2.158,0.211,10.592,6,2.534,28,250000.0,622084.0,166667.0
156,ESP-La Liga,2425,Espanyol,Marash Kumbulla,4,2024,141,6324,D S,35,2981,3,2.6948,3,2.6948,0,0.2868,16,1,9,0,3.5296,3.1233,Marash Kumbulla,949968000.0,191,78,Right,Albania,D,DC,4600000.0,1782777600.0,1567.0,Defender,Defender (secondary role / versatile),24.0,ESP,2026-06-30,0.091,0.081,0.091,0.081,0.0,0.009,0.483,0.03,0.201,1.113,1.113,0.0,0.188,6.653,3,2.982,17,1533333.0,1706991.0,1533333.0
157,ESP-La Liga,2425,Espanyol,Naci Ünüvar,4,2024,141,13029,S,2,13,0,0.0209,0,0.0209,0,0.0244,1,1,0,0,0.0653,0.0199,Naci Ünüvar,1055462400.0,168,0,Right,Türkiye,M,LW,1400000.0,1782777600.0,1140.0,Forward,Striker,21.0,ESP,2026-06-30,0.0,0.145,0.0,0.145,0.0,0.169,6.923,6.923,0.59,0.0,0.0,0.0,0.0,0.085,0,0.045,2,0.0,66985646.0,0.0
158,ESP-La Liga,2425,Espanyol,Omar El Hilali,4,2024,141,10875,D,36,3173,0,0.0312,0,0.0312,2,1.2103,2,8,11,0,5.609,4.4891,Omar El Hilali,1063324800.0,183,0,Right,Morocco,D,DR,15900000.0,1814313600.0,6695.0,Defender,Defender (generic),21.0,ESP,2027-06-30,0.0,0.001,0.0,0.001,0.057,0.034,0.057,0.227,0.286,0.0,0.0,1.652,0.0,10.098,2,1.241,10,0.0,509615385.0,7950000.0
159,ESP-La Liga,2425,Espanyol,Pere Milla,4,2024,141,4175,M S,20,402,3,1.5667,3,1.5667,0,0.3911,11,5,3,0,1.7638,0.1154,Pere Milla,717206400.0,179,70,Left,Spain,M,ST,1200000.0,1814313600.0,850.0,Midfielder,Midfielder (secondary/attacking),32.0,ESP,2027-06-30,0.672,0.351,0.672,0.351,0.0,0.088,2.463,1.119,0.421,1.915,1.915,0.0,0.273,1.879,3,1.958,16,400000.0,765941.0,400000.0
160,ESP-La Liga,2425,Espanyol,Pol Lozano,4,2024,141,7916,M S,30,2015,0,0.1622,0,0.1622,1,1.0036,8,18,11,0,4.4917,3.8312,Pol Lozano,939168000.0,176,0,Right,Spain,M,"MC, DM",5800000.0,1814313600.0,555.0,Midfielder,Midfielder (secondary/attacking),25.0,ESP,2027-06-30,0.0,0.007,0.0,0.007,0.045,0.045,0.357,0.804,0.372,0.0,0.0,0.996,0.0,8.323,1,1.166,26,0.0,35758323.0,5800000.0
161,ESP-La Liga,2425,Espanyol,Rafael Bauza,4,2024,141,12903,M S,5,183,0,0.0838,0,0.0838,0,0.0,3,0,1,0,0.1828,0.0989,Rafael Bauzà,1107043200.0,183,0,Right,Spain,M,MC,765000.0,1782777600.0,75.0,Midfielder,Midfielder (secondary/attacking),19.0,ESP,2026-06-30,0.0,0.041,0.0,0.041,0.0,0.0,1.475,0.0,0.139,0.0,0.0,0.0,0.0,0.282,0,0.084,3,0.0,9128878.0,0.0
162,ESP-La Liga,2425,Espanyol,Roberto Fernández,4,2024,141,13350,F S,19,1537,6,3.2453,6,3.2453,0,0.8935,21,8,1,0,5.2815,1.4016,Roberto Fernández,1025654400.0,186,0,Right,Spain,F,ST,0.0,0.0,2022.0,Forward,Striker / Centre Forward,22.0,ESP,0,0.351,0.19,0.351,0.19,0.0,0.052,1.23,0.468,0.391,1.849,1.849,0.0,0.286,6.683,6,4.139,29,0.0,0.0,0.0
163,ESP-La Liga,2425,Espanyol,Roger Hinojo,4,2024,141,13533,S,1,5,0,0.0,0,0.0,0,0.0,0,0,0,0,0.0,0.0,Roger Hinojo,1108944000.0,0,0,Left,Spain,D,DL,720000.0,1782777600.0,58.0,Forward,Striker,19.0,ESP,2026-06-30,0.0,0.0,0.0,0.0,0.0,0.0,0.0,0.0,0.0,0.0,0.0,0.0,0.0,0.0,0,0.0,0,0.0,0.0,0.0
164,ESP-La Liga,2425,Espanyol,Sergi Gómez,4,2024,141,2282,D S,12,648,0,0.1682,0,0.1682,0,0.0,2,0,1,0,0.6573,0.5505,Sergio Gómez,968025600.0,171,68,Left,Spain,M,"DL, LW",14600000.0,1909008000.0,4379.0,Defender,Defender (secondary role / versatile),24.0,ESP,2030-06-30,0.0,0.023,0.0,0.023,0.0,0.0,0.278,0.0,0.168,0.0,0.0,0.0,0.0,1.208,0,0.168,2,0.0,86801427.0,0.0
165,ESP-La Liga,2425,Espanyol,Tejero,4,2024,141,2519,D F M S,28,1227,1,0.6696,1,0.6696,4,3.329,17,32,2,0,4.4599,2.65,Álvaro Tejero,837820800.0,173,65,Both,Spain,D,DR,1900000.0,1814313600.0,302.0,Defender,Defender / versatile (can play Midfield/Forward),28.0,ESP,2027-06-30,0.073,0.049,0.073,0.049,0.293,0.244,1.247,2.347,0.522,1.493,1.493,1.202,0.059,7.11,5,3.999,49,1900000.0,2837515.0,380000.0
166,ESP-La Liga,2425,Espanyol,Urko Gonzalez,4,2024,141,8861,M S,18,1441,0,0.6779,0,0.6779,2,0.8731,4,10,2,0,3.5981,2.2631,Urko González,985046400.0,189,0,Right,Spain,M,"MC, DC, DM",4900000.0,1909008000.0,465.0,Midfielder,Midfielder (secondary/attacking),23.0,ESP,2030-06-30,0.0,0.042,0.0,0.042,0.125,0.055,0.25,0.625,0.366,0.0,0.0,2.291,0.0,5.861,2,1.551,14,0.0,7228205.0,2450000.0
167,ESP-La Liga,2425,Espanyol,Walid Cheddira,4,2024,141,11989,F S,22,587,1,1.4175,1,1.4175,1,1.0388,13,6,3,0,1.9774,0.0406,Walid Cheddira,885427200.0,187,0,Right,Morocco,F,ST,2100000.0,1782777600.0,3781.0,Forward,Striker / Centre Forward,26.0,ESP,2026-06-30,0.153,0.217,0.153,0.217,0.153,0.159,1.993,0.92,0.309,0.705,0.705,0.963,0.077,2.018,2,2.456,19,2100000.0,1481481.0,1050000.0
168,ESP-La Liga,2425,Espanyol,Álvaro Aguado,4,2024,141,10884,M S,16,421,0,0.4823,0,0.4823,1,0.75,10,4,3,0,1.5332,0.75,Álvaro Aguado,830908800.0,174,66,Right,Spain,M,MC,1600000.0,0.0,146.0,Midfielder,Midfielder (secondary/attacking),28.0,ESP,0,0.0,0.103,0.0,0.103,0.214,0.16,2.138,0.855,0.488,0.0,0.0,1.333,0.0,2.283,1,1.232,14,0.0,3317437.0,1600000.0
169,ESP-La Liga,2425,Getafe,Abdoulaye Keita,4,2024,142,13105,M S,3,92,0,0.0552,0,0.0552,0,0.0,2,0,0,0,0.0984,0.0431,Abdoulaye Keita,1030838400.0,186,0,0,Spain,M,MR,205000.0,1782777600.0,43.0,Midfielder,Midfielder (secondary/attacking),22.0,ESP,2026-06-30,0.0,0.054,0.0,0.054,0.0,0.0,1.957,0.0,0.138,0.0,0.0,0.0,0.0,0.142,0,0.055,2,0.0,3713768.0,0.0
170,ESP-La Liga,2425,Getafe,Alberto Risco,4,2024,142,12566,S,5,46,0,0.1285,0,0.1285,0,0.1526,4,4,0,0,0.2111,0.0293,Alberto Risco,1125360000.0,0,0,0,Spain,M,,190000.0,1782777600.0,56.0,Forward,Striker,19.0,ESP,2026-06-30,0.0,0.251,0.0,0.251,0.0,0.299,7.826,7.826,0.47,0.0,0.0,0.0,0.0,0.24,0,0.281,8,0.0,1478599.0,0.0
171,ESP-La Liga,2425,Getafe,Alex Sola,4,2024,142,7424,M S,19,1077,0,1.0218,0,1.0218,1,1.1394,14,9,4,0,2.3318,0.6402,Álex Sola,928886400.0,178,0,Right,Spain,F,"RW, DR",2100000.0,1782777600.0,267.0,Midfielder,Midfielder (secondary/attacking),25.0,ESP,2026-06-30,0.0,0.085,0.0,0.085,0.084,0.095,1.17,0.752,0.248,0.0,0.0,0.878,0.0,2.972,1,2.161,23,0.0,2055197.0,2100000.0
172,ESP-La Liga,2425,Getafe,Alvaro Rodríguez,4,2024,142,11186,F S,22,831,2,1.3046,2,1.3046,0,0.6382,25,5,6,0,2.5299,0.8993,Álvaro Rodriguez,1089763200.0,193,0,Left,Uruguay,F,ST,3600000.0,1877472000.0,14483.0,Forward,Striker / Centre Forward,20.0,ESP,2029-06-30,0.217,0.141,0.217,0.141,0.0,0.069,2.708,0.542,0.371,1.533,1.533,0.0,0.08,3.429,2,1.943,30,1800000.0,2759467.0,1800000.0
173,ESP-La Liga,2425,Getafe,Bertug Yildirim,4,2024,142,12039,F S,22,1101,1,2.6058,1,2.6058,0,1.142,19,9,7,0,3.1252,0.1251,Bertuğ Yıldırım,1026432000.0,186,0,Right,Türkiye,F,ST,2100000.0,1877472000.0,1599.0,Forward,Striker / Centre Forward,22.0,ESP,2029-06-30,0.082,0.213,0.082,0.213,0.0,0.093,1.553,0.736,0.266,0.384,0.384,0.0,0.053,3.25,1,3.748,28,2100000.0,805895.0,2100000.0
174,ESP-La Liga,2425,Getafe,Borja Mayoral,4,2024,142,2252,F S,24,1064,5,4.0962,4,3.3529,1,1.3159,20,8,0,0,5.9588,1.8407,Borja Mayoral,860198400.0,182,68,Right,Spain,F,ST,7800000.0,1814313600.0,2505.0,Forward,Striker / Centre Forward,27.0,ESP,2027-06-30,0.423,0.346,0.338,0.284,0.085,0.111,1.692,0.677,0.66,1.221,1.193,0.76,0.25,7.8,6,5.412,28,1560000.0,1904204.0,1300000.0
175,ESP-La Liga,2425,Getafe,Carles Pérez,4,2024,142,7609,M S,27,1438,3,3.4533,3,3.4533,0,1.214,34,16,2,0,5.9701,1.6416,Carles Pérez,887587200.0,172,0,Left,Spain,M,"RW, MR",1700000.0,1782777600.0,1018.0,Midfielder,Midfielder (secondary/attacking),26.0,ESP,2026-06-30,0.188,0.216,0.188,0.216,0.0,0.076,2.128,1.001,0.476,0.869,0.869,0.0,0.088,7.612,3,4.667,50,566667.0,492283.0,566667.0
176,ESP-La Liga,2425,Getafe,Christantus Uche,4,2024,142,12726,F M S,33,2542,4,3.5409,4,3.5409,6,4.277,50,29,5,2,10.6094,4.3192,Christantus Uche,1053302400.0,190,84,Both,Nigeria,F,"MC, ST",16500000.0,1782777600.0,4334.0,Forward,Forward / Winger / Attacking Midfielder,21.0,ESP,2026-06-30,0.142,0.125,0.142,0.125,0.212,0.151,1.77,1.027,0.529,1.13,1.13,1.403,0.08,14.929,10,7.818,79,4125000.0,4659832.0,1650000.0
177,ESP-La Liga,2425,Getafe,Coba da Costa,4,2024,142,13047,M S,19,1003,1,1.4314,1,1.4314,1,1.6261,23,9,4,0,4.223,1.6804,Coba da Costa,1027641600.0,182,0,Right,Guinea-Bissau,M,ML,2600000.0,1782777600.0,401.0,Midfielder,Midfielder (secondary/attacking),22.0,ESP,2026-06-30,0.09,0.128,0.09,0.128,0.09,0.146,2.064,0.808,0.53,0.699,0.699,0.615,0.043,5.903,2,3.058,32,2600000.0,1816404.0,1300000.0
178,ESP-La Liga,2425,Getafe,David Argüelles,4,2024,142,13106,S,1,4,0,0.0,0,0.0,0,0.0,0,0,0,0,0.0,0.0,David Arguelles,1009843200.0,170,0,Left,Spain,D,DL,160000.0,1782777600.0,12.0,Forward,Striker,22.0,ESP,2026-06-30,0.0,0.0,0.0,0.0,0.0,0.0,0.0,0.0,0.0,0.0,0.0,0.0,0.0,0.0,0,0.0,0,0.0,0.0,0.0
179,ESP-La Liga,2425,Getafe,David Soria,4,2024,142,2415,GK,38,3420,0,0.0,0,0.0,0,0.0,0,0,2,0,1.1858,1.1858,David Soria,733881600.0,192,85,Right,Spain,G,GK,2900000.0,1782777600.0,892.0,Goalkeeper,Goalkeeper (starter),31.0,ESP,2026-06-30,0.0,0.0,0.0,0.0,0.0,0.0,0.0,0.0,0.062,0.0,0.0,0.0,0.0,2.372,0,0.0,0,0.0,0.0,0.0
180,ESP-La Liga,2425,Getafe,Diego Rico,4,2024,142,5065,D S,33,2822,0,0.3332,0,0.3332,3,3.2882,16,36,9,1,8.3012,5.7973,Diego Rico,730425600.0,181,76,Left,Spain,D,DL,1200000.0,1782777600.0,788.0,Defender,Defender (secondary role / versatile),31.0,ESP,2026-06-30,0.0,0.011,0.0,0.011,0.096,0.105,0.51,1.148,0.45,0.0,0.0,0.912,0.0,14.098,3,3.621,52,0.0,3601441.0,400000.0
181,ESP-La Liga,2425,Getafe,Djené Dakonam,4,2024,142,6151,D M,31,2566,0,0.231,0,0.231,0,0.5771,6,9,12,1,2.1826,1.6235,0,0.0,0,0,0,0,0,0,0.0,0.0,0.0,Defender,Defender / Midfielder (versatile),0.0,ESP,0,0.0,0.008,0.0,0.008,0.0,0.02,0.21,0.316,0.133,0.0,0.0,0.0,0.0,3.806,0,0.808,15,0.0,0.0,0.0
182,ESP-La Liga,2425,Getafe,Domingos Duarte,4,2024,142,7860,D S,22,1865,1,0.4833,1,0.4833,0,0.0427,3,2,3,2,2.0276,1.9849,Domingos Duarte,794793600.0,191,83,Right,Portugal,D,DC,870000.0,1782777600.0,706.0,Defender,Defender (secondary role / versatile),29.0,ESP,2026-06-30,0.048,0.023,0.048,0.023,0.0,0.002,0.145,0.097,0.194,2.069,2.069,0.0,0.333,4.012,1,0.526,5,870000.0,1800124.0,870000.0
183,ESP-La Liga,2425,Getafe,Gorka Rivera,4,2024,142,10991,S,1,15,0,0.0,0,0.0,0,0.0,0,0,0,0,0.0,0.0,Gorka Rivera,1091318400.0,175,0,Left,Spain,D,,105000.0,1877472000.0,15.0,Forward,Striker,20.0,ESP,2029-06-30,0.0,0.0,0.0,0.0,0.0,0.0,0.0,0.0,0.0,0.0,0.0,0.0,0.0,0.0,0,0.0,0,0.0,0.0,0.0
184,ESP-La Liga,2425,Getafe,Ismael Bekhoucha,4,2024,142,13334,S,5,51,0,0.0,0,0.0,0,0.0,0,0,2,0,0.0994,0.0994,Ismael Bekhoucha,1100908800.0,176,0,Right,Morocco,D,,290000.0,1845936000.0,1032.0,Forward,Striker,20.0,ESP,2028-06-30,0.0,0.0,0.0,0.0,0.0,0.0,0.0,0.0,0.351,0.0,0.0,0.0,0.0,0.199,0,0.0,0,0.0,0.0,0.0
185,ESP-La Liga,2425,Getafe,Jesús Santiago,4,2024,142,10561,M S,19,333,0,0.0228,0,0.0228,0,0.0,1,0,4,0,0.2263,0.2036,Jesús Santiago Garrido,1087344000.0,0,0,0,Spain,M,,0.0,0.0,1.0,Midfielder,Midfielder (secondary/attacking),20.0,ESP,0,0.0,0.006,0.0,0.006,0.0,0.0,0.27,0.0,0.116,0.0,0.0,0.0,0.0,0.43,0,0.023,1,0.0,0.0,0.0
186,ESP-La Liga,2425,Getafe,John Finn,4,2024,142,9170,S,4,36,0,0.1108,0,0.1108,0,0.0,2,0,1,0,0.1272,0.0164,Max Johnston,1131926400.0,185,0,Left,Ireland,F,ST,0.0,1795996800.0,9.0,Forward,Striker,19.0,ESP,2026-11-30,0.0,0.277,0.0,0.277,0.0,0.0,5.0,0.0,0.359,0.0,0.0,0.0,0.0,0.144,0,0.111,2,0.0,0.0,0.0
187,ESP-La Liga,2425,Getafe,Juan Bernat,4,2024,142,414,D M S,24,892,0,0.6868,0,0.6868,2,1.0955,6,10,0,0,3.2359,1.6032,Juan Bernat,730944000.0,170,67,Left,Spain,D,"DL, ML",1600000.0,1782777600.0,1136.0,Defender,Defender / Defensive Midfielder,31.0,ESP,2026-06-30,0.0,0.069,0.0,0.069,0.202,0.111,0.605,1.009,0.488,0.0,0.0,1.826,0.0,4.839,2,1.782,16,0.0,2329645.0,800000.0
188,ESP-La Liga,2425,Getafe,Juan Berrocal,4,2024,142,7186,D S,19,1061,0,0.5594,0,0.5594,0,0.0099,4,1,6,1,1.2938,1.2938,Juan Berrocal,918172800.0,187,0,Both,Spain,D,DC,1500000.0,1782777600.0,93.0,Defender,Defender (secondary role / versatile),25.0,ESP,2026-06-30,0.0,0.047,0.0,0.047,0.0,0.001,0.339,0.085,0.219,0.0,0.0,0.0,0.0,2.588,0,0.569,5,0.0,2681444.0,0.0
189,ESP-La Liga,2425,Getafe,Juan Iglesias,4,2024,142,9218,D M S,37,2888,0,1.4232,0,1.4232,1,2.0262,21,19,4,0,7.2845,5.1037,Juan Iglesias,899424000.0,185,0,Right,Spain,D,DR,4800000.0,1782777600.0,580.0,Defender,Defender / Defensive Midfielder,26.0,ESP,2026-06-30,0.0,0.044,0.0,0.044,0.031,0.063,0.654,0.592,0.386,0.0,0.0,0.494,0.0,12.388,1,3.449,40,0.0,3372681.0,4800000.0
190,ESP-La Liga,2425,Getafe,Juanmi,4,2024,142,897,F M S,24,914,0,3.6875,0,3.6875,0,0.8352,19,8,4,0,6.0107,1.7332,Juanmi Latasa,985305600.0,191,0,Left,Spain,F,ST,1900000.0,1877472000.0,1927.0,Forward,Forward / Winger / Attacking Midfielder,23.0,ESP,2029-06-30,0.0,0.363,0.0,0.363,0.0,0.082,1.871,0.788,0.763,0.0,0.0,0.0,0.0,7.744,0,4.523,27,0.0,515254.0,0.0
191,ESP-La Liga,2425,Getafe,Luis Milla,4,2024,142,8725,M S,33,2887,1,1.855,0,1.1117,4,4.2541,32,70,6,0,6.3548,4.9418,Luis Milla,781488000.0,175,0,Right,Spain,M,"MC, DM",3200000.0,1814313600.0,1579.0,Midfielder,Midfielder (secondary/attacking),30.0,ESP,2027-06-30,0.031,0.058,0.0,0.035,0.125,0.133,0.998,2.182,0.352,0.539,0.0,0.94,0.031,11.297,5,6.109,102,3200000.0,1725067.0,640000.0
192,ESP-La Liga,2425,Getafe,Mauro Arambarri,4,2024,142,3264,F M S,35,2670,10,9.4817,7,7.2519,0,0.6497,56,18,10,0,9.0334,3.0905,Mauro Arambarri,812419200.0,175,76,Right,Uruguay,M,"MC, DM",10300000.0,1845936000.0,1475.0,Forward,Forward / Winger / Attacking Midfielder,29.0,ESP,2028-06-30,0.337,0.32,0.236,0.244,0.0,0.022,1.888,0.607,0.409,1.055,0.965,0.0,0.179,12.124,10,10.131,74,1030000.0,1086303.0,1030000.0
193,ESP-La Liga,2425,Getafe,Nabil Aberdin,4,2024,142,12154,M S,7,270,0,0.0329,0,0.0329,0,0.011,2,1,1,0,0.093,0.0601,Nabil Aberdin,1030060800.0,182,0,Right,France,D,DC,560000.0,1782777600.0,253.0,Midfielder,Midfielder (secondary/attacking),22.0,ESP,2026-06-30,0.0,0.011,0.0,0.011,0.0,0.004,0.667,0.333,0.051,0.0,0.0,0.0,0.0,0.153,0,0.044,3,0.0,17021277.0,0.0
194,ESP-La Liga,2425,Getafe,Nyom,4,2024,142,565,D M S,20,877,1,0.5396,1,0.5396,2,0.366,9,5,3,0,0.99,0.392,Allan Nyom,579225600.0,190,81,Right,Cameroon,D,"DR, DC",220000.0,1782777600.0,779.0,Defender,Defender / Defensive Midfielder,36.0,ESP,2026-06-30,0.103,0.055,0.103,0.055,0.205,0.038,0.924,0.513,0.142,1.853,1.853,5.464,0.111,1.382,3,0.906,14,220000.0,407709.0,73333.0
195,ESP-La Liga,2425,Getafe,Omar Alderete,4,2024,142,8986,D M,34,2999,1,2.1423,1,2.1423,0,0.9148,38,11,8,0,3.783,2.7438,Omar Alderete,851558400.0,187,77,Left,Paraguay,D,DC,12700000.0,1877472000.0,5378.0,Defender,Defender / Midfielder (versatile),28.0,ESP,2029-06-30,0.03,0.064,0.03,0.064,0.0,0.027,1.14,0.33,0.196,0.467,0.467,0.0,0.026,6.527,1,3.057,49,12700000.0,5928208.0,12700000.0
196,ESP-La Liga,2425,Getafe,Peter,4,2024,142,10188,M S,17,433,0,1.1895,0,1.1895,0,0.1225,12,4,1,0,1.7002,0.6088,Péter Gulácsi,641952000.0,190,83,Right,Hungary,G,GK,1900000.0,1814313600.0,2324.0,Midfielder,Midfielder (secondary/attacking),34.0,ESP,2027-06-30,0.0,0.247,0.0,0.247,0.0,0.025,2.494,0.831,0.48,0.0,0.0,0.0,0.0,2.309,0,1.312,16,0.0,1597310.0,0.0
197,ESP-La Liga,2425,Getafe,Ramón Terrats,4,2024,142,10947,F M S,26,1356,4,2.9134,4,2.9134,1,3.2674,21,17,2,0,8.1154,3.2385,Ramón Terrats,971827200.0,179,0,Left,Spain,M,"MC, DM",3200000.0,1782777600.0,546.0,Forward,Forward / Winger / Attacking Midfielder,24.0,ESP,2026-06-30,0.265,0.193,0.265,0.193,0.066,0.217,1.394,1.128,0.754,1.373,1.373,0.306,0.19,11.354,5,6.181,38,800000.0,1098373.0,640000.0
198,ESP-La Liga,2425,Girona,Abel Ruiz,4,2024,223,7549,F S,23,1383,4,4.9006,3,3.414,0,0.4394,23,8,3,0,4.8687,1.3843,Abel Ruíz,949017600.0,182,0,Right,Spain,F,ST,2800000.0,1877472000.0,1418.0,Forward,Striker / Centre Forward,24.0,ESP,2029-06-30,0.26,0.319,0.195,0.222,0.0,0.029,1.497,0.521,0.407,0.816,0.879,0.0,0.174,6.253,4,5.34,31,700000.0,571359.0,700000.0
199,ESP-La Liga,2425,Girona,Alejandro Francés,4,2024,223,12723,D S,18,1188,0,0.1602,0,0.1602,0,0.3334,6,3,2,0,3.618,3.4983,Alejandro Francés,1028160000.0,180,0,Right,Spain,D,"DC, DR",2800000.0,1877472000.0,577.0,Defender,Defender (secondary role / versatile),22.0,ESP,2029-06-30,0.0,0.012,0.0,0.012,0.0,0.025,0.455,0.227,0.539,0.0,0.0,0.0,0.0,7.116,0,0.494,9,0.0,17478152.0,0.0
200,ESP-La Liga,2425,Girona,Arnau Martinez,4,2024,223,10949,D M S,32,2631,2,2.5854,2,2.5854,2,1.9221,19,18,3,0,10.2275,8.0978,Arnau Martínez,1051228800.0,181,0,Right,Spain,D,DR,10800000.0,1814313600.0,1619.0,Defender,Defender / Defensive Midfielder,21.0,ESP,2027-06-30,0.068,0.088,0.068,0.088,0.068,0.066,0.65,0.616,0.627,0.774,0.774,1.041,0.105,18.325,4,4.508,37,5400000.0,4177303.0,2700000.0
201,ESP-La Liga,2425,Girona,Arnaut Danjuma Groeneveld,4,2024,223,8066,F M S,28,1562,4,4.4171,4,4.4171,0,2.2786,36,24,3,0,6.5542,1.8586,0,0.0,0,0,0,0,0,0,0.0,0.0,0.0,Forward,Forward / Winger / Attacking Midfielder,0.0,ESP,0,0.23,0.255,0.23,0.255,0.0,0.131,2.074,1.383,0.485,0.906,0.906,0.0,0.111,8.413,4,6.696,60,0.0,0.0,0.0
202,ESP-La Liga,2425,Girona,Arthur,4,2024,223,6942,M S,15,943,0,0.2702,0,0.2702,0,0.1783,6,5,2,0,1.3802,1.2591,Arthur,839808000.0,172,67,Right,Brazil,M,"MC, DM",4200000.0,1782777600.0,9008.0,Midfielder,Midfielder (secondary/attacking),28.0,ESP,2026-06-30,0.0,0.026,0.0,0.026,0.0,0.017,0.573,0.477,0.252,0.0,0.0,0.0,0.0,2.639,0,0.448,11,0.0,15544041.0,0.0
203,ESP-La Liga,2425,Girona,Bojan Miovski,4,2024,223,12995,F S,17,898,2,2.6757,2,2.6757,1,0.1712,14,4,0,0,3.2488,0.7153,Bojan Miovski,930182400.0,188,0,Left,North Macedonia,F,ST,2400000.0,1877472000.0,1303.0,Forward,Striker / Centre Forward,25.0,ESP,2029-06-30,0.2,0.268,0.2,0.268,0.1,0.017,1.403,0.401,0.397,0.747,0.747,5.841,0.143,3.964,3,2.847,18,1200000.0,896962.0,800000.0
204,ESP-La Liga,2425,Girona,Bryan Gil Salvatierra,4,2024,223,7338,D F M S,25,1769,3,2.3541,3,2.3541,3,2.9273,32,22,4,0,7.8518,4.513,0,0.0,0,0,0,0,0,0,0.0,0.0,0.0,Defender,Defender / versatile (can play Midfield/Forward),0.0,ESP,0,0.153,0.12,0.153,0.12,0.153,0.149,1.628,1.119,0.629,1.274,1.274,1.025,0.094,12.365,6,5.281,54,0.0,0.0,0.0
205,ESP-La Liga,2425,Girona,Cristhian Stuani,4,2024,223,1709,F S,32,998,11,8.7134,8,6.4836,2,0.4286,34,7,4,0,5.7981,0.6325,Cristhian Stuani,529459200.0,184,74,Right,Uruguay,F,ST,835000.0,1782777600.0,1810.0,Forward,Striker / Centre Forward,38.0,ESP,2026-06-30,0.992,0.786,0.721,0.585,0.18,0.039,3.066,0.631,0.58,1.262,1.234,4.666,0.324,6.431,13,9.142,41,75909.0,95829.0,64231.0
206,ESP-La Liga,2425,Girona,Daley Blind,4,2024,223,548,D S,34,2774,0,0.4222,0,0.4222,2,2.2112,10,19,2,0,12.4186,10.995,Daley Blind,636940800.0,180,72,Left,Netherlands,D,"DC, DL",1500000.0,1782777600.0,2808.0,Defender,Defender (secondary role / versatile),34.0,ESP,2026-06-30,0.0,0.014,0.0,0.014,0.065,0.072,0.324,0.616,0.76,0.0,0.0,0.904,0.0,23.414,2,2.633,29,0.0,3552819.0,750000.0
207,ESP-La Liga,2425,Girona,David López,4,2024,223,1857,D S,29,2429,1,1.017,1,1.017,1,0.776,12,4,4,0,8.8944,8.7978,David López,623894400.0,185,81,Right,Spain,D,DC,730000.0,1782777600.0,522.0,Defender,Defender (secondary role / versatile),35.0,ESP,2026-06-30,0.037,0.038,0.037,0.038,0.037,0.029,0.445,0.148,0.656,0.983,0.983,1.289,0.083,17.692,2,1.793,16,730000.0,717797.0,365000.0
208,ESP-La Liga,2425,Girona,Donny van de Beek,4,2024,223,8821,M S,26,1435,2,1.39,2,1.39,2,3.2031,18,18,5,0,6.7112,4.5297,Donny van de Beek,861321600.0,183,74,Right,Netherlands,M,"MC, AM, DM",2100000.0,1845936000.0,7832.0,Midfielder,Midfielder (secondary/attacking),27.0,ESP,2028-06-30,0.125,0.087,0.125,0.087,0.125,0.201,1.129,1.129,0.705,1.439,1.439,0.624,0.111,11.241,4,4.593,36,1050000.0,1510791.0,525000.0
209,ESP-La Liga,2425,Girona,Ferrán Ruiz,4,2024,223,13186,S,1,14,0,0.0,0,0.0,0,0.0,0,0,0,0,0.0,0.0,Ferrán Ruiz,1051315200.0,172,0,Right,Spain,D,,26000.0,1782777600.0,35.0,Forward,Striker,21.0,ESP,2026-06-30,0.0,0.0,0.0,0.0,0.0,0.0,0.0,0.0,0.0,0.0,0.0,0.0,0.0,0.0,0,0.0,0,0.0,0.0,0.0
210,ESP-La Liga,2425,Girona,Gabriel Misehouy,4,2024,223,12722,F S,9,235,1,0.7536,1,0.7536,0,0.1837,6,4,0,0,1.0117,0.2544,Gabriel Misehouy,1121644800.0,173,0,Right,Netherlands,M,MC,875000.0,1782777600.0,659.0,Forward,Striker / Centre Forward,19.0,ESP,2026-06-30,0.383,0.289,0.383,0.289,0.0,0.07,2.298,1.532,0.485,1.327,1.327,0.0,0.167,1.266,1,0.937,10,875000.0,1161093.0,875000.0
211,ESP-La Liga,2425,Girona,Iker Almena,4,2024,223,11738,S,2,40,0,0.0408,0,0.0408,1,0.5272,1,2,0,0,0.6716,0.1276,Iker Almena,1083628800.0,176,71,Left,Spain,M,ML,1400000.0,1782777600.0,543.0,Forward,Striker,20.0,ESP,2026-06-30,0.0,0.092,0.0,0.092,2.25,1.186,2.25,4.5,1.798,0.0,0.0,1.897,0.0,0.799,1,0.568,3,0.0,34313725.0,1400000.0
212,ESP-La Liga,2425,Girona,Iván Martín,4,2024,223,7529,M S,32,2054,1,1.4308,1,1.4308,1,1.887,11,22,1,0,10.7368,8.1579,Iván Martín,918950400.0,178,0,Left,Spain,M,"MC, DM, AM",5500000.0,1845936000.0,882.0,Midfielder,Midfielder (secondary/attacking),25.0,ESP,2028-06-30,0.044,0.063,0.044,0.063,0.044,0.083,0.482,0.964,0.828,0.699,0.699,0.53,0.091,18.895,2,3.318,33,5500000.0,3844003.0,2750000.0
213,ESP-La Liga,2425,Girona,Jhon Solis,4,2024,223,12046,M S,19,491,1,0.6953,1,0.6953,0,0.0517,4,2,3,0,1.4002,0.7516,Jhon Solís,1096761600.0,186,0,Right,Colombia,M,"MC, DM",2700000.0,1782777600.0,1633.0,Midfielder,Midfielder (secondary/attacking),20.0,ESP,2026-06-30,0.183,0.127,0.183,0.127,0.0,0.009,0.733,0.367,0.394,1.438,1.438,0.0,0.25,2.152,1,0.747,6,2700000.0,3883216.0,2700000.0
214,ESP-La Liga,2425,Girona,Juanpe,4,2024,223,6121,D S,12,720,0,0.0913,0,0.0913,0,0.1764,2,3,2,0,2.1676,2.1607,Juanpe,672969600.0,189,85,Right,Spain,D,DC,520000.0,1811721600.0,172.0,Defender,Defender (secondary role / versatile),33.0,ESP,2027-05-31,0.0,0.011,0.0,0.011,0.0,0.022,0.25,0.375,0.541,0.0,0.0,0.0,0.0,4.328,0,0.268,5,0.0,5695509.0,0.0
215,ESP-La Liga,2425,Girona,Kim Min-Su,4,2024,223,13152,S,3,19,0,0.0,0,0.0,0,0.0,0,0,0,0,0.048,0.048,Min-su Kim,1137628800.0,177,0,Right,South Korea,F,LW,2100000.0,1782777600.0,742.0,Forward,Striker,18.0,ESP,2026-06-30,0.0,0.0,0.0,0.0,0.0,0.0,0.0,0.0,0.455,0.0,0.0,0.0,0.0,0.096,0,0.0,0,0.0,0.0,0.0
216,ESP-La Liga,2425,Girona,Ladislav Krejcí,4,2024,223,12721,D S,28,2436,2,1.6797,2,1.6797,0,0.3311,18,8,9,0,5.4765,5.1274,Ladislav Krejčí,924566400.0,191,0,Left,Czechia,D,"DC, DL",21000000.0,1782777600.0,2131.0,Defender,Defender (secondary role / versatile),25.0,ESP,2026-06-30,0.074,0.062,0.074,0.062,0.0,0.012,0.665,0.296,0.392,1.191,1.191,0.0,0.111,10.604,2,2.011,26,10500000.0,12502233.0,10500000.0
217,ESP-La Liga,2425,Girona,Miguel Gutiérrez,4,2024,223,8513,D M,29,2477,1,1.8718,1,1.8718,5,4.0576,28,41,4,0,13.2778,10.0923,Miguel Gutiérrez,996192000.0,180,0,Left,Spain,D,"DL, ML",18500000.0,1909008000.0,4357.0,Defender,Defender / Midfielder (versatile),23.0,ESP,2030-06-30,0.036,0.068,0.036,0.068,0.182,0.147,1.017,1.49,0.849,0.534,0.534,1.232,0.036,23.37,6,5.929,69,18500000.0,9883535.0,3083333.0
218,ESP-La Liga,2425,Girona,Oriol Romeu,4,2024,223,842,M S,25,1357,0,0.2026,0,0.2026,0,0.5508,5,8,5,0,7.1598,6.5699,Oriol Romeu,685670400.0,182,83,Right,Spain,M,"MC, DM",740000.0,0.0,14132.0,Midfielder,Midfielder (secondary/attacking),33.0,ESP,0,0.0,0.013,0.0,0.013,0.0,0.037,0.332,0.531,0.911,0.0,0.0,0.0,0.0,13.73,0,0.753,13,0.0,3652517.0,0.0
219,ESP-La Liga,2425,Girona,Papa Dame Ba,4,2024,223,13171,S,1,48,0,0.0731,0,0.0731,0,0.0,1,0,0,0,0.1033,0.0302,Pape Mamadou Diouf,410140800.0,185,0,Right,Senegal,G,,0.0,0.0,1.0,Forward,Striker,42.0,ESP,0,0.0,0.137,0.0,0.137,0.0,0.0,1.875,0.0,0.25,0.0,0.0,0.0,0.0,0.134,0,0.073,1,0.0,0.0,0.0
220,ESP-La Liga,2425,Girona,Pau López,4,2024,223,2107,S,1,42,0,0.0,0,0.0,0,0.0,0,0,0,0,0.0,0.0,Pau López,787276800.0,189,77,Left,Spain,G,GK,2700000.0,1845936000.0,1229.0,Forward,Striker,30.0,ESP,2028-06-30,0.0,0.0,0.0,0.0,0.0,0.0,0.0,0.0,0.0,0.0,0.0,0.0,0.0,0.0,0,0.0,0,0.0,0.0,0.0
221,ESP-La Liga,2425,Girona,Paulo Gazzaniga,4,2024,223,973,GK,36,3198,0,0.0,0,0.0,0,0.0,0,0,3,0,4.4779,4.4779,Paulo Gazzaniga,694310400.0,196,90,Right,Argentina,G,GK,2100000.0,1814313600.0,1919.0,Goalkeeper,Goalkeeper (starter),32.0,ESP,2027-06-30,0.0,0.0,0.0,0.0,0.0,0.0,0.0,0.0,0.252,0.0,0.0,0.0,0.0,8.956,0,0.0,0,0.0,0.0,0.0
222,ESP-La Liga,2425,Girona,Portu,4,2024,223,6118,F M S,27,728,1,1.7564,1,1.7564,2,1.6341,8,14,4,0,4.3056,0.9802,Portu,706406400.0,167,70,Right,Spain,F,RW,1600000.0,1814313600.0,866.0,Forward,Forward / Winger / Attacking Midfielder,32.0,ESP,2027-06-30,0.124,0.217,0.124,0.217,0.247,0.202,0.989,1.731,0.653,0.569,0.569,1.224,0.125,5.286,3,3.391,22,1600000.0,910954.0,533333.0
223,ESP-La Liga,2425,Girona,Silvi Clua,4,2024,223,11737,M S,4,163,0,0.034,0,0.034,0,0.034,2,1,0,0,0.6803,0.6124,Gabriel Silva,1016755200.0,177,0,Both,Brazil,F,"LW, ST",4200000.0,1814313600.0,820.0,Midfielder,Midfielder (secondary/attacking),22.0,ESP,2027-06-30,0.0,0.019,0.0,0.019,0.0,0.019,1.104,0.552,0.714,0.0,0.0,0.0,0.0,1.293,0,0.068,3,0.0,123529412.0,0.0
224,ESP-La Liga,2425,Girona,Viktor Tsygankov,4,2024,223,11322,F M S,27,1947,2,2.9573,2,2.9573,5,4.1548,35,33,1,0,8.7676,4.7184,Viktor Tsygankov,879552000.0,178,70,Left,Ukraine,M,RW,15700000.0,1814313600.0,5455.0,Forward,Forward / Winger / Attacking Midfielder,27.0,ESP,2027-06-30,0.092,0.137,0.092,0.137,0.231,0.192,1.618,1.525,0.623,0.676,0.676,1.203,0.057,13.486,7,7.112,68,7850000.0,5308897.0,2242857.0
225,ESP-La Liga,2425,Girona,Vladyslav Krapyvtsov,4,2024,223,13420,GK,2,180,0,0.0,0,0.0,0,0.0,0,0,0,0,0.0,0.0,Vladyslav Krapyvtsov,1119657600.0,188,70,Right,Ukraine,G,GK,440000.0,1877472000.0,605.0,Goalkeeper,Goalkeeper (starter),19.0,ESP,2029-06-30,0.0,0.0,0.0,0.0,0.0,0.0,0.0,0.0,0.0,0.0,0.0,0.0,0.0,0.0,0,0.0,0,0.0,0.0,0.0
226,ESP-La Liga,2425,Girona,Yangel Herrera,4,2024,223,7350,M S,29,2293,4,4.8262,4,4.8262,3,2.4068,39,16,10,1,8.7445,4.2101,Yangel Herrera,884131200.0,184,75,Right,Venezuela,M,"MC, DM",8400000.0,1909008000.0,4318.0,Midfielder,Midfielder (secondary/attacking),26.0,ESP,2030-06-30,0.157,0.189,0.157,0.189,0.118,0.094,1.531,0.628,0.508,0.829,0.829,1.246,0.103,12.955,7,7.233,55,2100000.0,1740500.0,1200000.0
227,ESP-La Liga,2425,Girona,Yáser Asprilla,4,2024,223,13005,F M S,27,1392,3,1.9813,3,1.9813,1,3.0594,38,24,2,0,8.9573,5.0472,Yáser Asprilla,1069200000.0,176,0,Left,Colombia,M,"RW, AM",12800000.0,1782777600.0,10133.0,Forward,Forward / Winger / Attacking Midfielder,21.0,ESP,2026-06-30,0.194,0.128,0.194,0.128,0.065,0.198,2.457,1.552,0.905,1.514,1.514,0.327,0.079,14.004,4,5.041,62,4266667.0,6460405.0,3200000.0
228,ESP-La Liga,2425,Las Palmas,Aboubacar Bassinga,4,2024,144,12736,S,1,2,0,0.0,0,0.0,0,0.0,0,0,0,0,0.0,0.0,Aboubacar Bassinga,1121212800.0,0,0,Left,Côte d'Ivoire,M,,195000.0,1782777600.0,112.0,Forward,Striker,19.0,ESP,2026-06-30,0.0,0.0,0.0,0.0,0.0,0.0,0.0,0.0,0.0,0.0,0.0,0.0,0.0,0.0,0,0.0,0,0.0,0.0,0.0
229,ESP-La Liga,2425,Las Palmas,Adnan Januzaj,4,2024,144,323,F M S,18,563,2,0.9913,2,0.9913,1,1.1677,16,16,4,0,2.8455,1.2665,Adnan Januzaj,791942400.0,186,75,Left,Belgium,M,RW,1300000.0,1782777600.0,1629.0,Forward,Forward / Winger / Attacking Midfielder,29.0,ESP,2026-06-30,0.32,0.158,0.32,0.158,0.16,0.187,2.558,2.558,0.657,2.018,2.018,0.856,0.125,4.112,3,2.159,32,650000.0,1311409.0,433333.0
230,ESP-La Liga,2425,Las Palmas,Alberto Moleiro,4,2024,144,12160,F M S,35,2765,6,5.7492,6,5.7492,1,3.6762,68,41,5,0,12.8303,5.8283,Alberto Moleiro,1064880000.0,172,0,Right,Spain,M,"ML, LW",33000000.0,1909008000.0,3674.0,Forward,Forward / Winger / Attacking Midfielder,21.0,ESP,2030-06-30,0.195,0.187,0.195,0.187,0.033,0.12,2.213,1.335,0.607,1.044,1.044,0.272,0.088,18.659,7,9.425,109,5500000.0,5739929.0,4714286.0
231,ESP-La Liga,2425,Las Palmas,Andy Pelmard,4,2024,144,6501,D S,4,202,0,0.0173,0,0.0173,0,0.0776,1,1,1,0,0.1174,0.1174,Andy Pelmard,952819200.0,179,0,Right,Madagascar,D,"DC, DR",2100000.0,1782777600.0,439.0,Defender,Defender (secondary role / versatile),24.0,ESP,2026-06-30,0.0,0.008,0.0,0.008,0.0,0.035,0.446,0.446,0.105,0.0,0.0,0.0,0.0,0.235,0,0.095,2,0.0,121387283.0,0.0
232,ESP-La Liga,2425,Las Palmas,Arturo Rodríguez,4,2024,144,13644,S,1,18,0,0.0,0,0.0,0,0.0,0,0,0,0,0.0,0.0,Arturo Rodríguez,1154736000.0,0,0,Left,Spain,F,,23000.0,1845936000.0,16.0,Forward,Striker,18.0,ESP,2028-06-30,0.0,0.0,0.0,0.0,0.0,0.0,0.0,0.0,0.0,0.0,0.0,0.0,0.0,0.0,0,0.0,0,0.0,0.0,0.0
233,ESP-La Liga,2425,Las Palmas,Benito Ramírez,4,2024,144,5041,D M S,19,431,0,0.3132,0,0.3132,0,0.9065,10,13,2,1,1.9999,1.3046,Benito Ramírez,805420800.0,180,0,Left,Spain,M,DL,650000.0,1782777600.0,84.0,Defender,Defender / Defensive Midfielder,29.0,ESP,2026-06-30,0.0,0.065,0.0,0.065,0.0,0.189,2.088,2.715,0.69,0.0,0.0,0.0,0.0,3.304,0,1.22,23,0.0,2075351.0,0.0
234,ESP-La Liga,2425,Las Palmas,Daley Sinkgraven,4,2024,144,7899,D S,2,94,0,0.0,0,0.0,0,0.0143,0,1,0,0,0.5969,0.5969,Daley Sinkgraven,804816000.0,179,65,Left,Netherlands,D,DL,415000.0,1782777600.0,222.0,Defender,Defender (secondary role / versatile),29.0,ESP,2026-06-30,0.0,0.0,0.0,0.0,0.0,0.014,0.0,0.957,1.143,0.0,0.0,0.0,0.0,1.194,0,0.014,1,0.0,0.0,0.0
235,ESP-La Liga,2425,Las Palmas,Diego Martín,4,2024,144,13531,S,2,30,0,0.0174,0,0.0174,0,0.0,1,0,0,0,0.0174,0.0,Diego Martínez Beto,1175904000.0,0,0,Right,Spain,M,MC,23000.0,1909008000.0,397.0,Forward,Striker,17.0,ESP,2030-06-30,0.0,0.052,0.0,0.052,0.0,0.0,3.0,0.0,0.052,0.0,0.0,0.0,0.0,0.017,0,0.017,1,0.0,1321839.0,0.0
236,ESP-La Liga,2425,Las Palmas,Dinko Horkas,4,2024,144,12740,GK S,13,1081,0,0.0,0,0.0,0,0.0,0,0,1,0,0.6876,0.6876,Dinko Horkaš,921024000.0,189,0,Right,Croatia,G,GK,1100000.0,1845936000.0,375.0,Goalkeeper,Goalkeeper (substitute/secondary),25.0,ESP,2028-06-30,0.0,0.0,0.0,0.0,0.0,0.0,0.0,0.0,0.114,0.0,0.0,0.0,0.0,1.375,0,0.0,0,0.0,0.0,0.0
237,ESP-La Liga,2425,Las Palmas,Dário Essugo,4,2024,144,13094,M S,27,1985,1,0.6471,1,0.6471,0,0.4317,23,13,7,2,4.4655,3.757,Dário Essugo,1110758400.0,178,0,Right,Portugal,M,"MC, DM",18600000.0,2003702400.0,9959.0,Midfielder,Midfielder (secondary/attacking),19.0,ESP,2033-06-30,0.045,0.029,0.045,0.029,0.0,0.02,1.043,0.589,0.373,1.545,1.545,0.0,0.043,8.222,1,1.079,36,18600000.0,28743625.0,18600000.0
238,ESP-La Liga,2425,Las Palmas,Enzo Loiodice,4,2024,144,6712,M S,17,661,0,0.2166,0,0.2166,0,0.1672,7,5,3,0,1.9231,1.7084,Enzo Loiodice,975283200.0,176,0,Left,France,M,"MC, DM, AM",1200000.0,1782777600.0,331.0,Midfielder,Midfielder (secondary/attacking),24.0,ESP,2026-06-30,0.0,0.029,0.0,0.029,0.0,0.023,0.953,0.681,0.494,0.0,0.0,0.0,0.0,3.632,0,0.384,12,0.0,5540166.0,0.0
239,ESP-La Liga,2425,Las Palmas,Fabio González,4,2024,144,6079,S,2,44,0,0.075,0,0.075,0,0.0,2,0,0,0,0.0345,0.0,Fabio González,855705600.0,176,0,Right,Spain,M,"MC, DM",490000.0,1782777600.0,35.0,Forward,Striker,27.0,ESP,2026-06-30,0.0,0.153,0.0,0.153,0.0,0.0,4.091,0.0,0.071,0.0,0.0,0.0,0.0,0.034,0,0.075,2,0.0,6533333.0,0.0
240,ESP-La Liga,2425,Las Palmas,Fabio Silva,4,2024,144,8778,F M S,24,1902,10,9.2773,8,7.0475,3,2.4878,49,16,7,0,9.9647,2.4896,Fábio Silva,1027036800.0,185,0,Right,Portugal,F,"ST, LW",27000000.0,1909008000.0,5401.0,Forward,Forward / Winger / Attacking Midfielder,22.0,ESP,2030-06-30,0.473,0.439,0.379,0.333,0.142,0.118,2.319,0.757,0.589,1.078,1.135,1.206,0.204,12.454,13,11.765,65,2700000.0,2910330.0,2076923.0
241,ESP-La Liga,2425,Las Palmas,Jaime Mata,4,2024,144,7009,F M S,30,571,0,2.4545,0,2.4545,0,0.107,17,3,8,0,3.0006,0.5711,Jaime Mata,593654400.0,185,75,Right,Spain,F,ST,95000.0,1782777600.0,435.0,Forward,Forward / Winger / Attacking Midfielder,36.0,ESP,2026-06-30,0.0,0.387,0.0,0.387,0.0,0.017,2.68,0.473,0.563,0.0,0.0,0.0,0.0,3.572,0,2.562,20,0.0,38704.0,0.0
242,ESP-La Liga,2425,Las Palmas,Jasper Cillessen,4,2024,144,5057,GK,27,2339,0,0.0,0,0.0,0,0.0,0,0,1,0,2.9259,2.9259,Jasper Cillessen,609206400.0,185,83,Right,Netherlands,G,GK,275000.0,1782777600.0,1483.0,Goalkeeper,Goalkeeper (starter),35.0,ESP,2026-06-30,0.0,0.0,0.0,0.0,0.0,0.0,0.0,0.0,0.225,0.0,0.0,0.0,0.0,5.852,0,0.0,0,0.0,0.0,0.0
243,ESP-La Liga,2425,Las Palmas,Javi Muñoz,4,2024,144,4168,D M S,35,2592,1,2.0363,1,2.0363,3,2.3169,25,29,5,0,8.4573,5.3596,Javier Muñoz,793929600.0,179,75,Right,Spain,M,"MC, AM",1400000.0,1845936000.0,316.0,Defender,Defender / Defensive Midfielder,29.0,ESP,2028-06-30,0.035,0.071,0.035,0.071,0.104,0.08,0.868,1.007,0.48,0.491,0.491,1.295,0.04,13.817,4,4.353,54,1400000.0,687521.0,350000.0
244,ESP-La Liga,2425,Las Palmas,José Campaña,4,2024,144,4034,M S,25,1208,0,0.1376,0,0.1376,3,0.8891,5,13,4,0,2.5519,2.4659,José Campaña,738806400.0,179,72,Right,Spain,M,MC,725000.0,1782777600.0,233.0,Midfielder,Midfielder (secondary/attacking),31.0,ESP,2026-06-30,0.0,0.01,0.0,0.01,0.224,0.066,0.373,0.969,0.374,0.0,0.0,3.374,0.0,5.018,3,1.027,18,0.0,5268895.0,241667.0
245,ESP-La Liga,2425,Las Palmas,José Carlos González,4,2024,144,13645,S,1,8,0,0.0,0,0.0,0,0.0,0,0,0,0,0.0,0.0,Jose Carlos Gonzalez Colmenar,259286400.0,183,0,0,Spain,G,,0.0,0.0,1.0,Forward,Striker,46.0,ESP,0,0.0,0.0,0.0,0.0,0.0,0.0,0.0,0.0,0.0,0.0,0.0,0.0,0.0,0.0,0,0.0,0,0.0,0.0,0.0
246,ESP-La Liga,2425,Las Palmas,Juan Herzog,4,2024,144,11747,D S,19,1321,0,0.5868,0,0.5868,0,0.0,10,0,1,0,2.7009,2.5973,Juanma Herzog,1084406400.0,186,0,Right,Spain,D,DC,1500000.0,1845936000.0,237.0,Defender,Defender (secondary role / versatile),20.0,ESP,2028-06-30,0.0,0.04,0.0,0.04,0.0,0.0,0.681,0.0,0.361,0.0,0.0,0.0,0.0,5.298,0,0.587,10,0.0,2556237.0,0.0
247,ESP-La Liga,2425,Las Palmas,Kirian Rodríguez,4,2024,144,11743,M,21,1792,0,1.6932,0,1.6932,3,1.669,21,16,2,0,7.6924,5.6143,Kirian Rodríguez,825984000.0,180,0,Right,Spain,M,"MC, AM, DM",1000000.0,1845936000.0,432.0,Midfielder,Midfielder (central),28.0,ESP,2028-06-30,0.0,0.085,0.0,0.085,0.151,0.084,1.055,0.804,0.668,0.0,0.0,1.797,0.0,13.307,3,3.362,37,0.0,590598.0,333333.0
248,ESP-La Liga,2425,Las Palmas,Manu Fuster,4,2024,144,12738,F M S,28,958,2,0.745,2,0.745,1,1.3881,18,28,2,0,3.0293,1.4053,Manuel Fuster,877478400.0,169,0,Right,Spain,M,"ML, LW",1600000.0,1845936000.0,228.0,Forward,Forward / Winger / Attacking Midfielder,27.0,ESP,2028-06-30,0.188,0.07,0.188,0.07,0.094,0.13,1.691,2.63,0.417,2.685,2.685,0.72,0.111,4.435,3,2.133,46,800000.0,2147651.0,533333.0
249,ESP-La Liga,2425,Las Palmas,Marc Cardona,4,2024,144,5159,S,11,98,0,0.2827,0,0.2827,0,0.0,4,0,2,0,0.5431,0.2604,Marc Cardona,805161600.0,182,68,Right,Spain,F,ST,465000.0,1782777600.0,191.0,Forward,Striker,29.0,ESP,2026-06-30,0.0,0.26,0.0,0.26,0.0,0.0,3.673,0.0,0.738,0.0,0.0,0.0,0.0,0.804,0,0.283,4,0.0,1644853.0,0.0
250,ESP-La Liga,2425,Las Palmas,Marvin Park,4,2024,144,8863,D F M S,23,1008,0,0.2265,0,0.2265,0,1.2759,5,6,4,0,3.4733,2.176,Marvin Park,952387200.0,177,0,Right,Spain,D,"DR, RW",1100000.0,1845936000.0,630.0,Defender,Defender / versatile (can play Midfield/Forward),24.0,ESP,2028-06-30,0.0,0.02,0.0,0.02,0.0,0.114,0.446,0.536,0.504,0.0,0.0,0.0,0.0,5.649,0,1.502,11,0.0,4856512.0,0.0
251,ESP-La Liga,2425,Las Palmas,Mika Mármol,4,2024,144,10224,D M S,30,2398,0,0.4564,0,0.4564,1,1.5602,10,16,5,0,7.4674,6.8572,Mika Mármol,993945600.0,181,0,Left,Spain,D,"DC, DL",9100000.0,1782777600.0,768.0,Defender,Defender / Defensive Midfielder,23.0,ESP,2026-06-30,0.0,0.017,0.0,0.017,0.038,0.059,0.375,0.601,0.538,0.0,0.0,0.641,0.0,14.325,1,2.017,26,0.0,19938650.0,9100000.0
252,ESP-La Liga,2425,Las Palmas,Oliver McBurnie,4,2024,144,1736,F S,34,1835,3,6.0373,3,6.0373,6,3.4504,32,23,3,0,10.2381,1.5719,Oliver McBurnie,833846400.0,188,79,Right,Scotland,F,ST,2700000.0,1845936000.0,1048.0,Forward,Striker / Centre Forward,28.0,ESP,2028-06-30,0.147,0.296,0.147,0.296,0.294,0.169,1.569,1.128,0.579,0.497,0.497,1.739,0.094,11.81,9,9.488,55,900000.0,447220.0,300000.0
253,ESP-La Liga,2425,Las Palmas,Pejiño,4,2024,144,11746,S,1,12,0,0.0273,0,0.0273,0,0.0,1,0,0,0,0.0273,0.0,Pejiño,838598400.0,177,0,Left,Spain,M,"RW, MR",550000.0,1782777600.0,113.0,Forward,Striker,28.0,ESP,2026-06-30,0.0,0.205,0.0,0.205,0.0,0.0,7.5,0.0,0.205,0.0,0.0,0.0,0.0,0.027,0,0.027,1,0.0,20146520.0,0.0
254,ESP-La Liga,2425,Las Palmas,Sandro Ramírez,4,2024,144,2537,F M S,31,2086,9,4.299,8,3.5557,3,3.4986,52,28,6,0,7.4352,2.2196,Sandro Ramírez,805248000.0,175,71,Right,Spain,M,ST,935000.0,1782777600.0,901.0,Forward,Forward / Winger / Attacking Midfielder,29.0,ESP,2026-06-30,0.388,0.185,0.345,0.153,0.129,0.151,2.244,1.208,0.417,2.094,2.25,0.857,0.173,9.655,12,7.798,80,103889.0,217492.0,77917.0
255,ESP-La Liga,2425,Las Palmas,Scott McKenna,4,2024,144,10757,D S,29,2468,0,1.1913,0,1.1913,0,0.2465,10,4,5,1,4.783,4.2717,Scott McKenna,847756800.0,188,73,Left,Scotland,D,DC,3700000.0,1877472000.0,1008.0,Defender,Defender (secondary role / versatile),28.0,ESP,2029-06-30,0.0,0.043,0.0,0.043,0.0,0.009,0.365,0.146,0.33,0.0,0.0,0.0,0.0,9.055,0,1.438,14,0.0,3105851.0,0.0
256,ESP-La Liga,2425,Las Palmas,Sergio Viera,4,2024,144,13366,M S,2,92,0,0.018,0,0.018,0,0.0,1,0,1,0,0.0248,0.0248,Sergio Vieira,1115510400.0,0,0,0,Spain,M,,27000.0,1782777600.0,8.0,Midfielder,Midfielder (secondary/attacking),19.0,ESP,2026-06-30,0.0,0.018,0.0,0.018,0.0,0.0,0.978,0.0,0.049,0.0,0.0,0.0,0.0,0.05,0,0.018,1,0.0,1500000.0,0.0
257,ESP-La Liga,2425,Las Palmas,Stefan Bajcetic,4,2024,144,10723,D M S,14,986,1,0.1618,1,0.1618,0,0.2184,5,7,4,0,1.4334,1.2132,Stefan Bajčetić,1098403200.0,185,0,Right,Spain,M,MC,6800000.0,1814313600.0,10357.0,Defender,Defender / Defensive Midfielder,20.0,ESP,2027-06-30,0.091,0.015,0.091,0.015,0.0,0.02,0.456,0.639,0.242,6.18,6.18,0.0,0.2,2.647,1,0.38,12,6800000.0,42027194.0,6800000.0
258,ESP-La Liga,2425,Las Palmas,Valentín Pezzolesi,4,2024,144,12739,S,1,5,0,0.0,0,0.0,0,0.0,0,0,0,0,0.0,0.0,Valentin Pezzolesi,1176681600.0,0,0,Right,Spain,D,,97000.0,1814313600.0,94.0,Forward,Striker,17.0,ESP,2027-06-30,0.0,0.0,0.0,0.0,0.0,0.0,0.0,0.0,0.0,0.0,0.0,0.0,0.0,0.0,0,0.0,0,0.0,0.0,0.0
259,ESP-La Liga,2425,Las Palmas,Viti Rozada,4,2024,144,12737,D S,29,2005,0,0.067,0,0.067,2,1.4214,3,12,5,0,4.2163,3.1731,Viti Rozada,874368000.0,171,0,Right,Spain,D,"DR, MR",1600000.0,1814313600.0,113.0,Defender,Defender (secondary role / versatile),27.0,ESP,2027-06-30,0.0,0.003,0.0,0.003,0.09,0.064,0.135,0.539,0.332,0.0,0.0,1.407,0.0,7.389,2,1.488,15,0.0,23880597.0,800000.0
260,ESP-La Liga,2425,Las Palmas,Álex Muñoz,4,2024,144,5137,D S,21,1443,3,1.1512,3,1.1512,0,0.5307,9,7,3,0,5.8567,4.9215,Álex Muñoz,775526400.0,185,74,Left,Spain,D,"DL, DC",1100000.0,1845936000.0,173.0,Defender,Defender (secondary role / versatile),30.0,ESP,2028-06-30,0.187,0.072,0.187,0.072,0.0,0.033,0.561,0.437,0.672,2.606,2.606,0.0,0.333,10.778,3,1.682,16,366667.0,955525.0,366667.0
261,ESP-La Liga,2425,Las Palmas,Álex Suárez,4,2024,144,11742,D,30,2498,0,0.3234,0,0.3234,0,0.186,6,3,11,0,3.2029,3.0801,Alex Suárez,725846400.0,179,0,Right,Spain,D,"DC, DR",540000.0,1845936000.0,249.0,Defender,Defender (generic),31.0,ESP,2028-06-30,0.0,0.012,0.0,0.012,0.0,0.007,0.216,0.108,0.226,0.0,0.0,0.0,0.0,6.283,0,0.509,9,0.0,1669759.0,0.0
262,ESP-La Liga,2425,Leganes,Adrià Alti,4,2024,159,11834,D M S,22,1645,0,0.2496,0,0.2496,0,0.5858,7,11,6,0,2.4437,2.0629,Adrià Altimira,985737600.0,170,0,Right,Spain,D,DR,1300000.0,1845936000.0,355.0,Defender,Defender / Defensive Midfielder,23.0,ESP,2028-06-30,0.0,0.014,0.0,0.014,0.0,0.032,0.383,0.602,0.247,0.0,0.0,0.0,0.0,4.507,0,0.835,18,0.0,5208333.0,0.0
263,ESP-La Liga,2425,Leganes,Aritz Arambarri,4,2024,159,7835,D,2,180,0,0.0417,0,0.0417,0,0.0,1,0,0,0,0.2693,0.2693,Aritz Arambarri,886204800.0,186,0,Right,Spain,D,DC,645000.0,1814313600.0,41.0,Defender,Defender (generic),26.0,ESP,2027-06-30,0.0,0.021,0.0,0.021,0.0,0.0,0.5,0.0,0.269,0.0,0.0,0.0,0.0,0.539,0,0.042,1,0.0,15467626.0,0.0
264,ESP-La Liga,2425,Leganes,Borna Barisic,4,2024,159,13437,D,1,9,0,0.0,0,0.0,0,0.0,0,0,0,0,0.0,0.0,Borna Barišić,721353600.0,186,0,Left,Croatia,D,DL,630000.0,1782777600.0,1069.0,Defender,Defender (generic),32.0,ESP,2026-06-30,0.0,0.0,0.0,0.0,0.0,0.0,0.0,0.0,0.0,0.0,0.0,0.0,0.0,0.0,0,0.0,0,0.0,0.0,0.0
265,ESP-La Liga,2425,Leganes,Darko Brasanac,4,2024,159,5037,M S,30,1606,1,2.0545,1,2.0545,2,0.3227,12,9,4,0,3.9129,1.8967,Darko Brašanac,697852800.0,178,73,Right,Serbia,M,"MC, AM",415000.0,1782777600.0,200.0,Midfielder,Midfielder (secondary/attacking),32.0,ESP,2026-06-30,0.056,0.115,0.056,0.115,0.112,0.018,0.672,0.504,0.326,0.487,0.487,6.198,0.083,5.81,3,2.377,21,415000.0,201996.0,138333.0
266,ESP-La Liga,2425,Leganes,Diego García,4,2024,159,12794,F M S,28,1171,3,4.4012,3,4.4012,0,0.255,29,6,2,0,4.5476,0.9056,Diego García,956016000.0,188,0,Right,Spain,F,ST,1600000.0,1845936000.0,233.0,Forward,Forward / Winger / Attacking Midfielder,24.0,ESP,2028-06-30,0.231,0.338,0.231,0.338,0.0,0.02,2.229,0.461,0.419,0.682,0.682,0.0,0.103,5.453,3,4.656,35,533333.0,363537.0,533333.0
267,ESP-La Liga,2425,Leganes,Duk,4,2024,159,13438,M S,10,149,0,0.0315,0,0.0315,0,0.5542,2,5,1,0,0.5542,0.0,Duk,950659200.0,182,0,Right,Cape Verde,F,"ST, LW",2300000.0,1814313600.0,480.0,Midfielder,Midfielder (secondary/attacking),24.0,ESP,2027-06-30,0.0,0.019,0.0,0.019,0.0,0.335,1.208,3.02,0.335,0.0,0.0,0.0,0.0,0.554,0,0.586,7,0.0,73015873.0,0.0
268,ESP-La Liga,2425,Leganes,Enric Franquesa,4,2024,159,9765,D M S,12,612,1,0.3923,1,0.3923,0,0.057,4,2,1,0,0.8776,0.5427,Enric Franquesa,856915200.0,174,0,Left,Spain,D,DL,950000.0,1782777600.0,181.0,Defender,Defender / Defensive Midfielder,27.0,ESP,2026-06-30,0.147,0.058,0.147,0.058,0.0,0.008,0.588,0.294,0.209,2.549,2.549,0.0,0.25,1.42,1,0.449,6,950000.0,2421616.0,950000.0
269,ESP-La Liga,2425,Leganes,Javi Hernández,4,2024,159,8422,D M S,31,2401,2,1.134,2,1.134,1,1.5438,17,17,6,0,3.5768,2.4274,Javier Hernández,581126400.0,174,71,Right,Mexico,F,ST,270000.0,0.0,4382.0,Defender,Defender / Defensive Midfielder,36.0,ESP,0,0.075,0.043,0.075,0.043,0.037,0.058,0.637,0.637,0.225,1.764,1.764,0.648,0.118,6.004,3,2.678,34,135000.0,238095.0,90000.0
270,ESP-La Liga,2425,Leganes,Jorge Sáenz,4,2024,159,7828,D S,23,1694,1,1.8186,1,1.8186,0,0.1443,8,2,3,1,2.5136,2.3693,Jorge Sáenz,848188800.0,192,75,Right,Spain,D,DC,1100000.0,1782777600.0,187.0,Defender,Defender (secondary role / versatile),28.0,ESP,2026-06-30,0.053,0.097,0.053,0.097,0.0,0.008,0.425,0.106,0.259,0.55,0.55,0.0,0.125,4.883,1,1.963,10,1100000.0,604861.0,1100000.0
271,ESP-La Liga,2425,Leganes,Juan Cruz,4,2024,159,6759,D F M S,34,2292,5,2.7526,5,2.7526,4,4.149,33,25,2,0,7.9747,2.57,Juan Cruz,956620800.0,179,0,Left,Spain,M,RW,2900000.0,1877472000.0,531.0,Defender,Defender / versatile (can play Midfield/Forward),24.0,ESP,2029-06-30,0.196,0.108,0.196,0.108,0.157,0.163,1.296,0.982,0.414,1.816,1.816,0.964,0.152,10.545,9,6.902,58,580000.0,1053549.0,322222.0
272,ESP-La Liga,2425,Leganes,Juan Soriano,4,2024,159,6257,GK,6,540,0,0.0,0,0.0,0,0.0,0,0,1,0,0.3866,0.3866,Juan Soriano,872294400.0,186,78,Left,Spain,G,GK,1100000.0,1814313600.0,151.0,Goalkeeper,Goalkeeper (starter),27.0,ESP,2027-06-30,0.0,0.0,0.0,0.0,0.0,0.0,0.0,0.0,0.129,0.0,0.0,0.0,0.0,0.773,0,0.0,0,0.0,0.0,0.0
273,ESP-La Liga,2425,Leganes,Julián Chicco,4,2024,159,12793,D M S,14,273,0,0.3934,0,0.3934,1,0.4953,3,2,0,0,0.7069,0.2831,Julián Chicco,884649600.0,181,79,Right,Argentina,M,"MC, DM",515000.0,0.0,168.0,Defender,Defender / Defensive Midfielder,26.0,ESP,0,0.0,0.13,0.0,0.13,0.33,0.163,0.989,0.659,0.326,0.0,0.0,2.019,0.0,0.99,1,0.889,5,0.0,1309100.0,515000.0
274,ESP-La Liga,2425,Leganes,Marko Dmitrovic,4,2024,159,6224,GK,32,2880,0,0.0,0,0.0,0,0.1017,0,1,0,0,1.9118,1.8101,Marko Dmitrović,696211200.0,194,94,Left,Serbia,G,GK,740000.0,1845936000.0,1193.0,Goalkeeper,Goalkeeper (starter),32.0,ESP,2028-06-30,0.0,0.0,0.0,0.0,0.0,0.003,0.0,0.031,0.116,0.0,0.0,0.0,0.0,3.722,0,0.102,1,0.0,0.0,0.0
275,ESP-La Liga,2425,Leganes,Matija Nastasic,4,2024,159,451,D S,26,2118,1,0.1444,1,0.1444,0,0.0886,2,2,3,0,2.4861,2.4694,Matija Nastasić,733276800.0,188,83,Left,Serbia,D,DC,740000.0,0.0,480.0,Defender,Defender (secondary role / versatile),31.0,ESP,0,0.042,0.006,0.042,0.006,0.0,0.004,0.085,0.085,0.211,6.925,6.925,0.0,0.5,4.956,1,0.233,4,740000.0,5124654.0,740000.0
276,ESP-La Liga,2425,Leganes,Miguel De la Fuente,4,2024,159,6924,F M S,34,1708,1,5.7915,0,4.3049,3,1.1346,35,7,3,0,6.5189,1.408,Miguel de la Fuente,936316800.0,182,0,Right,Spain,F,ST,2100000.0,1782777600.0,443.0,Forward,Forward / Winger / Attacking Midfielder,25.0,ESP,2026-06-30,0.053,0.305,0.0,0.227,0.158,0.06,1.844,0.369,0.418,0.173,0.0,2.644,0.029,7.927,4,6.926,42,2100000.0,362600.0,525000.0
277,ESP-La Liga,2425,Leganes,Munir,4,2024,159,2106,F M S,25,844,4,1.4314,4,1.4314,0,0.7139,21,8,1,1,3.3006,1.6323,Munir El Kajoui,610761600.0,190,80,Right,Morocco,G,GK,770000.0,1782777600.0,3776.0,Forward,Forward / Winger / Attacking Midfielder,35.0,ESP,2026-06-30,0.427,0.153,0.427,0.153,0.0,0.076,2.239,0.853,0.526,2.794,2.794,0.0,0.19,4.933,4,2.145,29,192500.0,537935.0,192500.0
278,ESP-La Liga,2425,Leganes,Raba,4,2024,159,5199,F M S,29,1925,8,7.2105,4,3.4941,6,6.127,44,46,6,0,9.6606,2.5291,Dani Raba,814924800.0,184,0,Left,Spain,F,"RW, MR, ST",2500000.0,1814313600.0,977.0,Forward,Forward / Winger / Attacking Midfielder,29.0,ESP,2027-06-30,0.374,0.337,0.187,0.163,0.281,0.286,2.057,2.151,0.57,1.109,1.145,0.979,0.182,12.19,14,13.337,90,312500.0,346717.0,178571.0
279,ESP-La Liga,2425,Leganes,Renato Tapia,4,2024,159,8710,D M S,34,2442,1,0.6298,1,0.6298,0,0.2662,14,7,8,0,5.6202,4.9557,Renato Tapia,806889600.0,185,78,Right,Peru,M,"MC, DM",1900000.0,1814313600.0,3099.0,Defender,Defender / Defensive Midfielder,29.0,ESP,2027-06-30,0.037,0.023,0.037,0.023,0.0,0.01,0.516,0.258,0.39,1.588,1.588,0.0,0.071,10.576,1,0.896,21,1900000.0,3016831.0,1900000.0
280,ESP-La Liga,2425,Leganes,Roberto López,4,2024,159,7195,M S,13,374,0,0.606,0,0.606,1,0.8889,7,10,0,0,1.0046,0.2171,Roberto López,956534400.0,178,0,Left,Spain,M,AM,970000.0,1814313600.0,196.0,Midfielder,Midfielder (secondary/attacking),24.0,ESP,2027-06-30,0.0,0.146,0.0,0.146,0.241,0.214,1.684,2.406,0.294,0.0,0.0,1.125,0.0,1.222,1,1.495,17,0.0,1600660.0,970000.0
281,ESP-La Liga,2425,Leganes,Sergio González,4,2024,159,12791,D S,36,2966,2,1.958,2,1.958,0,0.5771,13,4,2,1,2.7427,2.6782,Sergio González,703728000.0,186,0,Right,Spain,D,DC,770000.0,0.0,259.0,Defender,Defender (secondary role / versatile),32.0,ESP,0,0.061,0.059,0.061,0.059,0.0,0.018,0.394,0.121,0.164,1.021,1.021,0.0,0.154,5.421,2,2.535,17,385000.0,393258.0,385000.0
282,ESP-La Liga,2425,Leganes,Seydouba Cissé,4,2024,159,12792,M S,34,2494,3,2.2893,3,2.2893,1,0.8812,24,17,3,1,8.083,5.4326,Seydouba Cisse,981763200.0,172,0,Right,Guinea,M,"MC, DM",3100000.0,1782777600.0,3674.0,Midfielder,Midfielder (secondary/attacking),23.0,ESP,2026-06-30,0.108,0.083,0.108,0.083,0.036,0.032,0.866,0.613,0.488,1.31,1.31,1.135,0.125,13.516,4,3.17,41,1033333.0,1354126.0,775000.0
283,ESP-La Liga,2425,Leganes,Sébastien Haller,4,2024,159,6144,F S,8,404,0,0.3582,0,0.3582,0,0.1351,4,1,0,0,0.4415,0.0494,Sébastien Haller,772243200.0,190,82,Right,Côte d'Ivoire,F,ST,1900000.0,1782777600.0,48170.0,Forward,Striker / Centre Forward,30.0,ESP,2026-06-30,0.0,0.08,0.0,0.08,0.0,0.03,0.891,0.223,0.109,0.0,0.0,0.0,0.0,0.491,0,0.493,5,0.0,5304299.0,0.0
284,ESP-La Liga,2425,Leganes,Valentin Rosier,4,2024,159,5615,D M S,32,2583,1,1.0205,1,1.0205,2,1.1148,13,12,8,0,4.8457,3.5394,Valentin Rosier,840412800.0,175,70,Right,France,D,DR,3100000.0,1845936000.0,800.0,Defender,Defender / Defensive Midfielder,28.0,ESP,2028-06-30,0.035,0.036,0.035,0.036,0.07,0.039,0.453,0.418,0.292,0.98,0.98,1.794,0.077,8.385,3,2.135,25,3100000.0,3037727.0,1033333.0
285,ESP-La Liga,2425,Leganes,Yan Diomande,4,2024,159,13561,D M S,10,544,2,1.2689,2,1.2689,1,0.8171,11,14,1,0,3.6485,2.5936,Yan Diomande,1163462400.0,180,0,Right,Côte d'Ivoire,F,ML,49000000.0,1909008000.0,22270.0,Defender,Defender / Defensive Midfielder,18.0,ESP,2030-06-30,0.331,0.21,0.331,0.21,0.165,0.135,1.82,2.316,1.033,1.576,1.576,1.224,0.182,6.242,3,2.086,25,24500000.0,38616124.0,16333333.0
286,ESP-La Liga,2425,Leganes,Yvan Neyou,4,2024,159,8689,M S,30,2344,1,0.4572,1,0.4572,1,0.7097,16,13,14,0,5.0666,4.102,Yvan Neyou,852249600.0,180,0,Right,Cameroon,M,"MC, DM",2300000.0,1782777600.0,945.0,Midfielder,Midfielder (secondary/attacking),27.0,ESP,2026-06-30,0.038,0.018,0.038,0.018,0.038,0.027,0.614,0.499,0.352,2.187,2.187,1.409,0.062,9.169,2,1.167,29,2300000.0,5030621.0,1150000.0
287,ESP-La Liga,2425,Leganes,Óscar Rodríguez,4,2024,159,6570,M S,29,1290,1,2.6321,1,2.6321,4,2.8247,33,19,6,1,5.7809,2.6671,Óscar Rodríguez,898992000.0,174,68,Right,Spain,M,"MC, AM",1600000.0,0.0,602.0,Midfielder,Midfielder (secondary/attacking),26.0,ESP,0,0.07,0.184,0.07,0.184,0.279,0.197,2.302,1.326,0.589,0.38,0.38,1.416,0.03,8.448,5,5.457,52,1600000.0,607880.0,320000.0
288,ESP-La Liga,2425,Mallorca,Abdón Prats,4,2024,239,8014,F M S,24,400,2,2.7443,1,2.0011,0,0.1291,14,3,4,0,1.7207,0.1597,Abdón Prats,724550400.0,181,79,Left,Spain,F,ST,970000.0,1845936000.0,318.0,Forward,Forward / Winger / Attacking Midfielder,32.0,ESP,2028-06-30,0.45,0.617,0.225,0.45,0.0,0.029,3.15,0.675,0.423,0.729,0.5,0.0,0.143,1.88,2,2.873,17,485000.0,353460.0,485000.0
289,ESP-La Liga,2425,Mallorca,Antonio Sánchez,4,2024,239,9970,D F M S,33,1353,0,1.2899,0,1.2899,0,0.4208,17,5,3,0,4.1881,2.6426,Antonio Sánchez,861667200.0,179,0,Right,Spain,M,"MC, MR",2600000.0,1814313600.0,255.0,Defender,Defender / versatile (can play Midfield/Forward),27.0,ESP,2027-06-30,0.0,0.086,0.0,0.086,0.0,0.028,1.131,0.333,0.454,0.0,0.0,0.0,0.0,6.831,0,1.711,22,0.0,2015660.0,0.0
290,ESP-La Liga,2425,Mallorca,Chiquinho,4,2024,239,10327,M S,8,134,0,0.249,0,0.249,0,0.0356,4,2,2,0,0.3665,0.1011,Chiquinho,806112000.0,174,68,Right,Portugal,M,"AM, MC",4600000.0,1877472000.0,1901.0,Midfielder,Midfielder (secondary/attacking),29.0,ESP,2029-06-30,0.0,0.167,0.0,0.167,0.0,0.024,2.687,1.343,0.314,0.0,0.0,0.0,0.0,0.468,0,0.285,6,0.0,18473896.0,0.0
291,ESP-La Liga,2425,Mallorca,Copete,4,2024,239,10982,D S,25,1511,0,0.5529,0,0.5529,0,0.0,6,0,6,0,3.0934,2.9993,José Copete,939513600.0,190,0,Left,Spain,D,DC,3600000.0,1877472000.0,418.0,Defender,Defender (secondary role / versatile),25.0,ESP,2029-06-30,0.0,0.033,0.0,0.033,0.0,0.0,0.357,0.0,0.363,0.0,0.0,0.0,0.0,6.093,0,0.553,6,0.0,6511123.0,0.0
292,ESP-La Liga,2425,Mallorca,Cyle Larin,4,2024,239,11340,F S,32,1781,7,7.2443,6,6.5011,2,1.5816,39,8,4,0,6.7056,1.3052,Cyle Larin,798076800.0,187,86,Right,Canada,F,ST,3600000.0,1782777600.0,1603.0,Forward,Striker / Centre Forward,29.0,ESP,2026-06-30,0.354,0.366,0.303,0.329,0.101,0.08,1.971,0.404,0.405,0.966,0.923,1.265,0.179,8.011,9,8.826,47,514286.0,496942.0,400000.0
293,ESP-La Liga,2425,Mallorca,Dani Rodríguez,4,2024,239,7841,F M S,37,2207,4,3.4058,4,3.4058,7,4.1755,31,33,5,0,6.8669,3.3093,Dani Rodríguez,1123545600.0,172,0,Left,Spain,M,LW,1000000.0,1814313600.0,7022.0,Forward,Forward / Winger / Attacking Midfielder,19.0,ESP,2027-06-30,0.163,0.139,0.163,0.139,0.285,0.17,1.264,1.346,0.415,1.174,1.174,1.676,0.129,10.176,11,7.581,64,250000.0,293617.0,90909.0
294,ESP-La Liga,2425,Mallorca,Daniel Luna,4,2024,239,11993,S,2,15,0,0.0,0,0.0,0,0.0,0,0,0,0,0.1117,0.1117,Daniel Luna,1052265600.0,178,61,Left,Colombia,M,AM,570000.0,1782777600.0,449.0,Forward,Striker,21.0,ESP,2026-06-30,0.0,0.0,0.0,0.0,0.0,0.0,0.0,0.0,1.34,0.0,0.0,0.0,0.0,0.223,0,0.0,0,0.0,0.0,0.0
295,ESP-La Liga,2425,Mallorca,David López,4,2024,239,12074,D,2,172,0,0.0,0,0.0,0,0.0,0,0,0,0,0.012,0.012,David López,623894400.0,185,81,Right,Spain,D,DC,730000.0,1782777600.0,522.0,Defender,Defender (generic),35.0,ESP,2026-06-30,0.0,0.0,0.0,0.0,0.0,0.0,0.0,0.0,0.013,0.0,0.0,0.0,0.0,0.024,0,0.0,0,0.0,0.0,0.0
296,ESP-La Liga,2425,Mallorca,Dominik Greif,4,2024,239,9756,GK,31,2790,0,0.0,0,0.0,0,0.0,0,0,1,0,2.5111,2.5111,Dominik Greif,860284800.0,197,82,Right,Slovakia,G,GK,7600000.0,1877472000.0,960.0,Goalkeeper,Goalkeeper (starter),27.0,ESP,2029-06-30,0.0,0.0,0.0,0.0,0.0,0.0,0.0,0.0,0.162,0.0,0.0,0.0,0.0,5.022,0,0.0,0,0.0,0.0,0.0
297,ESP-La Liga,2425,Mallorca,Jan Salas,4,2024,239,12951,S,4,32,0,0.0615,0,0.0615,0,0.0,2,0,0,0,0.0735,0.012,Jan Salas,1123632000.0,182,0,Right,Spain,M,,485000.0,1845936000.0,94.0,Forward,Striker,19.0,ESP,2028-06-30,0.0,0.173,0.0,0.173,0.0,0.0,5.625,0.0,0.24,0.0,0.0,0.0,0.0,0.085,0,0.062,2,0.0,7886179.0,0.0
298,ESP-La Liga,2425,Mallorca,Javi Llabrés,4,2024,239,10128,M,1,60,0,0.022,0,0.022,0,0.0629,1,1,0,0,0.2984,0.2134,Javi Llabrés,1031702400.0,174,0,Both,Spain,M,LW,845000.0,1782777600.0,119.0,Midfielder,Midfielder (central),22.0,ESP,2026-06-30,0.0,0.033,0.0,0.033,0.0,0.094,1.5,1.5,0.768,0.0,0.0,0.0,0.0,0.512,0,0.085,2,0.0,38409091.0,0.0
299,ESP-La Liga,2425,Mallorca,Johan Mojica,4,2024,239,6242,D S,36,2747,1,0.7688,1,0.7688,2,4.5012,17,40,5,0,9.1129,6.4672,Johan Mojica,714355200.0,185,73,Left,Colombia,D,DL,1700000.0,1814313600.0,3935.0,Defender,Defender (secondary role / versatile),32.0,ESP,2027-06-30,0.033,0.025,0.033,0.025,0.066,0.147,0.557,1.311,0.51,1.301,1.301,0.444,0.059,15.58,3,5.27,57,1700000.0,2211238.0,566667.0
300,ESP-La Liga,2425,Mallorca,Leo Román,4,2024,239,9839,GK,7,630,0,0.0,0,0.0,0,0.0,0,0,0,0,0.7954,0.7954,Leo Román,962841600.0,189,0,Right,Spain,G,GK,4900000.0,1909008000.0,1601.0,Goalkeeper,Goalkeeper (starter),24.0,ESP,2030-06-30,0.0,0.0,0.0,0.0,0.0,0.0,0.0,0.0,0.227,0.0,0.0,0.0,0.0,1.591,0,0.0,0,0.0,0.0,0.0
301,ESP-La Liga,2425,Mallorca,Manuel Morlanes,4,2024,239,6592,M S,23,1335,0,0.4534,0,0.4534,0,0.4519,11,10,7,0,5.4649,4.6174,0,0.0,0,0,0,0,0,0,0.0,0.0,0.0,Midfielder,Midfielder (secondary/attacking),0.0,ESP,0,0.0,0.031,0.0,0.031,0.0,0.03,0.742,0.674,0.68,0.0,0.0,0.0,0.0,10.082,0,0.905,21,0.0,0.0,0.0
302,ESP-La Liga,2425,Mallorca,Marc Domenech,4,2024,239,12883,F M S,10,297,0,0.7432,0,0.7432,0,0.2158,8,5,0,0,1.1332,0.7108,Marc Domenech,1136073600.0,182,0,Left,Spain,F,MC,1100000.0,1782777600.0,270.0,Forward,Forward / Winger / Attacking Midfielder,18.0,ESP,2026-06-30,0.0,0.225,0.0,0.225,0.0,0.065,2.424,1.515,0.559,0.0,0.0,0.0,0.0,1.844,0,0.959,13,0.0,1480086.0,0.0
303,ESP-La Liga,2425,Mallorca,Martin Valjent,4,2024,239,7838,D,31,2773,3,0.9962,3,0.9962,0,0.1244,12,4,4,0,4.7284,4.529,Martin Valjent,818640000.0,187,70,Right,Slovakia,D,DC,4700000.0,1877472000.0,734.0,Defender,Defender (generic),29.0,ESP,2029-06-30,0.097,0.032,0.097,0.032,0.0,0.004,0.389,0.13,0.3,3.011,3.011,0.0,0.25,9.257,3,1.121,16,1566667.0,4717928.0,1566667.0
304,ESP-La Liga,2425,Mallorca,Mateu Morey,4,2024,239,8070,D S,16,734,0,0.4414,0,0.4414,0,0.2464,3,4,0,0,1.7997,1.1835,Mateu Morey,951955200.0,171,0,Right,Spain,D,DR,1500000.0,1814313600.0,602.0,Defender,Defender (secondary role / versatile),24.0,ESP,2027-06-30,0.0,0.054,0.0,0.054,0.0,0.03,0.368,0.49,0.366,0.0,0.0,0.0,0.0,2.983,0,0.688,7,0.0,3398278.0,0.0
305,ESP-La Liga,2425,Mallorca,Omar Mascarell,4,2024,239,2456,M S,32,1994,1,0.8554,1,0.8554,0,0.0827,9,2,5,1,3.2351,2.479,Omar Mascarell,728611200.0,181,74,Right,Equatorial Guinea,M,"MC, DM",835000.0,1782777600.0,530.0,Midfielder,Midfielder (secondary/attacking),31.0,ESP,2026-06-30,0.045,0.039,0.045,0.039,0.0,0.004,0.406,0.09,0.258,1.169,1.169,0.0,0.111,5.714,1,0.938,11,835000.0,976152.0,835000.0
306,ESP-La Liga,2425,Mallorca,Pablo Maffeo,4,2024,239,1003,D M S,30,2385,0,0.3449,0,0.3449,2,4.4014,7,29,7,0,8.6543,5.6285,Pablo Maffeo,868665600.0,173,68,Right,Argentina,D,DR,4800000.0,1814313600.0,2166.0,Defender,Defender / Defensive Midfielder,27.0,ESP,2027-06-30,0.0,0.013,0.0,0.013,0.075,0.166,0.264,1.094,0.539,0.0,0.0,0.454,0.0,14.283,2,4.746,36,0.0,13917077.0,2400000.0
307,ESP-La Liga,2425,Mallorca,Raíllo,4,2024,239,2584,D,36,3211,2,2.7986,2,2.7986,0,1.8869,35,13,7,1,7.8695,6.5289,Antonio Raíllo,686880000.0,186,77,Right,Spain,D,DC,1600000.0,1814313600.0,765.0,Defender,Defender (generic),33.0,ESP,2027-06-30,0.056,0.078,0.056,0.078,0.0,0.053,0.981,0.364,0.404,0.715,0.715,0.0,0.057,14.398,2,4.686,48,800000.0,571714.0,800000.0
308,ESP-La Liga,2425,Mallorca,Roberto Navarro,4,2024,239,8765,M S,23,1302,1,2.8337,1,2.8337,0,1.8819,18,13,3,0,7.1546,3.658,Gino Roberto Navarro Lavalle,560822400.0,0,0,Right,Peru,D,,0.0,0.0,0.0,Midfielder,Midfielder (secondary/attacking),37.0,ESP,0,0.069,0.196,0.069,0.196,0.0,0.13,1.244,0.899,0.747,0.353,0.353,0.0,0.056,10.813,1,4.716,31,0.0,0.0,0.0
309,ESP-La Liga,2425,Mallorca,Samú Costa,4,2024,239,10974,M S,32,2667,0,2.0705,0,2.0705,2,1.7477,30,14,7,1,6.6587,4.4484,Samú Costa,975283200.0,183,0,Left,Portugal,M,"MC, DM",14600000.0,1845936000.0,1403.0,Midfielder,Midfielder (secondary/attacking),24.0,ESP,2028-06-30,0.0,0.07,0.0,0.07,0.067,0.059,1.012,0.472,0.375,0.0,0.0,1.144,0.0,11.107,2,3.818,44,0.0,7051437.0,7300000.0
310,ESP-La Liga,2425,Mallorca,Sergi Darder,4,2024,239,2621,M S,38,2811,2,1.8863,2,1.8863,6,4.9592,36,54,4,0,10.4233,7.2888,Sergi Darder,756518400.0,180,71,Right,Spain,M,"MC, AM",3300000.0,1845936000.0,1007.0,Midfielder,Midfielder (secondary/attacking),31.0,ESP,2028-06-30,0.064,0.06,0.064,0.06,0.192,0.159,1.153,1.729,0.567,1.06,1.06,1.21,0.056,17.712,8,6.846,90,1650000.0,1749457.0,412500.0
311,ESP-La Liga,2425,Mallorca,Siebe Van der Heyden,4,2024,239,11749,D S,2,92,0,0.0257,0,0.0257,0,0.0425,1,1,0,0,0.2949,0.2949,Siebe Van Der Heyden,896486400.0,185,0,Left,Belgium,D,"DC, DR, DL",2900000.0,1845936000.0,272.0,Defender,Defender (secondary role / versatile),26.0,ESP,2028-06-30,0.0,0.025,0.0,0.025,0.0,0.042,0.978,0.978,0.577,0.0,0.0,0.0,0.0,0.59,0,0.068,2,0.0,112840467.0,0.0
312,ESP-La Liga,2425,Mallorca,Takuma Asano,4,2024,239,6087,F M S,21,1071,2,2.9571,2,2.9571,1,0.9311,28,6,0,0,6.2075,2.5559,Takuma Asano,784425600.0,173,70,Right,Japan,M,"RW, ST",1700000.0,1782777600.0,2020.0,Forward,Forward / Winger / Attacking Midfielder,30.0,ESP,2026-06-30,0.168,0.248,0.168,0.248,0.084,0.078,2.353,0.504,0.736,0.676,0.676,1.074,0.071,8.763,3,3.888,34,850000.0,574888.0,566667.0
313,ESP-La Liga,2425,Mallorca,Toni Lato,4,2024,239,2479,D S,14,615,0,0.0,0,0.0,0,0.3176,0,6,1,1,1.1518,0.9198,Toni Lato,880070400.0,173,64,Left,Spain,D,DL,1400000.0,1814313600.0,258.0,Defender,Defender (secondary role / versatile),27.0,ESP,2027-06-30,0.0,0.0,0.0,0.0,0.0,0.046,0.0,0.878,0.303,0.0,0.0,0.0,0.0,2.072,0,0.318,6,0.0,0.0,0.0
314,ESP-La Liga,2425,Mallorca,Valery Fernández,4,2024,239,7246,M S,18,260,2,1.1642,2,1.1642,0,0.0255,3,1,1,0,0.9394,0.0363,Valery Fernández,943315200.0,179,0,Right,Spain,D,LW,970000.0,1845936000.0,307.0,Midfielder,Midfielder (secondary/attacking),25.0,ESP,2028-06-30,0.692,0.403,0.692,0.403,0.0,0.009,1.038,0.346,0.338,1.718,1.718,0.0,0.667,0.976,2,1.19,4,485000.0,833190.0,485000.0
315,ESP-La Liga,2425,Mallorca,Vedat Muriqi,4,2024,239,9002,F S,29,2081,7,10.9855,5,8.7557,2,2.6997,54,27,1,2,10.0957,1.4223,Vedat Muriqi,767145600.0,194,92,Left,Kosovo,F,ST,4400000.0,1877472000.0,6548.0,Forward,Striker / Centre Forward,30.0,ESP,2029-06-30,0.303,0.475,0.216,0.379,0.086,0.117,2.335,1.168,0.498,0.637,0.571,0.741,0.13,11.518,9,13.685,81,628571.0,400528.0,488889.0
316,ESP-La Liga,2425,Osasuna,Abel Bretones,4,2024,157,12790,D M S,35,2061,2,0.4541,2,0.4541,0,1.1061,12,16,3,0,4.3428,3.0458,Abel Bretones,966816000.0,188,0,Left,Spain,D,DL,4400000.0,1877472000.0,416.0,Defender,Defender / Defensive Midfielder,24.0,ESP,2029-06-30,0.087,0.02,0.087,0.02,0.0,0.048,0.524,0.699,0.323,4.404,4.404,0.0,0.167,7.389,2,1.56,28,2200000.0,9689496.0,2200000.0
317,ESP-La Liga,2425,Osasuna,Aimar Oroz,4,2024,157,8424,F M S,37,3027,5,4.5051,4,3.7618,4,4.0839,49,39,7,0,14.3088,9.0825,Aimar Oroz,1006819200.0,177,0,Right,Spain,M,"MC, AM",8199999.0,1877472000.0,1260.0,Forward,Forward / Winger / Attacking Midfielder,23.0,ESP,2029-06-30,0.149,0.134,0.119,0.112,0.119,0.121,1.457,1.16,0.695,1.11,1.063,0.979,0.102,23.391,9,8.589,88,1640000.0,1820159.0,911111.0
318,ESP-La Liga,2425,Osasuna,Aitor Fernández,4,2024,157,4193,GK,1,90,0,0.0,0,0.0,0,0.0,0,0,0,0,0.0,0.0,Aitor Fernández,673228800.0,182,78,Right,Spain,G,GK,560000.0,1814313600.0,255.0,Goalkeeper,Goalkeeper (starter),33.0,ESP,2027-06-30,0.0,0.0,0.0,0.0,0.0,0.0,0.0,0.0,0.0,0.0,0.0,0.0,0.0,0.0,0,0.0,0,0.0,0.0,0.0
319,ESP-La Liga,2425,Osasuna,Alejandro Catena,4,2024,157,7604,D,35,3086,1,2.9847,1,2.9847,3,2.512,20,10,11,0,6.8419,4.8924,Alejandro Catena,783302400.0,194,0,Right,Spain,D,DC,2900000.0,1845936000.0,946.0,Defender,Defender (generic),30.0,ESP,2028-06-30,0.029,0.087,0.029,0.087,0.087,0.073,0.583,0.292,0.342,0.335,0.335,1.194,0.05,11.734,4,5.497,30,2900000.0,971622.0,725000.0
320,ESP-La Liga,2425,Osasuna,Ante Budimir,4,2024,157,1235,F S,38,3008,21,20.6694,13,14.7232,4,1.8783,99,16,4,0,14.999,1.5348,Ante Budimir,680140800.0,190,75,Left,Croatia,F,ST,2800000.0,1814313600.0,8801.0,Forward,Striker / Centre Forward,33.0,ESP,2027-06-30,0.628,0.618,0.389,0.441,0.12,0.056,2.962,0.479,0.495,1.016,0.883,2.13,0.212,16.534,25,22.548,115,133333.0,135466.0,112000.0
321,ESP-La Liga,2425,Osasuna,Bryan Zaragoza,4,2024,157,10143,F M S,27,1887,1,3.2676,1,3.2676,6,4.3701,42,37,4,0,7.4871,1.1896,Bryan Zaragoza,999993600.0,165,0,Right,Spain,F,LW,9300000.0,1782777600.0,5534.0,Forward,Forward / Winger / Attacking Midfielder,23.0,ESP,2026-06-30,0.048,0.156,0.048,0.156,0.286,0.208,2.003,1.765,0.414,0.306,0.306,1.373,0.024,8.677,7,7.638,79,9300000.0,2846126.0,1328571.0
322,ESP-La Liga,2425,Osasuna,Enzo Boyomo,4,2024,157,12893,D S,37,3254,2,1.9415,2,1.9415,0,1.0242,14,4,5,0,6.702,5.5857,0,0.0,0,0,0,0,0,0,0.0,0.0,0.0,Defender,Defender (secondary role / versatile),0.0,ESP,0,0.055,0.054,0.055,0.054,0.0,0.028,0.387,0.111,0.34,1.03,1.03,0.0,0.143,12.288,2,2.966,18,0.0,0.0,0.0
323,ESP-La Liga,2425,Osasuna,Iker Benito,4,2024,157,10273,S,2,28,0,0.0,0,0.0,0,0.02,0,1,0,0,0.02,0.0,Iker Benito,1028937600.0,176,0,Right,Spain,F,LW,1600000.0,1814313600.0,195.0,Forward,Striker,22.0,ESP,2027-06-30,0.0,0.0,0.0,0.0,0.0,0.064,0.0,3.214,0.064,0.0,0.0,0.0,0.0,0.02,0,0.02,1,0.0,0.0,0.0
324,ESP-La Liga,2425,Osasuna,Iker Muñoz,4,2024,157,11395,M S,23,554,0,0.5218,0,0.5218,1,0.969,11,6,2,0,3.5626,2.6565,Iker Muñoz,1036454400.0,179,0,Right,Spain,M,"MC, DM",1800000.0,1814313600.0,228.0,Midfielder,Midfielder (secondary/attacking),22.0,ESP,2027-06-30,0.0,0.085,0.0,0.085,0.162,0.157,1.787,0.975,1.01,0.0,0.0,1.032,0.0,6.219,1,1.491,17,0.0,3449598.0,1800000.0
325,ESP-La Liga,2425,Osasuna,Javi Martínez,4,2024,157,8263,S,1,1,0,0.0,0,0.0,0,0.0,0,0,0,0,0.0,0.0,Javi Martínez,589161600.0,190,81,Right,Spain,D,"DC, DM, MC",680000.0,0.0,706.0,Forward,Striker,36.0,ESP,0,0.0,0.0,0.0,0.0,0.0,0.0,0.0,0.0,0.0,0.0,0.0,0.0,0.0,0.0,0,0.0,0,0.0,0.0,0.0
326,ESP-La Liga,2425,Osasuna,Jesús Areso,4,2024,157,9768,D S,36,3111,0,0.5702,0,0.5702,3,3.4523,8,30,9,0,7.5379,5.5774,Jesús Areso,930873600.0,183,0,Right,Spain,D,DR,11000000.0,1940544000.0,648.0,Defender,Defender (secondary role / versatile),25.0,ESP,2031-06-30,0.0,0.016,0.0,0.016,0.087,0.1,0.231,0.868,0.379,0.0,0.0,0.869,0.0,13.115,3,4.022,38,0.0,19291477.0,3666667.0
327,ESP-La Liga,2425,Osasuna,Jon Moncayola,4,2024,157,7857,M S,32,2144,0,1.583,0,1.583,0,3.2875,21,34,8,0,8.3225,5.8194,Jon Moncayola,895017600.0,182,73,Right,Spain,M,"MC, DM",7300000.0,1940544000.0,724.0,Midfielder,Midfielder (secondary/attacking),26.0,ESP,2031-06-30,0.0,0.066,0.0,0.066,0.0,0.138,0.882,1.427,0.594,0.0,0.0,0.0,0.0,14.142,0,4.87,55,0.0,4611497.0,0.0
328,ESP-La Liga,2425,Osasuna,Jorge Herrando,4,2024,157,10858,D S,18,1362,1,1.7283,1,1.7283,0,0.0,13,0,3,0,1.1333,0.8355,Jorge Herrando,983318400.0,192,0,Left,Spain,D,DC,3200000.0,1909008000.0,266.0,Defender,Defender (secondary role / versatile),23.0,ESP,2030-06-30,0.066,0.114,0.066,0.114,0.0,0.0,0.859,0.0,0.13,0.579,0.579,0.0,0.077,1.969,1,1.728,13,3200000.0,1851530.0,3200000.0
329,ESP-La Liga,2425,Osasuna,José Arnáiz,4,2024,157,6470,M S,15,100,0,0.3047,0,0.3047,0,0.4448,6,3,0,0,1.0927,0.5643,José Manuel Arnáiz,797904000.0,175,70,Right,Spain,F,LW,930000.0,1814313600.0,324.0,Midfielder,Midfielder (secondary/attacking),29.0,ESP,2027-06-30,0.0,0.274,0.0,0.274,0.0,0.4,5.4,2.7,1.491,0.0,0.0,0.0,0.0,1.657,0,0.75,9,0.0,3052182.0,0.0
330,ESP-La Liga,2425,Osasuna,Juan Cruz,4,2024,157,8744,D S,25,1509,0,0.1195,0,0.1195,0,0.0261,4,1,4,0,3.8229,3.7416,Juan Cruz,956620800.0,179,0,Left,Spain,M,RW,2900000.0,1877472000.0,531.0,Defender,Defender (secondary role / versatile),24.0,ESP,2029-06-30,0.0,0.007,0.0,0.007,0.0,0.002,0.239,0.06,0.451,0.0,0.0,0.0,0.0,7.565,0,0.146,5,0.0,24267782.0,0.0
331,ESP-La Liga,2425,Osasuna,Kike Barja,4,2024,157,5140,F M S,15,296,0,0.1755,0,0.1755,1,1.4771,4,10,3,0,1.9822,0.7546,Kike Barja,860112000.0,178,69,Right,Spain,F,"LW, RW",1500000.0,1782777600.0,174.0,Forward,Forward / Winger / Attacking Midfielder,27.0,ESP,2026-06-30,0.0,0.053,0.0,0.053,0.304,0.449,1.216,3.041,0.832,0.0,0.0,0.677,0.0,2.737,1,1.653,14,0.0,8547009.0,1500000.0
332,ESP-La Liga,2425,Osasuna,Lucas Torró,4,2024,157,7050,M,35,2983,3,2.674,3,2.674,0,0.9805,30,10,10,0,6.2126,5.2144,Lucas Torró,774576000.0,190,77,Right,Spain,M,"MC, DM",3100000.0,1814313600.0,700.0,Midfielder,Midfielder (central),30.0,ESP,2027-06-30,0.091,0.081,0.091,0.081,0.0,0.03,0.905,0.302,0.345,1.122,1.122,0.0,0.1,11.427,3,3.654,40,1033333.0,1159312.0,1033333.0
333,ESP-La Liga,2425,Osasuna,Moi Gómez,4,2024,157,2198,F M S,26,730,0,0.3466,0,0.3466,0,0.8948,6,11,1,0,1.157,0.3306,Moi Gómez,772329600.0,174,65,Right,Spain,M,"MC, LW",1900000.0,1814313600.0,613.0,Forward,Forward / Winger / Attacking Midfielder,30.0,ESP,2027-06-30,0.0,0.043,0.0,0.043,0.0,0.11,0.74,1.356,0.183,0.0,0.0,0.0,0.0,1.488,0,1.241,17,0.0,5481823.0,0.0
334,ESP-La Liga,2425,Osasuna,Nacho Vidal,4,2024,157,5162,D S,5,109,0,0.0,0,0.0,0,0.0,0,0,0,0,0.0,0.0,Nacho Vidal,790905600.0,180,0,Right,Spain,D,DR,1700000.0,1814313600.0,327.0,Defender,Defender (secondary role / versatile),29.0,ESP,2027-06-30,0.0,0.0,0.0,0.0,0.0,0.0,0.0,0.0,0.0,0.0,0.0,0.0,0.0,0.0,0,0.0,0,0.0,0.0,0.0
335,ESP-La Liga,2425,Osasuna,Pablo Ibáñez,4,2024,157,10857,M S,28,1286,1,1.4141,1,1.4141,1,1.214,20,6,4,0,4.2178,1.8093,Pablo Ibáñez,883612800.0,179,0,Right,Spain,M,"MC, DM",3100000.0,1909008000.0,342.0,Midfielder,Midfielder (secondary/attacking),26.0,ESP,2030-06-30,0.07,0.099,0.07,0.099,0.07,0.085,1.4,0.42,0.422,0.707,0.707,0.824,0.05,6.027,2,2.628,26,3100000.0,2192207.0,1550000.0
336,ESP-La Liga,2425,Osasuna,Raul García,4,2024,157,8042,F S,32,673,4,3.3327,4,3.3327,0,0.6854,26,3,1,0,3.9806,0.2996,Raúl García de Haro,973209600.0,192,70,Right,Spain,F,ST,3100000.0,1845936000.0,914.0,Forward,Striker / Centre Forward,24.0,ESP,2028-06-30,0.535,0.446,0.535,0.446,0.0,0.092,3.477,0.401,0.572,1.2,1.2,0.0,0.154,4.28,4,4.018,29,775000.0,930177.0,775000.0
337,ESP-La Liga,2425,Osasuna,Rubén García,4,2024,157,2183,F M S,36,2481,5,2.8201,5,2.8201,5,5.0683,27,49,2,0,8.1475,3.8373,Rubén García,742608000.0,171,72,Left,Spain,M,RW,1900000.0,1814313600.0,1078.0,Forward,Forward / Winger / Attacking Midfielder,31.0,ESP,2027-06-30,0.181,0.102,0.181,0.102,0.181,0.184,0.979,1.778,0.435,1.773,1.773,0.987,0.185,11.985,10,7.888,76,380000.0,673735.0,190000.0
338,ESP-La Liga,2425,Osasuna,Rubén Peña,4,2024,157,5075,D F M S,25,737,0,0.862,0,0.862,0,0.5118,10,13,1,0,2.4539,1.375,Rubén Peña,679795200.0,170,65,Right,Spain,D,DR,660000.0,1814313600.0,174.0,Defender,Defender / versatile (can play Midfield/Forward),33.0,ESP,2027-06-30,0.0,0.105,0.0,0.105,0.0,0.062,1.221,1.588,0.468,0.0,0.0,0.0,0.0,3.829,0,1.374,23,0.0,765661.0,0.0
339,ESP-La Liga,2425,Osasuna,Sergio Herrera,4,2024,157,7859,GK,37,3330,0,0.0,0,0.0,0,0.0,0,0,5,0,3.0954,3.0954,Sergio Herrera,736646400.0,192,82,Right,Spain,G,GK,2800000.0,1845936000.0,1014.0,Goalkeeper,Goalkeeper (starter),31.0,ESP,2028-06-30,0.0,0.0,0.0,0.0,0.0,0.0,0.0,0.0,0.167,0.0,0.0,0.0,0.0,6.191,0,0.0,0,0.0,0.0,0.0
340,ESP-La Liga,2425,Osasuna,Unai García,4,2024,157,5141,D S,3,67,0,0.0,0,0.0,0,0.0,0,0,0,0,0.0,0.0,Unai García,715392000.0,182,81,Left,Spain,D,DC,830000.0,1782777600.0,119.0,Defender,Defender (secondary role / versatile),32.0,ESP,2026-06-30,0.0,0.0,0.0,0.0,0.0,0.0,0.0,0.0,0.0,0.0,0.0,0.0,0.0,0.0,0,0.0,0,0.0,0.0,0.0
341,ESP-La Liga,2425,Rayo Vallecano,Abdul Mumin,4,2024,145,11105,D,24,2020,2,0.7587,2,0.7587,1,0.1944,10,1,6,1,4.4706,3.8072,Abdul Mumin,897091200.0,188,0,Right,Ghana,D,DC,4300000.0,1782777600.0,1231.0,Defender,Defender (generic),26.0,ESP,2026-06-30,0.089,0.034,0.089,0.034,0.045,0.009,0.446,0.045,0.369,2.636,2.636,5.144,0.2,8.278,3,0.953,11,2150000.0,5667589.0,1433333.0
342,ESP-La Liga,2425,Rayo Vallecano,Adrián Embarba,4,2024,145,2166,F M S,35,1603,1,2.274,1,2.274,1,2.5082,37,21,4,0,6.203,3.0752,Adrián Embarba,705196800.0,173,66,Right,Spain,M,"LW, RW",910000.0,1845936000.0,471.0,Forward,Forward / Winger / Attacking Midfielder,32.0,ESP,2028-06-30,0.056,0.128,0.056,0.128,0.056,0.141,2.077,1.179,0.521,0.44,0.44,0.399,0.027,9.278,2,4.782,58,910000.0,400176.0,455000.0
343,ESP-La Liga,2425,Rayo Vallecano,Alfonso Espino,4,2024,145,8733,D S,16,835,0,0.7072,0,0.7072,1,0.6577,10,5,4,0,2.9461,2.1586,Alfonso Espino,694569600.0,172,70,Left,Uruguay,D,DL,935000.0,1782777600.0,679.0,Defender,Defender (secondary role / versatile),32.0,ESP,2026-06-30,0.0,0.076,0.0,0.076,0.108,0.071,1.078,0.539,0.55,0.0,0.0,1.52,0.0,5.105,1,1.365,15,0.0,1322115.0,935000.0
344,ESP-La Liga,2425,Rayo Vallecano,Andrei Ratiu,4,2024,145,7515,D M S,35,3066,2,2.1368,2,2.1368,3,5.5841,31,36,5,0,16.2129,10.5448,Andrei Rațiu,898300800.0,183,0,Right,Romania,D,DR,16700000.0,1909008000.0,8529.0,Defender,Defender / Defensive Midfielder,26.0,ESP,2030-06-30,0.059,0.063,0.059,0.063,0.088,0.164,0.91,1.057,0.785,0.936,0.936,0.537,0.065,26.758,5,7.721,67,8350000.0,7815425.0,3340000.0
345,ESP-La Liga,2425,Rayo Vallecano,Aridane Hernández,4,2024,145,7856,D S,14,1026,0,1.1384,0,1.1384,0,0.0502,8,2,1,0,3.4563,3.4421,Aridane Hernández,606614400.0,186,77,Right,Spain,D,DC,205000.0,0.0,256.0,Defender,Defender (secondary role / versatile),35.0,ESP,0,0.0,0.1,0.0,0.1,0.0,0.004,0.702,0.175,0.605,0.0,0.0,0.0,0.0,6.898,0,1.189,10,0.0,180077.0,0.0
346,ESP-La Liga,2425,Rayo Vallecano,Augusto Batalla,4,2024,145,12298,GK,32,2880,0,0.0,0,0.0,0,0.0251,0,1,6,0,4.804,4.7789,Augusto Batalla,830822400.0,186,80,Right,Argentina,G,GK,5800000.0,1909008000.0,1511.0,Goalkeeper,Goalkeeper (starter),28.0,ESP,2030-06-30,0.0,0.0,0.0,0.0,0.0,0.001,0.0,0.031,0.299,0.0,0.0,0.0,0.0,9.583,0,0.025,1,0.0,0.0,0.0
347,ESP-La Liga,2425,Rayo Vallecano,Daniel Cárdenas,4,2024,145,8108,GK,6,540,0,0.0,0,0.0,0,0.0,0,0,0,0,0.1832,0.1832,Daniel Cardenas,1036195200.0,0,0,0,Colombia,0,,0.0,0.0,0.0,Goalkeeper,Goalkeeper (starter),22.0,ESP,0,0.0,0.0,0.0,0.0,0.0,0.0,0.0,0.0,0.061,0.0,0.0,0.0,0.0,0.366,0,0.0,0,0.0,0.0,0.0
348,ESP-La Liga,2425,Rayo Vallecano,Etienne Eto'o Pineda,4,2024,145,12866,S,2,35,0,0.0,0,0.0,0,0.0,0,0,0,0,0.0,0.0,Etienne Eto'o Pineda,1029628800.0,189,0,Right,Cameroon,F,,280000.0,1782777600.0,3266.0,Forward,Striker,22.0,ESP,2026-06-30,0.0,0.0,0.0,0.0,0.0,0.0,0.0,0.0,0.0,0.0,0.0,0.0,0.0,0.0,0,0.0,0,0.0,0.0,0.0
349,ESP-La Liga,2425,Rayo Vallecano,Florian Lejeune,4,2024,145,5073,D,37,3329,2,3.5846,2,3.5846,3,1.9344,58,15,8,0,12.0117,11.1158,Florian Lejeune,674697600.0,190,81,Right,France,D,DC,1900000.0,1814313600.0,1109.0,Defender,Defender (generic),33.0,ESP,2027-06-30,0.054,0.097,0.054,0.097,0.081,0.052,1.568,0.406,0.625,0.558,0.558,1.551,0.034,23.127,5,5.519,73,950000.0,530045.0,380000.0
350,ESP-La Liga,2425,Rayo Vallecano,Gerard Gumbau,4,2024,145,2609,M S,22,824,0,1.2888,0,1.2888,1,1.1937,14,17,4,0,3.5533,1.985,Gerard Gumbau,787708800.0,187,77,Left,Spain,M,"MC, DM",1400000.0,1782777600.0,392.0,Midfielder,Midfielder (secondary/attacking),30.0,ESP,2026-06-30,0.0,0.141,0.0,0.141,0.109,0.13,1.529,1.857,0.605,0.0,0.0,0.838,0.0,5.538,1,2.482,31,0.0,1086282.0,1400000.0
351,ESP-La Liga,2425,Rayo Vallecano,Isi Palazón,4,2024,145,9812,F M S,35,2166,4,5.377,4,5.377,4,4.5107,61,47,5,0,10.8331,5.4538,Isi Palazón,788486400.0,169,71,Left,Spain,M,"AM, MR, RW",3300000.0,1845936000.0,2245.0,Forward,Forward / Winger / Attacking Midfielder,30.0,ESP,2028-06-30,0.166,0.223,0.166,0.223,0.166,0.187,2.535,1.953,0.677,0.744,0.744,0.887,0.066,16.287,8,9.888,108,825000.0,613725.0,412500.0
352,ESP-La Liga,2425,Rayo Vallecano,Iván Balliu,4,2024,145,5672,D S,25,1167,0,0.0214,0,0.0214,0,0.3425,1,6,3,0,2.9778,2.8666,Iván Balliu,694224000.0,175,68,Right,Albania,D,DR,1300000.0,1814313600.0,690.0,Defender,Defender (secondary role / versatile),32.0,ESP,2027-06-30,0.0,0.002,0.0,0.002,0.0,0.026,0.077,0.463,0.451,0.0,0.0,0.0,0.0,5.844,0,0.364,7,0.0,60747664.0,0.0
353,ESP-La Liga,2425,Rayo Vallecano,James Rodríguez,4,2024,145,2249,M S,6,127,0,0.2271,0,0.2271,0,0.1027,4,2,1,0,0.7378,0.4843,James Rodríguez,679276800.0,180,75,Left,Colombia,M,"AM, RW",1900000.0,1782777600.0,62179.0,Midfielder,Midfielder (secondary/attacking),33.0,ESP,2026-06-30,0.0,0.161,0.0,0.161,0.0,0.073,2.835,1.417,0.866,0.0,0.0,0.0,0.0,1.222,0,0.33,6,0.0,8366358.0,0.0
354,ESP-La Liga,2425,Rayo Vallecano,Jorge De Frutos,4,2024,145,8107,F M S,36,2573,6,7.0076,6,7.0076,3,4.1342,52,31,3,1,13.9232,4.1368,Jorge de Frutos,849312000.0,173,0,Right,Spain,F,"RW, MR",10900000.0,1845936000.0,2114.0,Forward,Forward / Winger / Attacking Midfielder,28.0,ESP,2028-06-30,0.21,0.245,0.21,0.245,0.105,0.145,1.819,1.084,0.632,0.856,0.856,0.726,0.115,18.06,9,11.142,83,1816667.0,1555454.0,1211111.0
355,ESP-La Liga,2425,Rayo Vallecano,Pathé Ciss,4,2024,145,9815,D M S,33,2166,4,2.5609,4,2.5609,1,1.4429,21,17,12,0,8.6966,7.0498,Pathé Ismaël Ciss,763776000.0,183,71,Right,Senegal,M,"MC, DM",1800000.0,1814313600.0,4893.0,Defender,Defender / Defensive Midfielder,30.0,ESP,2027-06-30,0.166,0.106,0.166,0.106,0.042,0.06,0.873,0.706,0.654,1.562,1.562,0.693,0.19,15.746,5,4.004,38,450000.0,702878.0,360000.0
356,ESP-La Liga,2425,Rayo Vallecano,Pedro Díaz,4,2024,145,12863,M S,26,1199,3,2.7055,3,1.9622,0,2.282,31,26,2,0,7.3304,4.7107,Pedro Díaz,897004800.0,180,0,Right,Spain,M,"MC, DM",2900000.0,1845936000.0,570.0,Midfielder,Midfielder (secondary/attacking),26.0,ESP,2028-06-30,0.225,0.203,0.225,0.147,0.0,0.171,2.327,1.952,0.904,1.109,1.529,0.0,0.097,12.041,3,4.988,57,966667.0,1071891.0,966667.0
357,ESP-La Liga,2425,Rayo Vallecano,Pelayo Fernández,4,2024,145,12864,D S,2,97,0,0.0,0,0.0,0,0.0,0,0,1,0,0.0,0.0,Pelayo Fernández,1051574400.0,193,0,Right,Spain,D,DC,520000.0,1782777600.0,205.0,Defender,Defender (secondary role / versatile),21.0,ESP,2026-06-30,0.0,0.0,0.0,0.0,0.0,0.0,0.0,0.0,0.0,0.0,0.0,0.0,0.0,0.0,0,0.0,0,0.0,0.0,0.0
358,ESP-La Liga,2425,Rayo Vallecano,Pep Chavarría,4,2024,145,11087,D M S,34,2574,0,1.2517,0,1.2517,1,1.7113,11,24,3,0,7.2438,4.9863,0,0.0,0,0,0,0,0,0,0.0,0.0,0.0,Defender,Defender / Defensive Midfielder,0.0,ESP,0,0.0,0.044,0.0,0.044,0.035,0.06,0.385,0.839,0.428,0.0,0.0,0.584,0.0,12.23,1,2.963,35,0.0,0.0,0.0
359,ESP-La Liga,2425,Rayo Vallecano,Randy Nteka,4,2024,145,9813,F S,24,1151,3,3.3351,3,3.3351,0,0.7646,16,9,6,0,5.2254,1.2522,Randy Nteka,881366400.0,190,0,Left,Angola,F,"ST, AM",1300000.0,1845936000.0,941.0,Forward,Striker / Centre Forward,27.0,ESP,2028-06-30,0.235,0.261,0.235,0.261,0.0,0.06,1.251,0.704,0.507,0.9,0.9,0.0,0.188,6.478,3,4.1,25,433333.0,389793.0,433333.0
360,ESP-La Liga,2425,Rayo Vallecano,Raúl de Tomás,4,2024,145,4229,S,2,14,0,0.0,0,0.0,0,0.0,0,0,0,0,0.0,0.0,Raúl de Tomás,782352000.0,181,74,Right,Spain,F,ST,550000.0,1782777600.0,935.0,Forward,Striker,30.0,ESP,2026-06-30,0.0,0.0,0.0,0.0,0.0,0.0,0.0,0.0,0.0,0.0,0.0,0.0,0.0,0.0,0,0.0,0,0.0,0.0,0.0
361,ESP-La Liga,2425,Rayo Vallecano,Sergi Guardiola,4,2024,145,5212,F S,16,321,0,2.313,0,2.313,0,0.1707,11,5,1,0,2.9668,0.632,Sergi Guardiola,675475200.0,185,77,Left,Spain,F,ST,420000.0,1782777600.0,220.0,Forward,Striker / Centre Forward,33.0,ESP,2026-06-30,0.0,0.649,0.0,0.649,0.0,0.048,3.084,1.402,1.009,0.0,0.0,0.0,0.0,3.599,0,2.484,16,0.0,181582.0,0.0
362,ESP-La Liga,2425,Rayo Vallecano,Sergio Camello,4,2024,145,7528,F S,23,1150,3,3.9392,3,3.9392,2,2.3096,32,19,2,0,6.9084,1.9707,Sergio Camello,981763200.0,177,0,Right,Spain,F,ST,2200000.0,1814313600.0,992.0,Forward,Striker / Centre Forward,23.0,ESP,2027-06-30,0.235,0.308,0.235,0.308,0.157,0.181,2.504,1.487,0.695,0.762,0.762,0.866,0.094,8.879,5,6.249,51,733333.0,558489.0,440000.0
363,ESP-La Liga,2425,Rayo Vallecano,Unai López,4,2024,145,4091,M S,32,1740,3,1.5628,3,1.5628,1,0.9077,26,19,9,1,6.3456,4.6542,Unai López,815011200.0,169,64,Right,Spain,M,"MC, DM",2600000.0,1782777600.0,514.0,Midfielder,Midfielder (secondary/attacking),29.0,ESP,2026-06-30,0.155,0.081,0.155,0.081,0.052,0.047,1.345,0.983,0.569,1.92,1.92,1.102,0.115,11.0,4,2.47,45,866667.0,1663681.0,650000.0
364,ESP-La Liga,2425,Rayo Vallecano,Álvaro García,4,2024,145,7071,F M S,36,2581,4,7.5361,4,7.5361,5,5.7443,71,49,4,0,16.059,4.642,Álvaro García,720144000.0,168,58,Both,Spain,M,"LW, ML",1700000.0,1845936000.0,1151.0,Forward,Forward / Winger / Attacking Midfielder,32.0,ESP,2028-06-30,0.139,0.263,0.139,0.263,0.174,0.2,2.476,1.709,0.722,0.531,0.531,0.87,0.056,20.701,9,13.28,120,425000.0,225581.0,188889.0
365,ESP-La Liga,2425,Rayo Vallecano,Óscar Trejo,4,2024,145,3208,M S,19,475,1,0.5267,1,0.5267,0,0.7258,5,9,1,0,3.36,2.8772,Óscar Trejo,578016000.0,177,79,Right,Argentina,M,AM,390000.0,1782777600.0,553.0,Midfielder,Midfielder (secondary/attacking),36.0,ESP,2026-06-30,0.189,0.1,0.189,0.1,0.0,0.138,0.947,1.705,1.182,1.899,1.899,0.0,0.2,6.237,1,1.252,14,390000.0,740459.0,390000.0
366,ESP-La Liga,2425,Rayo Vallecano,Óscar Valentín,4,2024,145,9811,M S,34,1804,0,0.7471,0,0.7471,0,0.8123,5,13,4,0,4.489,3.8371,Óscar Valentín,777340800.0,177,0,Right,Spain,M,"MC, DM",2100000.0,1814313600.0,462.0,Midfielder,Midfielder (secondary/attacking),30.0,ESP,2027-06-30,0.0,0.037,0.0,0.037,0.0,0.041,0.249,0.649,0.415,0.0,0.0,0.0,0.0,8.326,0,1.559,18,0.0,2810869.0,0.0
367,ESP-La Liga,2425,Real Betis,Abdessamad Ezzalzouli,4,2024,153,10095,M S,32,2038,2,9.586,2,8.8427,2,2.4091,62,26,2,0,13.6997,4.3135,Abdessamad Ezzalzouli,1008547200.0,177,0,Right,Morocco,M,LW,21000000.0,1877472000.0,45170.0,Midfielder,Midfielder (secondary/attacking),23.0,ESP,2029-06-30,0.088,0.423,0.088,0.391,0.088,0.106,2.738,1.148,0.795,0.209,0.226,0.83,0.032,18.013,4,11.995,88,10500000.0,2190695.0,5250000.0
368,ESP-La Liga,2425,Real Betis,Adrián,4,2024,153,527,GK,19,1710,0,0.0,0,0.0,0,0.0,0,0,1,0,2.3543,2.3543,Adrián Bernabé,990835200.0,170,0,Left,Spain,M,"MC, DM",14100000.0,1814313600.0,2394.0,Goalkeeper,Goalkeeper (starter),23.0,ESP,2027-06-30,0.0,0.0,0.0,0.0,0.0,0.0,0.0,0.0,0.248,0.0,0.0,0.0,0.0,4.709,0,0.0,0,0.0,0.0,0.0
369,ESP-La Liga,2425,Real Betis,Aitor Ruibal,4,2024,153,6427,D F M S,29,1287,1,1.273,1,1.273,3,2.6539,16,20,5,0,6.9359,3.7731,Aitor Ruibal,827452800.0,176,0,Right,Spain,D,DR,3400000.0,1845936000.0,883.0,Defender,Defender / versatile (can play Midfield/Forward),28.0,ESP,2028-06-30,0.07,0.089,0.07,0.089,0.21,0.186,1.119,1.399,0.749,0.786,0.786,1.13,0.062,10.709,4,3.927,36,3400000.0,2670856.0,850000.0
370,ESP-La Liga,2425,Real Betis,Antony,4,2024,153,11094,M S,17,1372,5,2.7815,5,2.7815,2,4.6815,43,37,2,1,9.9133,5.0535,Antony,951350400.0,172,0,Left,Brazil,M,RW,27000000.0,1909008000.0,216268.0,Midfielder,Midfielder (secondary/attacking),24.0,ESP,2030-06-30,0.328,0.182,0.328,0.182,0.131,0.307,2.821,2.427,0.982,1.798,1.798,0.427,0.116,14.967,7,7.463,80,5400000.0,9706993.0,3857143.0
371,ESP-La Liga,2425,Real Betis,Assane Diao,4,2024,153,12081,F S,10,259,1,1.1583,1,1.1583,2,1.762,7,8,0,0,2.8819,0.0949,Assane Diao,1126051200.0,185,0,Right,Senegal,F,"RW, LW",31000000.0,1877472000.0,19579.0,Forward,Striker / Centre Forward,19.0,ESP,2029-06-30,0.347,0.402,0.347,0.402,0.695,0.612,2.432,2.78,1.034,0.863,0.863,1.135,0.143,2.977,3,2.92,15,31000000.0,26763360.0,10333333.0
372,ESP-La Liga,2425,Real Betis,Carlos Guirao,4,2024,153,12799,M,2,123,0,0.0,0,0.0,0,0.0,0,0,0,0,0.3992,0.3992,Carlos Guirao,1051401600.0,175,0,Right,Spain,M,MC,275000.0,1877472000.0,111.0,Midfielder,Midfielder (central),21.0,ESP,2029-06-30,0.0,0.0,0.0,0.0,0.0,0.0,0.0,0.0,0.584,0.0,0.0,0.0,0.0,0.798,0,0.0,0,0.0,0.0,0.0
373,ESP-La Liga,2425,Real Betis,Cédric Bakambu,4,2024,153,2306,F S,25,661,2,3.7587,2,3.7587,2,0.8445,24,8,3,0,6.5335,2.5904,Cédric Bakambu,671328000.0,182,73,Right,DR Congo,F,ST,1400000.0,1782777600.0,48028.0,Forward,Striker / Centre Forward,33.0,ESP,2026-06-30,0.272,0.512,0.272,0.512,0.272,0.115,3.268,1.089,1.242,0.532,0.532,2.368,0.083,9.124,4,4.603,32,700000.0,372469.0,350000.0
374,ESP-La Liga,2425,Real Betis,Diego Llorente,4,2024,153,2163,D S,30,2521,2,1.8448,2,1.8448,0,0.3693,11,6,4,0,9.0674,8.7205,Diego Llorente,745459200.0,185,75,Right,Spain,D,DC,3100000.0,1845936000.0,1211.0,Defender,Defender (secondary role / versatile),31.0,ESP,2028-06-30,0.071,0.066,0.071,0.066,0.0,0.013,0.393,0.214,0.635,1.084,1.084,0.0,0.182,17.788,2,2.214,17,1550000.0,1680399.0,1550000.0
375,ESP-La Liga,2425,Real Betis,Ezequiel Ávila,4,2024,153,6955,F M S,19,642,2,1.8292,2,1.8292,0,1.3473,20,16,5,1,2.9747,1.4487,0,0.0,0,0,0,0,0,0,0.0,0.0,0.0,Forward,Forward / Winger / Attacking Midfielder,0.0,ESP,0,0.28,0.256,0.28,0.256,0.0,0.189,2.804,2.243,0.62,1.093,1.093,0.0,0.1,4.423,2,3.176,36,0.0,0.0,0.0
376,ESP-La Liga,2425,Real Betis,Francisco Vieites,4,2024,153,6643,GK,4,360,0,0.0263,0,0.0263,0,0.0,1,0,0,0,0.5005,0.5005,Francisco Vieites,926035200.0,196,0,Left,Spain,G,GK,1600000.0,1814313600.0,310.0,Goalkeeper,Goalkeeper (starter),25.0,ESP,2027-06-30,0.0,0.007,0.0,0.007,0.0,0.0,0.25,0.0,0.25,0.0,0.0,0.0,0.0,1.001,0,0.026,1,0.0,60836502.0,0.0
377,ESP-La Liga,2425,Real Betis,Giovani Lo Celso,4,2024,153,5681,M S,25,1437,8,4.7256,6,2.4957,3,4.6721,34,43,4,0,9.4076,4.9488,Giovani Lo Celso,829008000.0,177,70,Left,Argentina,M,"AM, MC",14600000.0,1845936000.0,15453.0,Midfielder,Midfielder (secondary/attacking),28.0,ESP,2028-06-30,0.501,0.296,0.376,0.156,0.188,0.293,2.129,2.693,0.899,1.693,2.404,0.642,0.235,14.356,11,9.398,77,1825000.0,3089555.0,1327273.0
378,ESP-La Liga,2425,Real Betis,Héctor Bellerín,4,2024,153,492,D S,9,569,0,0.1107,0,0.1107,2,1.8224,1,8,1,0,3.0933,2.1487,Héctor Bellerín,795571200.0,178,74,Right,Spain,D,DR,2600000.0,1845936000.0,3834.0,Defender,Defender (secondary role / versatile),29.0,ESP,2028-06-30,0.0,0.018,0.0,0.018,0.316,0.288,0.158,1.265,0.829,0.0,0.0,1.097,0.0,5.242,2,1.933,9,0.0,23486902.0,1300000.0
379,ESP-La Liga,2425,Real Betis,Isco,4,2024,153,2255,M S,22,1565,9,8.8344,4,4.3747,8,5.0533,44,61,5,0,11.5641,5.605,Isco,703814400.0,176,74,Right,Spain,M,AM,4099999.0,1845936000.0,25751.0,Midfielder,Midfielder (secondary/attacking),32.0,ESP,2028-06-30,0.518,0.508,0.23,0.252,0.46,0.291,2.53,3.508,0.987,1.019,0.914,1.583,0.205,17.169,17,13.888,105,455555.0,464095.0,241176.0
380,ESP-La Liga,2425,Real Betis,Jesús Rodriguez,4,2024,153,13059,M S,21,1143,2,2.5063,2,2.5063,0,0.3555,23,9,0,0,4.386,2.0091,Jesús Rodriguez,1132531200.0,185,0,Right,Spain,M,LW,32000000.0,1909008000.0,4717.0,Midfielder,Midfielder (secondary/attacking),19.0,ESP,2030-06-30,0.157,0.197,0.157,0.197,0.0,0.028,1.811,0.709,0.504,0.798,0.798,0.0,0.087,6.395,2,2.862,32,16000000.0,12767825.0,16000000.0
381,ESP-La Liga,2425,Real Betis,Johnny Cardoso,4,2024,153,12323,M S,28,2147,3,2.6729,3,2.6729,1,0.7339,19,9,4,0,8.9072,7.1631,Johnny Cardoso,1000944000.0,186,0,Right,USA,M,"MC, DM",21000000.0,1909008000.0,6973.0,Midfielder,Midfielder (secondary/attacking),23.0,ESP,2030-06-30,0.126,0.112,0.126,0.112,0.042,0.031,0.796,0.377,0.674,1.122,1.122,1.363,0.158,16.07,4,3.407,28,7000000.0,7856635.0,5250000.0
382,ESP-La Liga,2425,Real Betis,Juan Camilo Hernández,4,2024,153,6954,F S,15,1172,5,4.7717,5,4.7717,1,1.6118,43,14,0,0,8.0954,2.4433,Juan Camilo Hernandez,735264000.0,187,0,Right,Colombia,M,"DM, MC",105000.0,0.0,9.0,Forward,Striker / Centre Forward,31.0,ESP,0,0.384,0.366,0.384,0.366,0.077,0.124,3.302,1.075,0.809,1.048,1.048,0.62,0.116,10.539,6,6.384,57,21000.0,22005.0,17500.0
383,ESP-La Liga,2425,Real Betis,Marc Bartra,4,2024,153,2453,D S,25,2101,2,1.3743,2,1.3743,1,0.1425,18,4,2,0,6.1702,5.6943,Marc Bartra,663897600.0,183,73,Right,Spain,D,DC,1000000.0,1814313600.0,1836.0,Defender,Defender (secondary role / versatile),33.0,ESP,2027-06-30,0.086,0.059,0.086,0.059,0.043,0.006,0.771,0.171,0.508,1.455,1.455,7.018,0.111,11.864,3,1.517,22,500000.0,727643.0,333333.0
384,ESP-La Liga,2425,Real Betis,Marc Roca,4,2024,153,5086,M S,14,912,2,1.1071,2,1.1071,2,1.4977,12,12,4,0,5.1186,4.001,Marc Roca,848966400.0,184,74,Left,Spain,M,"MC, DM",4200000.0,1877472000.0,1537.0,Midfielder,Midfielder (secondary/attacking),28.0,ESP,2029-06-30,0.197,0.109,0.197,0.109,0.197,0.148,1.184,1.184,0.9,1.807,1.807,1.335,0.167,9.12,4,2.605,24,2100000.0,3793695.0,1050000.0
385,ESP-La Liga,2425,Real Betis,Mateo Flores,4,2024,153,13111,M S,6,137,0,0.0,0,0.0,0,0.0,0,0,1,0,0.2442,0.2442,Mateo Flores,1081296000.0,178,0,Left,Spain,M,MC,1100000.0,1782777600.0,176.0,Midfielder,Midfielder (secondary/attacking),20.0,ESP,2026-06-30,0.0,0.0,0.0,0.0,0.0,0.0,0.0,0.0,0.321,0.0,0.0,0.0,0.0,0.488,0,0.0,0,0.0,0.0,0.0
386,ESP-La Liga,2425,Real Betis,Nabil Fekir,4,2024,153,3667,M,2,180,0,0.5543,0,0.5543,1,0.7182,7,6,0,0,1.0262,0.2913,Nabil Fekir,742953600.0,173,72,Left,France,M,AM,5900000.0,1782777600.0,3521.0,Midfielder,Midfielder (central),31.0,ESP,2026-06-30,0.0,0.277,0.0,0.277,0.5,0.359,3.5,3.0,0.659,0.0,0.0,1.392,0.0,1.318,1,1.272,13,0.0,10644056.0,5900000.0
387,ESP-La Liga,2425,Real Betis,Natan,4,2024,153,11890,D S,31,2163,1,0.4948,1,0.4948,1,1.272,9,5,5,1,4.7383,3.9922,Natan,981417600.0,188,0,Left,Brazil,D,DC,21000000.0,1909008000.0,3256.0,Defender,Defender (secondary role / versatile),23.0,ESP,2030-06-30,0.042,0.021,0.042,0.021,0.042,0.053,0.374,0.208,0.363,2.021,2.021,0.786,0.111,8.73,2,1.767,14,21000000.0,42441390.0,10500000.0
388,ESP-La Liga,2425,Real Betis,Nobel Mendy,4,2024,153,12286,D S,2,105,0,0.0,0,0.0,0,0.0,0,0,1,0,0.2062,0.2062,Nobel Mendy,1092614400.0,187,0,Left,Senegal,D,DC,6200000.0,0.0,4546.0,Defender,Defender (secondary role / versatile),20.0,ESP,0,0.0,0.0,0.0,0.0,0.0,0.0,0.0,0.0,0.353,0.0,0.0,0.0,0.0,0.412,0,0.0,0,0.0,0.0,0.0
389,ESP-La Liga,2425,Real Betis,Pablo Fornals,4,2024,153,2335,M S,26,1876,2,1.9426,2,1.9426,0,3.0683,23,36,2,0,13.2643,9.0204,Pablo Fornals,824947200.0,178,67,Right,Spain,M,"MC, DM, RW",8400000.0,1877472000.0,2784.0,Midfielder,Midfielder (secondary/attacking),28.0,ESP,2029-06-30,0.096,0.093,0.096,0.093,0.0,0.147,1.103,1.727,1.069,1.03,1.03,0.0,0.087,22.285,2,5.011,59,4200000.0,4324102.0,4200000.0
390,ESP-La Liga,2425,Real Betis,Pablo García,4,2024,153,13376,S,3,29,0,0.0,0,0.0,0,0.0,0,0,0,0,0.0833,0.0833,Pablo García,1150156800.0,175,67,Left,Spain,M,RW,10300000.0,1877472000.0,2273.0,Forward,Striker,18.0,ESP,2029-06-30,0.0,0.0,0.0,0.0,0.0,0.0,0.0,0.0,0.517,0.0,0.0,0.0,0.0,0.167,0,0.0,0,0.0,0.0,0.0
391,ESP-La Liga,2425,Real Betis,Ricardo Rodríguez,4,2024,153,308,D S,18,1282,0,0.2364,0,0.2364,1,0.3479,5,7,0,0,4.2781,4.1895,Ricardo Rodríguez,714700800.0,182,77,Left,Switzerland,D,"DL, DC",1600000.0,1782777600.0,1714.0,Defender,Defender (secondary role / versatile),32.0,ESP,2026-06-30,0.0,0.017,0.0,0.017,0.07,0.024,0.351,0.491,0.594,0.0,0.0,2.874,0.0,8.468,1,0.584,12,0.0,6768190.0,1600000.0
392,ESP-La Liga,2425,Real Betis,Rodrigo Sánchez,4,2024,153,8410,M S,3,117,0,0.1387,0,0.1387,0,0.129,2,2,0,0,0.8255,0.6421,Jesus Rodrigo Sanchez,1056067200.0,183,0,0,USA,G,,0.0,0.0,3.0,Midfielder,Midfielder (secondary/attacking),21.0,ESP,0,0.0,0.107,0.0,0.107,0.0,0.099,1.538,1.538,1.129,0.0,0.0,0.0,0.0,1.468,0,0.268,4,0.0,0.0,0.0
393,ESP-La Liga,2425,Real Betis,Romain Perraud,4,2024,153,6500,D S,28,2005,2,0.5969,2,0.5969,2,1.9414,20,16,8,1,6.9847,5.4319,Romain Perraud,874886400.0,173,68,Left,France,D,DL,6800000.0,1845936000.0,611.0,Defender,Defender (secondary role / versatile),27.0,ESP,2028-06-30,0.09,0.027,0.09,0.027,0.09,0.087,0.898,0.718,0.557,3.351,3.351,1.03,0.1,12.417,4,2.538,36,3400000.0,11392193.0,1700000.0
394,ESP-La Liga,2425,Real Betis,Rui Silva,4,2024,153,5109,GK,15,1350,0,0.0,0,0.0,0,0.084,0,2,1,0,1.9036,1.8196,Rui Silva,760579200.0,191,85,Left,Portugal,G,GK,6700000.0,1845936000.0,3279.0,Goalkeeper,Goalkeeper (starter),30.0,ESP,2028-06-30,0.0,0.0,0.0,0.0,0.0,0.006,0.0,0.133,0.248,0.0,0.0,0.0,0.0,3.723,0,0.084,2,0.0,0.0,0.0
395,ESP-La Liga,2425,Real Betis,Sergi Altimira,4,2024,153,11953,M S,32,1985,0,1.6415,0,1.6415,1,1.7735,21,22,4,0,11.4577,9.5333,Sergi Altimira,998697600.0,188,0,Right,Spain,M,"MC, DM",19300000.0,1877472000.0,1051.0,Midfielder,Midfielder (secondary/attacking),23.0,ESP,2029-06-30,0.0,0.074,0.0,0.074,0.045,0.08,0.952,0.997,0.952,0.0,0.0,0.564,0.0,20.991,1,3.415,43,0.0,11757539.0,19300000.0
396,ESP-La Liga,2425,Real Betis,Sergio Arribas,4,2024,153,13375,D,1,90,0,0.0,0,0.0,0,0.0,0,0,0,0,0.0992,0.0992,Sergio Arribas,1001808000.0,174,0,Left,Spain,M,AM,9400000.0,1877472000.0,2488.0,Defender,Defender (generic),23.0,ESP,2029-06-30,0.0,0.0,0.0,0.0,0.0,0.0,0.0,0.0,0.198,0.0,0.0,0.0,0.0,0.198,0,0.0,0,0.0,0.0,0.0
397,ESP-La Liga,2425,Real Betis,Vitor Roque,4,2024,153,12302,F S,22,1252,4,6.0668,4,6.0668,0,1.7505,41,12,4,0,8.7482,1.534,Vitor Roque,1109548800.0,174,76,Right,Brazil,F,ST,36000000.0,1893369600.0,71733.0,Forward,Striker / Centre Forward,19.0,ESP,2029-12-31,0.288,0.436,0.288,0.436,0.0,0.126,2.947,0.863,0.739,0.659,0.659,0.0,0.098,10.282,4,7.817,53,9000000.0,5933936.0,9000000.0
398,ESP-La Liga,2425,Real Betis,William Carvalho,4,2024,153,6926,M S,14,457,0,0.2245,0,0.2245,0,0.295,4,6,1,0,2.5843,2.3304,William Carvalho,702604800.0,187,83,Right,Portugal,M,"MC, DM",1200000.0,0.0,1578.0,Midfielder,Midfielder (secondary/attacking),32.0,ESP,0,0.0,0.044,0.0,0.044,0.0,0.058,0.788,1.182,0.968,0.0,0.0,0.0,0.0,4.915,0,0.52,10,0.0,5345212.0,0.0
399,ESP-La Liga,2425,Real Betis,Youssouf Sabaly,4,2024,153,3399,D S,22,1612,0,0.2333,0,0.2333,1,0.5775,5,11,1,0,3.6284,3.1888,Youssouf Sabaly,731289600.0,174,70,Right,Senegal,D,DR,1400000.0,1814313600.0,5473.0,Defender,Defender (secondary role / versatile),31.0,ESP,2027-06-30,0.0,0.013,0.0,0.013,0.056,0.032,0.279,0.614,0.381,0.0,0.0,1.732,0.0,6.817,1,0.811,16,0.0,6000857.0,1400000.0
400,ESP-La Liga,2425,Real Betis,Ángel Ortiz,4,2024,153,13374,D S,5,352,0,0.055,0,0.055,1,0.3686,2,3,0,0,1.063,0.6517,Angel Ortiz,1090713600.0,167,0,Right,Spain,D,DR,4400000.0,1877472000.0,493.0,Defender,Defender (secondary role / versatile),20.0,ESP,2029-06-30,0.0,0.014,0.0,0.014,0.256,0.094,0.511,0.767,0.438,0.0,0.0,2.713,0.0,1.715,1,0.424,5,0.0,80000000.0,4400000.0
401,ESP-La Liga,2425,Real Madrid,Andriy Lunin,4,2024,150,7194,GK,7,630,0,0.0,0,0.0,1,0.9175,0,1,0,0,2.6411,1.7236,Andriy Lunin,918691200.0,191,80,Right,Ukraine,G,GK,14100000.0,1909008000.0,78220.0,Goalkeeper,Goalkeeper (starter),25.0,ESP,2030-06-30,0.0,0.0,0.0,0.0,0.143,0.131,0.0,0.143,0.624,0.0,0.0,1.09,0.0,4.365,1,0.918,1,0.0,0.0,14100000.0
402,ESP-La Liga,2425,Real Madrid,Antonio Rüdiger,4,2024,150,1822,D S,29,2291,0,1.8136,0,1.8136,0,0.5648,24,7,3,0,13.1066,12.1047,Antonio Rüdiger,731116800.0,191,85,Right,Germany,D,DC,12400000.0,1782777600.0,187431.0,Defender,Defender (secondary role / versatile),31.0,ESP,2026-06-30,0.0,0.071,0.0,0.071,0.0,0.022,0.943,0.275,0.99,0.0,0.0,0.0,0.0,25.211,0,2.378,31,0.0,6837230.0,0.0
403,ESP-La Liga,2425,Real Madrid,Arda Güler,4,2024,150,12190,F M S,28,1252,3,3.9991,3,3.9991,4,6.1702,39,39,1,0,12.5622,5.0464,Arda Güler,1109289600.0,176,0,Left,Türkiye,M,"MC, AM, RW",87000000.0,1877472000.0,394083.0,Forward,Forward / Winger / Attacking Midfielder,19.0,ESP,2029-06-30,0.216,0.287,0.216,0.287,0.288,0.444,2.804,2.804,1.266,0.75,0.75,0.648,0.077,17.609,7,10.169,78,29000000.0,21754895.0,12428571.0
404,ESP-La Liga,2425,Real Madrid,Aurelien Tchouameni,4,2024,150,6560,D M S,32,2697,0,1.8187,0,1.8187,0,0.7173,19,5,5,0,16.4894,16.2997,Aurélien Tchouaméni,948931200.0,188,0,Right,France,M,"MC, DM, DC",78000000.0,1845936000.0,143498.0,Defender,Defender / Defensive Midfielder,24.0,ESP,2028-06-30,0.0,0.061,0.0,0.061,0.0,0.024,0.634,0.167,1.094,0.0,0.0,0.0,0.0,32.789,0,2.536,24,0.0,42887777.0,0.0
405,ESP-La Liga,2425,Real Madrid,Brahim Diaz,4,2024,150,6421,F M S,31,1368,4,6.3417,4,6.3417,2,3.2999,28,23,0,0,17.9341,10.2469,Brahim Díaz,933638400.0,170,68,Both,Morocco,M,"RW, AM",37000000.0,1814313600.0,253227.0,Forward,Forward / Winger / Attacking Midfielder,25.0,ESP,2027-06-30,0.263,0.417,0.263,0.417,0.132,0.217,1.842,1.513,1.854,0.631,0.631,0.606,0.143,28.181,6,9.642,51,9250000.0,5834398.0,6166667.0
406,ESP-La Liga,2425,Real Madrid,Chema Andres,4,2024,150,13078,S,2,4,0,0.0,0,0.0,0,0.0,0,0,0,0,0.0739,0.0739,Chema Andrés,1114387200.0,193,0,Right,Spain,M,"MC, DM",14600000.0,1909008000.0,8434.0,Forward,Striker,19.0,ESP,2030-06-30,0.0,0.0,0.0,0.0,0.0,0.0,0.0,0.0,3.326,0.0,0.0,0.0,0.0,0.148,0,0.0,0,0.0,0.0,0.0
407,ESP-La Liga,2425,Real Madrid,Dani Ceballos,4,2024,150,2446,M S,23,1235,0,0.3062,0,0.3062,0,1.9406,7,22,4,0,12.3868,11.4228,Dani Ceballos,839376000.0,179,65,Right,Spain,M,"MC, DM",8400000.0,1814313600.0,70668.0,Midfielder,Midfielder (secondary/attacking),28.0,ESP,2027-06-30,0.0,0.022,0.0,0.022,0.0,0.141,0.51,1.603,1.735,0.0,0.0,0.0,0.0,23.81,0,2.247,29,0.0,27433050.0,0.0
408,ESP-La Liga,2425,Real Madrid,Daniel Carvajal,4,2024,150,2260,D S,8,613,1,1.1008,1,1.1008,0,0.1269,3,5,1,0,1.4233,1.351,Daniel Carvajal,695088000.0,173,73,Right,Spain,D,DR,6800000.0,1782777600.0,150213.0,Defender,Defender (secondary role / versatile),32.0,ESP,2026-06-30,0.147,0.162,0.147,0.162,0.0,0.019,0.44,0.734,0.407,0.908,0.908,0.0,0.333,2.774,1,1.228,8,6800000.0,6177326.0,6800000.0
409,ESP-La Liga,2425,Real Madrid,Daniel Yáñez,4,2024,150,13266,S,1,1,0,0.0,0,0.0,0,0.0,0,0,0,0,0.0,0.0,Daniel Yañez,1175040000.0,177,0,Left,Spain,M,RW,160000.0,1877472000.0,9093.0,Forward,Striker,17.0,ESP,2029-06-30,0.0,0.0,0.0,0.0,0.0,0.0,0.0,0.0,0.0,0.0,0.0,0.0,0.0,0.0,0,0.0,0,0.0,0.0,0.0
410,ESP-La Liga,2425,Real Madrid,David Alaba,4,2024,150,391,D S,7,312,0,0.0,0,0.0,0,0.054,0,1,1,0,2.8143,2.7603,David Alaba,709344000.0,180,76,Left,Austria,D,DC,3600000.0,1782777600.0,92986.0,Defender,Defender (secondary role / versatile),32.0,ESP,2026-06-30,0.0,0.0,0.0,0.0,0.0,0.016,0.0,0.288,1.608,0.0,0.0,0.0,0.0,5.575,0,0.054,1,0.0,0.0,0.0
411,ESP-La Liga,2425,Real Madrid,Eder Militão,4,2024,150,7829,D S,12,938,1,0.6963,1,0.6963,1,0.4996,10,6,2,0,3.548,3.374,Éder Militão,885081600.0,186,78,Right,Brazil,D,DC,31000000.0,1845936000.0,148429.0,Defender,Defender (secondary role / versatile),26.0,ESP,2028-06-30,0.096,0.067,0.096,0.067,0.096,0.048,0.959,0.576,0.664,1.436,1.436,2.002,0.1,6.922,2,1.196,16,31000000.0,44521040.0,15500000.0
412,ESP-La Liga,2425,Real Madrid,Eduardo Camavinga,4,2024,150,7359,D M S,19,1079,1,0.8913,1,0.8913,2,0.9149,8,11,2,0,7.9415,6.6781,Eduardo Camavinga,1036886400.0,182,0,Left,France,M,"MC, DM",48000000.0,1877472000.0,190436.0,Defender,Defender / Defensive Midfielder,22.0,ESP,2029-06-30,0.083,0.074,0.083,0.074,0.167,0.076,0.667,0.918,1.219,1.122,1.122,2.186,0.125,14.62,3,1.806,19,48000000.0,53853921.0,16000000.0
413,ESP-La Liga,2425,Real Madrid,Endrick,4,2024,150,12884,F S,22,324,1,2.9282,1,2.9282,0,0.664,24,5,1,0,3.3895,0.2132,Endrick,1153440000.0,173,0,Left,Brazil,F,ST,26000000.0,1782777600.0,427662.0,Forward,Striker / Centre Forward,18.0,ESP,2026-06-30,0.278,0.813,0.278,0.813,0.0,0.184,6.667,1.389,1.001,0.342,0.342,0.0,0.042,3.603,1,3.592,29,26000000.0,8879175.0,26000000.0
414,ESP-La Liga,2425,Real Madrid,Federico Valverde,4,2024,150,6241,D M S,36,3035,6,2.5116,6,2.5116,4,4.4067,57,39,4,0,28.0144,23.3176,Federico Valverde,901065600.0,181,0,Right,Uruguay,M,"MC, DM, DR",116000000.0,0.0,379405.0,Defender,Defender / Defensive Midfielder,26.0,ESP,0,0.178,0.074,0.178,0.074,0.119,0.131,1.69,1.157,1.522,2.389,2.389,0.908,0.105,51.332,10,6.918,96,19333333.0,46185698.0,11600000.0
415,ESP-La Liga,2425,Real Madrid,Ferland Mendy,4,2024,150,6233,D S,14,1019,0,0.0,0,0.0,1,0.6423,0,3,1,0,3.9901,3.3814,Ferland Mendy,802569600.0,178,73,Left,France,D,DL,8500000.0,1845936000.0,70051.0,Defender,Defender (secondary role / versatile),29.0,ESP,2028-06-30,0.0,0.0,0.0,0.0,0.088,0.057,0.0,0.265,0.651,0.0,0.0,1.557,0.0,7.372,1,0.642,3,0.0,0.0,8500000.0
416,ESP-La Liga,2425,Real Madrid,Fran García,4,2024,150,9810,D S,31,2180,0,1.2241,0,1.2241,2,2.2158,14,24,0,0,16.86,14.8979,Fran García,934588800.0,170,0,Left,Spain,D,DL,13800000.0,1814313600.0,66059.0,Defender,Defender (secondary role / versatile),25.0,ESP,2027-06-30,0.0,0.051,0.0,0.051,0.083,0.091,0.578,0.991,1.311,0.0,0.0,0.903,0.0,31.758,2,3.44,38,0.0,11273589.0,6900000.0
417,ESP-La Liga,2425,Real Madrid,Francisco González,4,2024,150,11611,GK,1,90,0,0.0,0,0.0,0,0.0,0,0,0,0,0.061,0.061,Francisco González,986515200.0,170,0,Both,Argentina,F,"RW, LW",1600000.0,1861833600.0,338.0,Goalkeeper,Goalkeeper (starter),23.0,ESP,2028-12-31,0.0,0.0,0.0,0.0,0.0,0.0,0.0,0.0,0.122,0.0,0.0,0.0,0.0,0.122,0,0.0,0,0.0,0.0,0.0
418,ESP-La Liga,2425,Real Madrid,Gonzalo García,4,2024,150,12035,S,3,46,0,0.4882,0,0.4882,1,0.9247,1,1,0,0,1.4129,0.9247,Gonzalo García,1080086400.0,182,0,Right,Spain,F,"ST, LW",15500000.0,1909008000.0,102623.0,Forward,Striker,20.0,ESP,2030-06-30,0.0,0.955,0.0,0.955,1.957,1.809,1.957,1.957,4.574,0.0,0.0,1.081,0.0,2.338,1,1.413,2,0.0,31749283.0,15500000.0
419,ESP-La Liga,2425,Real Madrid,Jacobo Ramón,4,2024,150,12436,D S,3,201,1,0.4884,1,0.4884,0,0.07,2,1,1,0,2.683,2.683,Jacobo Ramón,1104969600.0,196,0,Right,Spain,D,DC,19100000.0,1909008000.0,13153.0,Defender,Defender (secondary role / versatile),19.0,ESP,2030-06-30,0.448,0.219,0.448,0.219,0.0,0.031,0.896,0.448,2.403,2.048,2.048,0.0,0.5,5.366,1,0.558,3,19100000.0,39107289.0,19100000.0
420,ESP-La Liga,2425,Real Madrid,Jesús Vallejo,4,2024,150,5234,D S,4,139,0,0.0,0,0.0,1,0.4635,0,2,0,0,0.6161,0.6161,Jesús Vallejo,852422400.0,184,74,Right,Spain,D,DC,1000000.0,1814313600.0,19351.0,Defender,Defender (secondary role / versatile),27.0,ESP,2027-06-30,0.0,0.0,0.0,0.0,0.647,0.3,0.0,1.295,0.798,0.0,0.0,2.157,0.0,1.232,1,0.464,2,0.0,0.0,1000000.0
421,ESP-La Liga,2425,Real Madrid,Jude Bellingham,4,2024,150,8824,M S,31,2510,9,13.0841,8,11.5976,8,4.306,62,43,5,1,24.6822,15.2586,Jude Bellingham,1056844800.0,188,0,Right,England,M,"AM, MC, ML",151000000.0,1877472000.0,1048608.0,Midfielder,Midfielder (secondary/attacking),21.0,ESP,2029-06-30,0.323,0.469,0.287,0.416,0.287,0.154,2.223,1.542,1.432,0.688,0.69,1.858,0.145,39.941,17,17.39,105,16777778.0,11540725.0,8882353.0
422,ESP-La Liga,2425,Real Madrid,Kylian Mbappe-Lottin,4,2024,150,3423,F,34,2938,31,30.1356,24,23.4461,3,9.3941,161,51,3,1,38.3135,11.0817,0,0.0,0,0,0,0,0,0,0.0,0.0,0.0,Forward,Forward (generic),0.0,ESP,0,0.95,0.923,0.735,0.718,0.092,0.288,4.932,1.562,1.513,1.029,1.024,0.319,0.193,49.395,34,39.53,212,0.0,0.0,0.0
423,ESP-La Liga,2425,Real Madrid,Lorenzo Aguado,4,2024,150,13251,S,2,2,0,0.0,0,0.0,0,0.0,0,0,0,0,0.0,0.0,Lorenzo Aguado,1032393600.0,177,0,Right,Spain,D,DR,195000.0,1845936000.0,1962.0,Forward,Striker,22.0,ESP,2028-06-30,0.0,0.0,0.0,0.0,0.0,0.0,0.0,0.0,0.0,0.0,0.0,0.0,0.0,0.0,0,0.0,0,0.0,0.0,0.0
424,ESP-La Liga,2425,Real Madrid,Lucas Vázquez,4,2024,150,2253,D S,32,2218,1,1.8719,1,1.8719,5,5.2886,15,34,4,0,18.2427,13.4134,Lucas Vázquez,678326400.0,173,70,Right,Spain,D,DR,2700000.0,1814313600.0,58221.0,Defender,Defender (secondary role / versatile),33.0,ESP,2027-06-30,0.041,0.076,0.041,0.076,0.203,0.215,0.609,1.38,1.285,0.534,0.534,0.945,0.067,31.656,6,7.16,49,2700000.0,1442385.0,450000.0
425,ESP-La Liga,2425,Real Madrid,Luka Modric,4,2024,150,2250,M S,35,1774,2,1.6169,2,1.6169,6,7.8974,22,66,7,0,19.557,15.6464,Luka Modrić,495072000.0,173,65,Both,Croatia,M,"MC, DM",4400000.0,1782777600.0,346229.0,Midfielder,Midfielder (secondary/attacking),39.0,ESP,2026-06-30,0.101,0.082,0.101,0.082,0.304,0.401,1.116,3.348,1.786,1.237,1.237,0.76,0.091,35.203,8,9.514,88,2200000.0,2721257.0,550000.0
426,ESP-La Liga,2425,Real Madrid,Raúl,4,2024,150,13201,D S,23,1675,0,0.0739,0,0.0739,1,0.7585,3,7,3,0,12.4326,12.0343,Raúl Asencio,1045094400.0,184,0,Right,Spain,D,DC,27000000.0,1940544000.0,122450.0,Defender,Defender (secondary role / versatile),21.0,ESP,2031-06-30,0.0,0.004,0.0,0.004,0.054,0.041,0.161,0.376,1.315,0.0,0.0,1.318,0.0,24.467,1,0.832,10,0.0,365358593.0,27000000.0
427,ESP-La Liga,2425,Real Madrid,Rodrygo,4,2024,150,8015,F M S,30,1965,6,4.7242,6,4.7242,5,4.0036,54,48,0,0,17.5727,11.5087,Rodrygo,978998400.0,174,0,Right,Brazil,F,"ST, RW",64000000.0,0.0,731879.0,Forward,Forward / Winger / Attacking Midfielder,23.0,ESP,0,0.275,0.216,0.275,0.216,0.229,0.183,2.473,2.198,1.332,1.27,1.27,1.249,0.111,29.081,11,8.728,102,10666667.0,13547267.0,5818182.0
428,ESP-La Liga,2425,Real Madrid,Thibaut Courtois,4,2024,150,680,GK,30,2700,0,0.0,0,0.0,0,0.172,0,1,1,0,9.1894,9.0174,Thibaut Courtois,705542400.0,200,94,Left,Belgium,G,GK,17400000.0,1814313600.0,199762.0,Goalkeeper,Goalkeeper (starter),32.0,ESP,2027-06-30,0.0,0.0,0.0,0.0,0.0,0.006,0.0,0.033,0.607,0.0,0.0,0.0,0.0,18.207,0,0.172,1,0.0,0.0,0.0
429,ESP-La Liga,2425,Real Madrid,Vinícius Júnior,4,2024,150,7008,F M S,30,2267,11,12.7751,9,10.5452,8,8.6393,81,58,8,1,23.5002,7.6326,Vinicius Júnior,963360000.0,176,0,Right,Brazil,F,"LW, ST",156000000.0,0.0,1225139.0,Forward,Forward / Winger / Attacking Midfielder,24.0,ESP,0,0.437,0.507,0.357,0.419,0.318,0.343,3.216,2.303,1.236,0.861,0.853,0.926,0.136,31.133,19,21.414,139,14181818.0,12211255.0,8210526.0
430,ESP-La Liga,2425,Real Madrid,Víctor Muñoz,4,2024,150,13279,S,2,27,0,0.3355,0,0.3355,0,0.0,1,0,0,0,1.2602,0.9247,Victor Muñoz,1058054400.0,173,0,Right,Spain,F,RW,9700000.0,1909008000.0,10708.0,Forward,Striker,21.0,ESP,2030-06-30,0.0,1.118,0.0,1.118,0.0,0.0,3.333,0.0,7.283,0.0,0.0,0.0,0.0,2.185,0,0.336,1,0.0,28912072.0,0.0
431,ESP-La Liga,2425,Real Sociedad,Aihen Muñoz,4,2024,140,7306,D S,21,1098,0,0.1584,0,0.1584,0,0.1309,6,3,5,0,2.2551,1.9932,Aihen Muñoz,871689600.0,175,72,Left,Spain,D,DL,3600000.0,1814313600.0,416.0,Defender,Defender (secondary role / versatile),27.0,ESP,2027-06-30,0.0,0.013,0.0,0.013,0.0,0.011,0.492,0.246,0.348,0.0,0.0,0.0,0.0,4.248,0,0.289,9,0.0,22727273.0,0.0
432,ESP-La Liga,2425,Real Sociedad,Ander Barrenetxea,4,2024,140,7308,F M S,30,1271,1,1.9731,1,1.9731,3,2.4456,25,16,6,0,7.3121,3.8329,Ander Barrenetxea,1009411200.0,174,0,Right,Spain,F,LW,19100000.0,1909008000.0,1626.0,Forward,Forward / Winger / Attacking Midfielder,23.0,ESP,2030-06-30,0.071,0.14,0.071,0.14,0.212,0.173,1.77,1.133,0.789,0.507,0.507,1.227,0.04,11.145,4,4.419,41,19100000.0,9680199.0,4775000.0
433,ESP-La Liga,2425,Real Sociedad,Aritz Elustondo,4,2024,140,2228,D S,22,1452,0,0.5126,0,0.5126,0,0.2177,4,4,3,1,4.0344,3.8809,Aritz Elustondo,764812800.0,178,72,Right,Spain,D,"DC, DR",1900000.0,1782777600.0,405.0,Defender,Defender (secondary role / versatile),30.0,ESP,2026-06-30,0.0,0.032,0.0,0.032,0.0,0.013,0.248,0.248,0.491,0.0,0.0,0.0,0.0,7.915,0,0.73,8,0.0,3706594.0,0.0
434,ESP-La Liga,2425,Real Sociedad,Arkaitz Mariezkurrena,4,2024,140,13267,F S,9,219,2,1.1344,2,1.1344,0,0.513,10,2,1,0,1.177,0.4671,Arkaitz Mariezkurrena,1112659200.0,181,0,Left,Spain,F,ST,870000.0,1877472000.0,150.0,Forward,Striker / Centre Forward,19.0,ESP,2029-06-30,0.822,0.466,0.822,0.466,0.0,0.211,4.11,0.822,0.676,1.763,1.763,0.0,0.2,1.644,2,1.647,12,435000.0,766925.0,435000.0
435,ESP-La Liga,2425,Real Sociedad,Arsen Zakharyan,4,2024,140,8760,M S,3,70,1,0.1375,1,0.1375,0,0.1127,4,1,0,0,0.1656,0.0281,Arsen Zakharyan,1053907200.0,183,0,Right,Russia,M,"MC, LW",7300000.0,1877472000.0,4632.0,Midfielder,Midfielder (secondary/attacking),21.0,ESP,2029-06-30,1.286,0.177,1.286,0.177,0.0,0.145,5.143,1.286,0.249,7.273,7.273,0.0,0.25,0.194,1,0.25,5,7300000.0,53090909.0,7300000.0
436,ESP-La Liga,2425,Real Sociedad,Beñat Turrientes,4,2024,140,9465,M S,21,933,0,0.3415,0,0.3415,0,0.374,7,3,4,0,3.6907,3.2629,Beñat Turrientes,1012435200.0,179,0,Right,Spain,M,"MC, DM",8500000.0,1909008000.0,773.0,Midfielder,Midfielder (secondary/attacking),22.0,ESP,2030-06-30,0.0,0.033,0.0,0.033,0.0,0.036,0.675,0.289,0.671,0.0,0.0,0.0,0.0,6.954,0,0.716,10,0.0,24890190.0,0.0
437,ESP-La Liga,2425,Real Sociedad,Brais Méndez,4,2024,140,6227,F M S,27,1552,3,4.0501,3,4.0501,2,2.2719,28,23,4,0,6.5222,1.475,Brais Méndez,852595200.0,184,76,Left,Spain,M,"AM, MC",11600000.0,1845936000.0,1968.0,Forward,Forward / Winger / Attacking Midfielder,27.0,ESP,2028-06-30,0.174,0.235,0.174,0.235,0.116,0.132,1.624,1.334,0.464,0.741,0.741,0.88,0.107,7.997,5,6.322,51,3866667.0,2864127.0,2320000.0
438,ESP-La Liga,2425,Real Sociedad,Daniel Díaz,4,2024,140,13558,S,1,7,0,0.0,0,0.0,0,0.0,0,0,0,0,0.0,0.0,Daniel Diaz,1027987200.0,183,0,Right,Cuba,F,ST,135000.0,0.0,65.0,Forward,Striker,22.0,ESP,0,0.0,0.0,0.0,0.0,0.0,0.0,0.0,0.0,0.0,0.0,0.0,0.0,0.0,0.0,0,0.0,0,0.0,0.0,0.0
439,ESP-La Liga,2425,Real Sociedad,Hamari Traore,4,2024,140,3239,D S,11,725,0,0.3294,0,0.3294,1,0.1553,1,3,2,0,2.3195,2.2259,Hamari Traoré,696470400.0,175,64,Right,Mali,D,DR,1900000.0,1814313600.0,4062.0,Defender,Defender (secondary role / versatile),32.0,ESP,2027-06-30,0.0,0.041,0.0,0.041,0.124,0.019,0.124,0.372,0.564,0.0,0.0,6.439,0.0,4.545,1,0.485,4,0.0,5768063.0,1900000.0
440,ESP-La Liga,2425,Real Sociedad,Igor Zubeldia,4,2024,140,2417,D S,28,2283,0,0.9102,0,0.9102,0,0.2907,12,4,6,1,6.0027,5.8431,Igor Zubeldia,859680000.0,180,75,Right,Spain,D,DC,9500000.0,1877472000.0,894.0,Defender,Defender (secondary role / versatile),27.0,ESP,2029-06-30,0.0,0.036,0.0,0.036,0.0,0.011,0.473,0.158,0.467,0.0,0.0,0.0,0.0,11.846,0,1.201,16,0.0,10437267.0,0.0
441,ESP-La Liga,2425,Real Sociedad,Javier López,4,2024,140,8413,D S,29,1934,0,0.1421,0,0.1421,0,0.8679,5,5,4,0,3.7143,3.465,Javier López,779760000.0,164,67,Left,Mexico,M,AM,280000.0,0.0,171.0,Defender,Defender (secondary role / versatile),30.0,ESP,0,0.0,0.007,0.0,0.007,0.0,0.04,0.233,0.233,0.334,0.0,0.0,0.0,0.0,7.179,0,1.01,10,0.0,1970443.0,0.0
442,ESP-La Liga,2425,Real Sociedad,Jon Ander Olasagasti,4,2024,140,9466,M S,22,821,1,1.2223,1,1.2223,1,1.0622,13,6,2,0,4.5712,2.8993,Jon Ander Olasagasti,966384000.0,176,0,Left,Spain,M,MC,1900000.0,1845936000.0,305.0,Midfielder,Midfielder (secondary/attacking),24.0,ESP,2028-06-30,0.11,0.134,0.11,0.134,0.11,0.116,1.425,0.658,0.819,0.818,0.818,0.941,0.077,7.47,2,2.284,19,1900000.0,1554447.0,950000.0
443,ESP-La Liga,2425,Real Sociedad,Jon Aramburu,4,2024,140,12182,D S,35,2466,1,0.4541,1,0.4541,1,0.9028,11,15,8,0,8.6851,7.9676,Jon Aramburu,1027382400.0,176,71,Right,Venezuela,D,DR,13900000.0,1909008000.0,6508.0,Defender,Defender (secondary role / versatile),22.0,ESP,2030-06-30,0.036,0.017,0.036,0.017,0.036,0.033,0.401,0.547,0.608,2.202,2.202,1.108,0.091,16.653,2,1.357,26,13900000.0,30609998.0,6950000.0
444,ESP-La Liga,2425,Real Sociedad,Jon Magunacelaya,4,2024,140,11204,S,2,5,0,0.0,0,0.0,0,0.0,0,0,0,0,0.6654,0.6654,0,0.0,0,0,0,0,0,0,0.0,0.0,0.0,Forward,Striker,0.0,ESP,0,0.0,0.0,0.0,0.0,0.0,0.0,0.0,0.0,23.954,0.0,0.0,0.0,0.0,1.331,0,0.0,0,0.0,0.0,0.0
445,ESP-La Liga,2425,Real Sociedad,Jon Martín,4,2024,140,12353,D S,13,884,0,0.5016,0,0.5016,1,0.1574,9,4,2,0,1.8035,1.7861,Jon Martin,1145750400.0,185,79,Right,Spain,D,DC,9600000.0,1940544000.0,1294.0,Defender,Defender (secondary role / versatile),18.0,ESP,2031-06-30,0.0,0.051,0.0,0.051,0.102,0.016,0.916,0.407,0.365,0.0,0.0,6.353,0.0,3.59,1,0.659,13,0.0,19138756.0,9600000.0
446,ESP-La Liga,2425,Real Sociedad,Jon Pacheco Dozagarat,4,2024,140,8423,D S,14,849,0,0.093,0,0.093,0,0.0614,1,1,3,0,1.0295,1.0295,0,0.0,0,0,0,0,0,0,0.0,0.0,0.0,Defender,Defender (secondary role / versatile),0.0,ESP,0,0.0,0.01,0.0,0.01,0.0,0.007,0.106,0.106,0.218,0.0,0.0,0.0,0.0,2.059,0,0.154,2,0.0,0.0,0.0
447,ESP-La Liga,2425,Real Sociedad,Luka Sucic,4,2024,140,12862,F M S,29,1804,1,3.6617,1,3.6617,1,3.4273,43,25,4,0,10.9629,5.2498,Luka Sučić,1031443200.0,185,0,Left,Croatia,M,"AM, MC",10900000.0,1877472000.0,6236.0,Forward,Forward / Winger / Attacking Midfielder,22.0,ESP,2029-06-30,0.05,0.183,0.05,0.183,0.05,0.171,2.145,1.247,0.809,0.273,0.273,0.292,0.023,16.213,2,7.089,68,10900000.0,2976759.0,5450000.0
448,ESP-La Liga,2425,Real Sociedad,Luken Beitia,4,2024,140,13482,S,1,4,0,0.0,0,0.0,0,0.0,0,0,0,0,0.0,0.0,Luken Beitia,1088553600.0,191,0,Right,Spain,D,DC,315000.0,1877472000.0,113.0,Forward,Striker,20.0,ESP,2029-06-30,0.0,0.0,0.0,0.0,0.0,0.0,0.0,0.0,0.0,0.0,0.0,0.0,0.0,0.0,0,0.0,0,0.0,0.0,0.0
449,ESP-La Liga,2425,Real Sociedad,Martín Zubimendi,4,2024,140,7526,M S,36,2966,2,3.9222,2,3.9222,1,1.2131,24,19,6,0,13.166,9.925,Martín Zubimendi,917913600.0,180,74,Right,Spain,M,"MC, DM",77000000.0,1909008000.0,26888.0,Midfielder,Midfielder (secondary/attacking),25.0,ESP,2030-06-30,0.061,0.119,0.061,0.119,0.03,0.037,0.728,0.577,0.701,0.51,0.51,0.824,0.083,23.091,3,5.135,43,38500000.0,19631839.0,25666667.0
450,ESP-La Liga,2425,Real Sociedad,Mikel Oyarzabal,4,2024,140,2234,F M S,35,2291,9,10.2964,5,7.3233,3,2.9015,43,15,4,1,14.1058,4.8402,Mikel Oyarzabal,861580800.0,181,75,Left,Spain,F,ST,27000000.0,1845936000.0,12011.0,Forward,Forward / Winger / Attacking Midfielder,27.0,ESP,2028-06-30,0.354,0.404,0.196,0.288,0.118,0.114,1.689,0.589,0.744,0.874,0.683,1.034,0.209,18.946,12,13.198,58,3000000.0,2622276.0,2250000.0
451,ESP-La Liga,2425,Real Sociedad,Naif Aguerd,4,2024,140,6935,D,21,1772,0,2.1501,0,2.1501,0,0.355,15,5,4,0,5.7426,4.7941,0,0.0,0,0,0,0,0,0,0.0,0.0,0.0,Defender,Defender (generic),0.0,ESP,0,0.0,0.109,0.0,0.109,0.0,0.018,0.762,0.254,0.535,0.0,0.0,0.0,0.0,10.537,0,2.505,20,0.0,0.0,0.0
452,ESP-La Liga,2425,Real Sociedad,Orri Óskarsson,4,2024,140,13048,F S,23,929,3,5.6142,3,5.6142,0,0.1733,19,5,1,0,5.6973,0.027,Orri Steinn Óskarsson,1093737600.0,186,0,Right,Iceland,F,ST,12500000.0,1909008000.0,2818.0,Forward,Striker / Centre Forward,20.0,ESP,2030-06-30,0.291,0.544,0.291,0.544,0.0,0.017,1.841,0.484,0.555,0.534,0.534,0.0,0.158,5.724,3,5.788,24,4166667.0,2226497.0,4166667.0
453,ESP-La Liga,2425,Real Sociedad,Pablo Marín,4,2024,140,11185,M S,23,1224,1,2.1963,1,2.1963,2,1.1745,21,14,3,0,4.3962,1.8085,Pablo Marín,1057190400.0,178,0,Right,Spain,M,"MC, AM",8400000.0,1877472000.0,501.0,Midfielder,Midfielder (secondary/attacking),21.0,ESP,2029-06-30,0.074,0.161,0.074,0.161,0.147,0.086,1.544,1.029,0.456,0.455,0.455,1.703,0.048,6.205,3,3.371,35,8400000.0,3824614.0,2800000.0
454,ESP-La Liga,2425,Real Sociedad,Remiro,4,2024,140,2555,GK,36,3240,0,0.0,0,0.0,0,0.0209,0,1,0,0,3.7601,3.7391,Álex Remiro,796003200.0,191,80,Right,Spain,G,GK,14900000.0,1814313600.0,2828.0,Goalkeeper,Goalkeeper (starter),29.0,ESP,2027-06-30,0.0,0.0,0.0,0.0,0.0,0.001,0.0,0.028,0.208,0.0,0.0,0.0,0.0,7.499,0,0.021,1,0.0,0.0,0.0
455,ESP-La Liga,2425,Real Sociedad,Sergio Gómez,4,2024,140,6656,D F M S,37,2745,2,1.8785,2,1.8785,5,8.3466,18,56,4,0,11.6132,6.6423,Sergio Gómez,968025600.0,171,68,Left,Spain,M,"DL, LW",14600000.0,1909008000.0,4379.0,Defender,Defender / versatile (can play Midfield/Forward),24.0,ESP,2030-06-30,0.066,0.062,0.066,0.062,0.164,0.274,0.59,1.836,0.599,1.065,1.065,0.599,0.111,18.256,7,10.225,74,7300000.0,7772159.0,2085714.0
456,ESP-La Liga,2425,Real Sociedad,Sheraldo Becker,4,2024,140,7882,F M S,22,996,2,1.8835,2,1.8835,1,1.7872,22,8,1,1,4.5431,1.0017,Sheraldo Becker,792288000.0,180,75,Right,Suriname,F,ST,1500000.0,1782777600.0,1532.0,Forward,Forward / Winger / Attacking Midfielder,29.0,ESP,2026-06-30,0.181,0.17,0.181,0.17,0.09,0.161,1.988,0.723,0.501,1.062,1.062,0.56,0.091,5.545,3,3.671,30,750000.0,796390.0,500000.0
457,ESP-La Liga,2425,Real Sociedad,Takefusa Kubo,4,2024,140,8001,F M S,36,2392,5,4.2247,5,4.2247,0,5.4904,43,45,5,0,14.7628,6.5256,Takefusa Kubo,991612800.0,174,67,Left,Japan,M,RW,31000000.0,1877472000.0,23329.0,Forward,Forward / Winger / Attacking Midfielder,23.0,ESP,2029-06-30,0.188,0.159,0.188,0.159,0.0,0.207,1.618,1.693,0.801,1.184,1.184,0.0,0.116,21.288,5,9.715,88,6200000.0,7337799.0,6200000.0
458,ESP-La Liga,2425,Real Sociedad,Umar Sadiq,4,2024,140,1450,F S,23,1040,5,4.4837,5,4.4837,0,0.8914,25,7,5,0,5.7311,1.3678,Umar Sadiq,854841600.0,192,75,Right,Nigeria,F,ST,3900000.0,1845936000.0,3005.0,Forward,Striker / Centre Forward,27.0,ESP,2028-06-30,0.433,0.388,0.433,0.388,0.0,0.077,2.163,0.606,0.614,1.115,1.115,0.0,0.2,7.099,5,5.375,32,780000.0,869817.0,780000.0
459,ESP-La Liga,2425,Real Sociedad,Unai Marrero,4,2024,140,9198,GK,2,180,0,0.0,0,0.0,0,0.0,0,0,0,0,0.0,0.0,Unai Marrero,1002585600.0,187,0,Right,Spain,G,GK,655000.0,1814313600.0,287.0,Goalkeeper,Goalkeeper (starter),23.0,ESP,2027-06-30,0.0,0.0,0.0,0.0,0.0,0.0,0.0,0.0,0.0,0.0,0.0,0.0,0.0,0.0,0,0.0,0,0.0,0.0,0.0
460,ESP-La Liga,2425,Real Sociedad,Álvaro Odriozola,4,2024,140,2418,S,2,35,0,0.0,0,0.0,0,0.0,0,0,1,0,0.0285,0.0285,Álvaro Odriozola,818899200.0,175,74,Right,Spain,D,DR,825000.0,1877472000.0,2560.0,Forward,Striker,29.0,ESP,2029-06-30,0.0,0.0,0.0,0.0,0.0,0.0,0.0,0.0,0.147,0.0,0.0,0.0,0.0,0.057,0,0.0,0,0.0,0.0,0.0
461,ESP-La Liga,2425,Real Valladolid,Adam Aznou,4,2024,231,12371,D M S,13,884,0,0.2701,0,0.2701,0,0.5334,4,6,2,0,2.3565,1.7005,Adam Aznou,1149206400.0,178,0,Left,Morocco,D,DL,7200000.0,1877472000.0,13116.0,Defender,Defender / Defensive Midfielder,18.0,ESP,2029-06-30,0.0,0.027,0.0,0.027,0.0,0.054,0.407,0.611,0.413,0.0,0.0,0.0,0.0,4.057,0,0.804,10,0.0,26656794.0,0.0
462,ESP-La Liga,2425,Real Valladolid,Adrián Arnu,4,2024,231,13271,S,5,35,0,0.4803,0,0.4803,0,0.0,3,0,0,0,0.4884,0.0081,Adrián Arnu,1172966400.0,185,0,Right,Spain,F,ST,475000.0,1782777600.0,335.0,Forward,Striker,17.0,ESP,2026-06-30,0.0,1.235,0.0,1.235,0.0,0.0,7.714,0.0,1.277,0.0,0.0,0.0,0.0,0.496,0,0.48,3,0.0,988965.0,0.0
463,ESP-La Liga,2425,Real Valladolid,Amath Diedhiou,4,2024,231,2532,D F M S,13,366,0,0.3137,0,0.3137,1,0.5992,5,6,1,0,1.7683,0.8554,Amath Diedhiou,627436800.0,170,72,Left,Senegal,M,"ST, LW, RW",24000.0,0.0,10.0,Defender,Defender / versatile (can play Midfield/Forward),35.0,ESP,0,0.0,0.077,0.0,0.077,0.246,0.147,1.23,1.475,0.645,0.0,0.0,1.669,0.0,2.624,1,0.913,11,0.0,76506.0,24000.0
464,ESP-La Liga,2425,Real Valladolid,André Ferreira,4,2024,231,11829,GK,6,540,0,0.0,0,0.0,0,0.0,0,0,0,0,0.5378,0.5378,André Ferreira,833328000.0,193,76,Right,Portugal,G,GK,555000.0,1845936000.0,218.0,Goalkeeper,Goalkeeper (starter),28.0,ESP,2028-06-30,0.0,0.0,0.0,0.0,0.0,0.0,0.0,0.0,0.179,0.0,0.0,0.0,0.0,1.076,0,0.0,0,0.0,0.0,0.0
465,ESP-La Liga,2425,Real Valladolid,Antonio Candela,4,2024,231,7412,D,12,935,0,0.0496,0,0.0496,0,0.3934,1,6,1,0,1.2191,1.0098,Antonio Candela,956793600.0,182,0,Right,Italy,D,"MR, DR",980000.0,1782777600.0,262.0,Defender,Defender (generic),24.0,ESP,2026-06-30,0.0,0.005,0.0,0.005,0.0,0.038,0.096,0.578,0.215,0.0,0.0,0.0,0.0,2.229,0,0.443,7,0.0,19758065.0,0.0
466,ESP-La Liga,2425,Real Valladolid,Anuar Mohamed,4,2024,231,6918,D F M S,26,1748,2,2.258,2,2.258,0,1.185,11,8,7,0,6.0167,2.9845,Mohamed Antar,725846400.0,171,0,Right,Egypt,M,LW,160000.0,1782777600.0,31.0,Defender,Defender / versatile (can play Midfield/Forward),31.0,ESP,2026-06-30,0.103,0.116,0.103,0.116,0.0,0.061,0.566,0.412,0.463,0.886,0.886,0.0,0.182,9.001,2,3.443,19,80000.0,70859.0,80000.0
467,ESP-La Liga,2425,Real Valladolid,Arnau Rafús,4,2024,231,12898,GK,1,90,0,0.0,0,0.0,0,0.0,0,0,0,0,0.0862,0.0862,Arnau Rafús,1051401600.0,190,0,Right,Spain,G,GK,195000.0,1782777600.0,49.0,Goalkeeper,Goalkeeper (starter),21.0,ESP,2026-06-30,0.0,0.0,0.0,0.0,0.0,0.0,0.0,0.0,0.172,0.0,0.0,0.0,0.0,0.172,0,0.0,0,0.0,0.0,0.0
468,ESP-La Liga,2425,Real Valladolid,Cenk Özkacar,4,2024,231,9015,D S,11,750,0,0.115,0,0.115,0,0.0269,2,1,1,0,1.835,1.835,Cenk Özkaçar,970790400.0,190,0,Left,Türkiye,D,"DC, DL",2100000.0,1782777600.0,729.0,Defender,Defender (secondary role / versatile),24.0,ESP,2026-06-30,0.0,0.014,0.0,0.014,0.0,0.003,0.24,0.12,0.44,0.0,0.0,0.0,0.0,3.67,0,0.142,3,0.0,18260870.0,0.0
469,ESP-La Liga,2425,Real Valladolid,Chuki,4,2024,231,12896,F M S,18,720,2,2.6114,2,2.6114,0,1.404,16,8,1,0,4.2108,0.8703,Chukid Wanpraphao,994032000.0,183,72,Right,Thailand,F,,52000.0,1782777600.0,5.0,Forward,Forward / Winger / Attacking Midfielder,23.0,ESP,2026-06-30,0.25,0.326,0.25,0.326,0.0,0.176,2.0,1.0,0.635,0.766,0.766,0.0,0.125,5.081,2,4.015,24,26000.0,19913.0,26000.0
470,ESP-La Liga,2425,Real Valladolid,Darwin Machís,4,2024,231,4226,F M S,18,621,0,1.1362,0,1.1362,1,1.0831,14,8,0,0,2.7281,0.7402,Darwin Machís,729043200.0,174,70,Right,Venezuela,F,"LW, ML",475000.0,1830211200.0,1564.0,Forward,Forward / Winger / Attacking Midfielder,31.0,ESP,2027-12-31,0.0,0.165,0.0,0.165,0.145,0.157,2.029,1.159,0.503,0.0,0.0,0.923,0.0,3.468,1,2.219,22,0.0,418060.0,475000.0
471,ESP-La Liga,2425,Real Valladolid,David Torres,4,2024,231,10888,D S,18,1384,0,0.2132,0,0.2132,0,0.0109,3,1,5,0,2.8038,2.7928,David Torres,1046822400.0,182,0,Left,Spain,D,DC,1600000.0,1782777600.0,148.0,Defender,Defender (secondary role / versatile),21.0,ESP,2026-06-30,0.0,0.014,0.0,0.014,0.0,0.001,0.195,0.065,0.364,0.0,0.0,0.0,0.0,5.597,0,0.224,4,0.0,7504690.0,0.0
472,ESP-La Liga,2425,Real Valladolid,Eray Cömert,4,2024,231,10382,D M S,25,1800,0,1.2057,0,1.2057,0,0.0,9,0,6,0,3.2295,3.0606,Eray Cömert,886550400.0,183,80,Right,Switzerland,D,DC,2200000.0,1782777600.0,541.0,Defender,Defender / Defensive Midfielder,26.0,ESP,2026-06-30,0.0,0.06,0.0,0.06,0.0,0.0,0.45,0.0,0.315,0.0,0.0,0.0,0.0,6.29,0,1.206,9,0.0,1824666.0,0.0
473,ESP-La Liga,2425,Real Valladolid,Florian Grillitsch,4,2024,231,116,M S,13,627,0,0.2258,0,0.2258,0,0.6467,4,8,1,0,2.6171,2.1165,Florian Grillitsch,807753600.0,187,77,Right,Austria,M,"MC, DM, DC",2100000.0,1814313600.0,756.0,Midfielder,Midfielder (secondary/attacking),29.0,ESP,2027-06-30,0.0,0.032,0.0,0.032,0.0,0.093,0.574,1.148,0.679,0.0,0.0,0.0,0.0,4.734,0,0.872,12,0.0,9300266.0,0.0
474,ESP-La Liga,2425,Real Valladolid,Henrique,4,2024,231,9778,D S,5,354,0,0.05,0,0.05,0,0.0317,1,2,0,0,0.8847,0.8529,Bruno Henrique,662515200.0,184,71,Right,Brazil,F,"ST, LW",825000.0,1798675200.0,33344.0,Defender,Defender (secondary role / versatile),34.0,ESP,2026-12-31,0.0,0.013,0.0,0.013,0.0,0.008,0.254,0.508,0.442,0.0,0.0,0.0,0.0,1.738,0,0.082,3,0.0,16500000.0,0.0
475,ESP-La Liga,2425,Real Valladolid,Iago Parente,4,2024,231,13609,D,1,73,0,0.0,0,0.0,0,0.0234,0,1,0,0,0.2184,0.195,Iago Parente,1140825600.0,180,0,Right,Spain,D,,160000.0,1782777600.0,24.0,Defender,Defender (generic),18.0,ESP,2026-06-30,0.0,0.0,0.0,0.0,0.0,0.029,0.0,1.233,0.51,0.0,0.0,0.0,0.0,0.413,0,0.023,1,0.0,0.0,0.0
476,ESP-La Liga,2425,Real Valladolid,Ibrahim Alani,4,2024,231,13629,M S,3,154,0,0.0154,0,0.0154,0,0.0,1,0,0,0,0.5193,0.5039,Ibrahim Alani,1154131200.0,175,0,Right,Nigeria,M,MC,485000.0,1814313600.0,116.0,Midfielder,Midfielder (secondary/attacking),18.0,ESP,2027-06-30,0.0,0.009,0.0,0.009,0.0,0.0,0.584,0.0,0.598,0.0,0.0,0.0,0.0,1.023,0,0.015,1,0.0,31493506.0,0.0
477,ESP-La Liga,2425,Real Valladolid,Iván Sánchez,4,2024,231,4169,F M S,32,1365,2,0.6651,2,0.6651,1,2.8943,15,23,4,0,5.5404,3.3372,Iván Sánchez,717206400.0,168,55,Left,Spain,M,"RW, MC",485000.0,1814313600.0,217.0,Forward,Forward / Winger / Attacking Midfielder,32.0,ESP,2027-06-30,0.132,0.044,0.132,0.044,0.066,0.191,0.989,1.516,0.585,3.007,3.007,0.346,0.133,8.878,3,3.559,38,242500.0,729214.0,161667.0
478,ESP-La Liga,2425,Real Valladolid,Javi Sánchez,4,2024,231,7245,D,25,2050,2,0.5223,2,0.5223,0,0.4836,11,6,6,0,4.4983,4.425,Javi Sánchez,858297600.0,189,71,Right,Spain,D,DC,750000.0,1782777600.0,413.0,Defender,Defender (generic),27.0,ESP,2026-06-30,0.088,0.023,0.088,0.023,0.0,0.021,0.483,0.263,0.392,3.829,3.829,0.0,0.182,8.923,2,1.006,17,375000.0,1435956.0,375000.0
479,ESP-La Liga,2425,Real Valladolid,Juan Latasa,4,2024,231,10399,F S,28,1376,3,4.5497,3,4.5497,0,0.577,40,12,6,1,6.7183,2.7974,Juanmi Latasa,985305600.0,191,0,Left,Spain,F,ST,1900000.0,1877472000.0,1927.0,Forward,Striker / Centre Forward,23.0,ESP,2029-06-30,0.196,0.298,0.196,0.298,0.0,0.038,2.616,0.785,0.622,0.659,0.659,0.0,0.075,9.516,3,5.127,52,633333.0,417610.0,633333.0
480,ESP-La Liga,2425,Real Valladolid,Juma Bah,4,2024,231,13100,D S,12,862,0,0.1811,0,0.1811,0,0.018,3,1,1,0,1.3853,1.3853,Abdulay Juma Bah,1144713600.0,195,0,Right,Sierra Leone,D,DC,7300000.0,1782777600.0,5916.0,Defender,Defender (secondary role / versatile),18.0,ESP,2026-06-30,0.0,0.019,0.0,0.019,0.0,0.002,0.313,0.104,0.289,0.0,0.0,0.0,0.0,2.771,0,0.199,4,0.0,40309221.0,0.0
481,ESP-La Liga,2425,Real Valladolid,Karl Hein,4,2024,231,9692,GK,31,2790,0,0.0,0,0.0,0,0.0,0,0,0,0,3.1596,3.1596,Karl Hein,1018656000.0,193,0,Right,Estonia,G,GK,2900000.0,1782777600.0,4077.0,Goalkeeper,Goalkeeper (starter),22.0,ESP,2026-06-30,0.0,0.0,0.0,0.0,0.0,0.0,0.0,0.0,0.204,0.0,0.0,0.0,0.0,6.319,0,0.0,0,0.0,0.0,0.0
482,ESP-La Liga,2425,Real Valladolid,Kenedy,4,2024,231,689,S,2,2,0,0.0818,0,0.0818,0,0.0,1,0,0,0,0.0,0.0,Kenedy,823737600.0,182,77,Left,Brazil,M,"RW, ML",680000.0,1782777600.0,1431.0,Forward,Striker,28.0,ESP,2026-06-30,0.0,3.681,0.0,3.681,0.0,0.0,45.0,0.0,0.0,0.0,0.0,0.0,0.0,0.0,0,0.082,1,0.0,8312958.0,0.0
483,ESP-La Liga,2425,Real Valladolid,Kike Pérez,4,2024,231,8470,M S,19,1225,2,2.2361,2,2.2361,0,1.3833,20,17,6,0,4.4289,2.3818,Kike Pérez,855878400.0,184,0,Left,Spain,M,MC,2000000.0,1814313600.0,317.0,Midfielder,Midfielder (secondary/attacking),27.0,ESP,2027-06-30,0.147,0.164,0.147,0.164,0.0,0.102,1.469,1.249,0.5,0.894,0.894,0.0,0.1,6.811,2,3.619,37,1000000.0,894414.0,1000000.0
484,ESP-La Liga,2425,Real Valladolid,Lucas Rosa,4,2024,231,11147,D,21,1890,0,0.8606,0,0.8606,1,2.0154,8,12,6,0,5.4031,3.0375,Lucas Rosa,954720000.0,177,0,Right,Brazil,D,"DR, DL",4300000.0,1877472000.0,708.0,Defender,Defender (generic),24.0,ESP,2029-06-30,0.0,0.041,0.0,0.041,0.048,0.096,0.381,0.571,0.402,0.0,0.0,0.496,0.0,8.441,1,2.876,20,0.0,4996514.0,4300000.0
485,ESP-La Liga,2425,Real Valladolid,Luis Pérez,4,2024,231,8762,D M S,30,2548,0,0.154,0,0.154,0,2.6108,5,28,2,0,6.5744,4.4812,Luis Pérez,791856000.0,173,68,Right,Spain,D,DR,1300000.0,1814313600.0,255.0,Defender,Defender / Defensive Midfielder,29.0,ESP,2027-06-30,0.0,0.005,0.0,0.005,0.0,0.092,0.177,0.989,0.391,0.0,0.0,0.0,0.0,11.056,0,2.765,33,0.0,8441558.0,0.0
486,ESP-La Liga,2425,Real Valladolid,Mamadou Sylla,4,2024,231,2433,F M S,29,1569,5,4.973,1,1.9999,1,0.9638,22,13,5,0,3.7202,1.2356,Mamadou Sylla,764121600.0,184,80,Right,Senegal,F,ST,1100000.0,0.0,1336.0,Forward,Forward / Winger / Attacking Midfielder,30.0,ESP,0,0.287,0.285,0.057,0.115,0.057,0.055,1.262,0.746,0.284,1.005,0.5,1.038,0.227,4.956,6,5.937,35,220000.0,221194.0,183333.0
487,ESP-La Liga,2425,Real Valladolid,Marcos de Sousa,4,2024,231,8933,F S,22,1213,1,3.1948,1,3.1948,2,1.4117,22,9,5,0,4.9785,1.9576,Francisco Marcos de Sousa Almeida,1240444800.0,0,0,0,Brazil,0,,0.0,0.0,0.0,Forward,Striker / Centre Forward,15.0,ESP,0,0.074,0.237,0.074,0.237,0.148,0.105,1.632,0.668,0.515,0.313,0.313,1.417,0.045,6.936,3,4.606,31,0.0,0.0,0.0
488,ESP-La Liga,2425,Real Valladolid,Mario Maroto,4,2024,231,11568,S,2,56,0,0.0181,0,0.0181,1,0.0253,1,1,0,0,0.1041,0.0607,Mario Maroto,1041379200.0,176,0,Left,Spain,M,MC,195000.0,1782777600.0,37.0,Forward,Striker,21.0,ESP,2026-06-30,0.0,0.029,0.0,0.029,1.607,0.041,1.607,1.607,0.265,0.0,0.0,39.526,0.0,0.165,1,0.043,2,0.0,10773481.0,195000.0
489,ESP-La Liga,2425,Real Valladolid,Mario Martín,4,2024,231,11349,M S,30,1740,0,1.6727,0,1.6727,1,1.3808,27,12,6,3,6.0223,3.7026,Mario Martín,1078444800.0,177,72,Right,Spain,M,"MC, DM",5300000.0,1782777600.0,16315.0,Midfielder,Midfielder (secondary/attacking),20.0,ESP,2026-06-30,0.0,0.087,0.0,0.087,0.052,0.071,1.397,0.621,0.503,0.0,0.0,0.724,0.0,9.725,1,3.054,39,0.0,3168530.0,5300000.0
490,ESP-La Liga,2425,Real Valladolid,Raul Moro,4,2024,231,8584,F M S,33,2352,4,4.5173,4,4.5173,5,5.5847,45,44,2,0,10.9577,3.5829,Raúl Moro,1039046400.0,169,0,Right,Spain,M,LW,6700000.0,1940544000.0,1573.0,Forward,Forward / Winger / Attacking Midfielder,22.0,ESP,2031-06-30,0.153,0.173,0.153,0.173,0.191,0.214,1.722,1.684,0.556,0.885,0.885,0.895,0.089,14.541,9,10.102,89,1675000.0,1483187.0,744444.0
491,ESP-La Liga,2425,Real Valladolid,Raúl Chasco,4,2024,231,12900,D S,2,127,0,0.0,0,0.0,0,0.0396,0,1,0,0,0.0396,0.0,Raúl Chasco,1063411200.0,177,0,Left,Spain,D,DL,160000.0,1782777600.0,36.0,Defender,Defender (secondary role / versatile),21.0,ESP,2026-06-30,0.0,0.0,0.0,0.0,0.0,0.028,0.0,0.709,0.028,0.0,0.0,0.0,0.0,0.04,0,0.04,1,0.0,0.0,0.0
492,ESP-La Liga,2425,Real Valladolid,Selim Amallah,4,2024,231,11379,F M S,24,1405,3,2.6197,2,1.8764,1,1.3254,23,13,6,0,3.9701,1.9086,Selim Amallah,848016000.0,187,0,Right,Morocco,M,"AM, MC",1500000.0,0.0,6273.0,Forward,Forward / Winger / Attacking Midfielder,28.0,ESP,0,0.192,0.168,0.128,0.12,0.064,0.085,1.473,0.833,0.377,1.145,1.066,0.754,0.13,5.879,4,3.945,36,500000.0,572585.0,375000.0
493,ESP-La Liga,2425,Real Valladolid,Stanko Juric,4,2024,231,12894,M S,26,1757,0,0.3885,0,0.3885,0,0.5273,8,4,5,1,5.1429,4.9187,Stanko Jurić,840153600.0,189,0,Right,Croatia,M,"MC, DM",1100000.0,1814313600.0,478.0,Midfielder,Midfielder (secondary/attacking),28.0,ESP,2027-06-30,0.0,0.02,0.0,0.02,0.0,0.027,0.41,0.205,0.515,0.0,0.0,0.0,0.0,10.062,0,0.916,12,0.0,2831403.0,0.0
494,ESP-La Liga,2425,Real Valladolid,Tamás Nikitscher,4,2024,231,13404,D M S,13,853,0,0.0194,0,0.0194,0,0.0305,1,2,2,0,3.2833,3.2515,Tamás Nikitscher,941587200.0,193,0,Left,Hungary,M,"DM, MC",480000.0,1877472000.0,955.0,Defender,Defender / Defensive Midfielder,25.0,ESP,2029-06-30,0.0,0.002,0.0,0.002,0.0,0.003,0.106,0.211,0.689,0.0,0.0,0.0,0.0,6.535,0,0.05,3,0.0,24742268.0,0.0
495,ESP-La Liga,2425,Real Valladolid,Víctor Meseguer,4,2024,231,12895,M S,14,376,0,0.4324,0,0.4324,0,0.0252,6,1,1,0,1.2919,0.9242,Víctor Meseguer,928886400.0,184,0,Right,Spain,M,"MC, DM",1400000.0,1877472000.0,90.0,Midfielder,Midfielder (secondary/attacking),25.0,ESP,2029-06-30,0.0,0.104,0.0,0.104,0.0,0.006,1.436,0.239,0.53,0.0,0.0,0.0,0.0,2.216,0,0.458,7,0.0,3237743.0,0.0
496,ESP-La Liga,2425,Real Valladolid,Xavi Moreno,4,2024,231,13639,F,1,49,0,0.0,0,0.0,0,0.0,0,0,0,0,0.1409,0.1409,Xavi Moreno,1099612800.0,175,0,Left,Spain,F,,310000.0,1782777600.0,46.0,Forward,Forward (generic),20.0,ESP,2026-06-30,0.0,0.0,0.0,0.0,0.0,0.0,0.0,0.0,0.518,0.0,0.0,0.0,0.0,0.282,0,0.0,0,0.0,0.0,0.0
497,ESP-La Liga,2425,Sevilla,Adrià Pedrosa,4,2024,138,7174,D M S,31,2323,1,0.8653,1,0.8653,1,1.718,24,20,7,0,6.3685,4.7188,Adrià Pedrosa,895017600.0,176,69,Left,Spain,D,DL,3900000.0,1782777600.0,819.0,Defender,Defender / Defensive Midfielder,26.0,ESP,2026-06-30,0.039,0.034,0.039,0.034,0.039,0.067,0.93,0.775,0.43,1.156,1.156,0.582,0.042,11.087,2,2.583,44,3900000.0,4507107.0,1950000.0
498,ESP-La Liga,2425,Sevilla,Akor Adams,4,2024,138,11783,F S,4,122,0,0.4312,0,0.4312,0,0.0,2,0,0,0,0.5014,0.0702,Akor Adams,949104000.0,190,0,Right,Nigeria,F,ST,6800000.0,1877472000.0,24981.0,Forward,Striker / Centre Forward,24.0,ESP,2029-06-30,0.0,0.318,0.0,0.318,0.0,0.0,1.475,0.0,0.422,0.0,0.0,0.0,0.0,0.572,0,0.431,2,0.0,15769944.0,0.0
499,ESP-La Liga,2425,Sevilla,Albert Sambi Lokonga,4,2024,138,9689,M S,22,1482,0,0.7698,0,0.7698,2,1.4028,13,19,4,0,4.7815,3.4176,Albert Sambi Lokonga,940550400.0,183,0,Right,Belgium,M,"MC, DM",8199999.0,1845936000.0,3592.0,Midfielder,Midfielder (secondary/attacking),25.0,ESP,2028-06-30,0.0,0.047,0.0,0.047,0.121,0.085,0.789,1.154,0.498,0.0,0.0,1.426,0.0,8.199,2,2.173,32,0.0,10652116.0,4100000.0
500,ESP-La Liga,2425,Sevilla,Chidera Ejuke,4,2024,138,8694,F M S,25,917,2,0.954,2,0.954,1,1.5953,20,21,0,0,3.6468,1.8464,Chidera Ejuke,883699200.0,176,72,Right,Nigeria,F,"LW, RW",3700000.0,1814313600.0,3094.0,Forward,Forward / Winger / Attacking Midfielder,26.0,ESP,2027-06-30,0.196,0.094,0.196,0.094,0.098,0.157,1.963,2.061,0.539,2.096,2.096,0.627,0.1,5.493,3,2.549,41,1850000.0,3878407.0,1233333.0
501,ESP-La Liga,2425,Sevilla,Darío Benavides,4,2024,138,12244,S,1,3,0,0.0,0,0.0,0,0.0,0,0,1,0,0.0,0.0,Darío Benavides,1042329600.0,178,0,Right,Spain,D,DR,390000.0,1845936000.0,49.0,Forward,Striker,21.0,ESP,2028-06-30,0.0,0.0,0.0,0.0,0.0,0.0,0.0,0.0,0.0,0.0,0.0,0.0,0.0,0.0,0,0.0,0,0.0,0.0,0.0
502,ESP-La Liga,2425,Sevilla,Diego Hormigo,4,2024,138,11265,M,1,37,0,0.1153,0,0.1153,0,0.0,1,0,0,0,0.1153,0.1153,Diego Hormigo,1050451200.0,182,0,Left,Spain,D,DL,290000.0,1845936000.0,47.0,Midfielder,Midfielder (central),21.0,ESP,2028-06-30,0.0,0.28,0.0,0.28,0.0,0.0,2.432,0.0,0.561,0.0,0.0,0.0,0.0,0.231,0,0.115,1,0.0,2515178.0,0.0
503,ESP-La Liga,2425,Sevilla,Djibril Sow,4,2024,138,2624,M S,30,2095,2,2.6785,2,2.6785,1,2.0171,22,21,5,0,8.3814,4.8999,Djibril Sow,855187200.0,184,77,Right,Switzerland,M,"MC, DM",7100000.0,1877472000.0,1961.0,Midfielder,Midfielder (secondary/attacking),27.0,ESP,2029-06-30,0.086,0.115,0.086,0.115,0.043,0.087,0.945,0.902,0.571,0.747,0.747,0.496,0.091,13.281,3,4.696,43,3550000.0,2650737.0,2366667.0
504,ESP-La Liga,2425,Sevilla,Dodi Lukebakio,4,2024,138,5706,F M S,38,3117,11,9.2427,10,8.4994,2,5.3907,94,54,3,1,14.7724,3.354,Dodi Lukebakio,875059200.0,187,77,Left,Belgium,M,RW,18800000.0,1909008000.0,4908.0,Forward,Forward / Winger / Attacking Midfielder,27.0,ESP,2030-06-30,0.318,0.267,0.289,0.245,0.058,0.156,2.714,1.559,0.523,1.19,1.177,0.371,0.117,18.126,13,14.633,148,1709091.0,2034038.0,1446154.0
505,ESP-La Liga,2425,Sevilla,García Pascual,4,2024,138,13294,F S,7,372,1,0.9836,1,0.9836,0,0.0287,11,2,0,0,2.0152,1.1216,Alvaro Garcia-Pascual,1027209600.0,190,0,Right,Spain,F,ST,1100000.0,1845936000.0,154.0,Forward,Striker / Centre Forward,22.0,ESP,2028-06-30,0.242,0.238,0.242,0.238,0.0,0.007,2.661,0.484,0.759,1.017,1.017,0.0,0.091,3.137,1,1.012,13,1100000.0,1118341.0,1100000.0
506,ESP-La Liga,2425,Sevilla,Gonzalo Montiel,4,2024,138,9897,D S,6,103,0,0.0696,0,0.0696,0,0.0,1,0,1,0,0.1218,0.0521,Gonzalo Montiel,852076800.0,175,69,Right,Argentina,D,DR,4800000.0,1861833600.0,8740.0,Defender,Defender (secondary role / versatile),27.0,ESP,2028-12-31,0.0,0.061,0.0,0.061,0.0,0.0,0.874,0.0,0.152,0.0,0.0,0.0,0.0,0.174,0,0.07,1,0.0,68965517.0,0.0
507,ESP-La Liga,2425,Sevilla,Isaac Romero,4,2024,138,12305,F M S,31,2200,4,8.1776,4,7.4343,2,2.5908,54,20,10,1,10.5499,1.7261,Isaac Romero,958608000.0,184,0,Left,Spain,F,ST,6200000.0,1845936000.0,1443.0,Forward,Forward / Winger / Attacking Midfielder,24.0,ESP,2028-06-30,0.164,0.335,0.164,0.304,0.082,0.106,2.209,0.818,0.502,0.489,0.538,0.772,0.074,12.276,6,10.768,74,1550000.0,758169.0,1033333.0
508,ESP-La Liga,2425,Sevilla,Israel Domínguez,4,2024,138,13197,S,1,15,0,0.0,0,0.0,0,0.0,0,0,0,0,0.0,0.0,0,0.0,0,0,0,0,0,0,0.0,0.0,0.0,Forward,Striker,0.0,ESP,0,0.0,0.0,0.0,0.0,0.0,0.0,0.0,0.0,0.0,0.0,0.0,0.0,0.0,0.0,0,0.0,0,0.0,0.0,0.0
509,ESP-La Liga,2425,Sevilla,Jesús Navas,4,2024,138,616,D F M S,15,410,1,0.6232,1,0.6232,0,0.4812,3,10,0,0,1.9667,1.0562,Jesús Navas,501379200.0,170,60,Right,Spain,D,DR,0.0,0.0,1532.0,Defender,Defender / versatile (can play Midfield/Forward),39.0,ESP,0,0.22,0.137,0.22,0.137,0.0,0.106,0.659,2.195,0.664,1.605,1.605,0.0,0.333,3.023,1,1.104,13,0.0,0.0,0.0
510,ESP-La Liga,2425,Sevilla,José Ángel Carmona,4,2024,138,9809,D,35,2993,0,0.5966,0,0.5966,0,1.953,19,19,11,0,9.5714,8.1796,José Ángel Carmona,1012262400.0,183,0,Right,Spain,D,DR,11100000.0,1845936000.0,1008.0,Defender,Defender (generic),22.0,ESP,2028-06-30,0.0,0.018,0.0,0.018,0.0,0.059,0.571,0.571,0.534,0.0,0.0,0.0,0.0,17.751,0,2.55,38,0.0,18605431.0,0.0
511,ESP-La Liga,2425,Sevilla,Juanlu Sanchez,4,2024,138,8409,D F M S,32,1740,4,2.9182,4,2.9182,4,2.7131,13,25,4,1,9.4986,5.5088,Juanlu Sánchez,1060905600.0,186,0,Right,Spain,M,"DR, MR",14600000.0,1877472000.0,1117.0,Defender,Defender / versatile (can play Midfield/Forward),21.0,ESP,2029-06-30,0.207,0.151,0.207,0.151,0.207,0.14,0.672,1.293,0.776,1.371,1.371,1.474,0.308,15.007,8,5.631,38,3650000.0,5003084.0,1825000.0
512,ESP-La Liga,2425,Sevilla,Kelechi Iheanacho,4,2024,138,620,F S,9,401,0,1.0178,0,1.0178,0,0.2138,9,5,0,0,1.3642,0.1326,Kelechi Iheanacho,844300800.0,184,77,Left,Nigeria,F,ST,3900000.0,1782777600.0,4804.0,Forward,Striker / Centre Forward,28.0,ESP,2026-06-30,0.0,0.228,0.0,0.228,0.0,0.048,2.02,1.122,0.336,0.0,0.0,0.0,0.0,1.497,0,1.232,14,0.0,3831794.0,0.0
513,ESP-La Liga,2425,Sevilla,Kike Salas,4,2024,138,10334,D S,31,2238,3,2.1748,3,2.1748,2,0.7522,23,6,6,0,7.3058,6.5313,Kike Salas,1019433600.0,186,0,Left,Spain,D,"DC, DL",6600000.0,1877472000.0,959.0,Defender,Defender (secondary role / versatile),22.0,ESP,2029-06-30,0.121,0.087,0.121,0.087,0.08,0.03,0.925,0.241,0.556,1.379,1.379,2.659,0.13,13.837,5,2.927,29,2200000.0,3034762.0,1320000.0
514,ESP-La Liga,2425,Sevilla,Leandro Antonetti,4,2024,138,13381,S,2,17,0,0.2799,0,0.2799,0,0.0258,1,1,0,0,0.3057,0.0,Leandro Antonetti,1042416000.0,189,81,Left,Puerto Rico,F,ST,205000.0,1845936000.0,336.0,Forward,Striker,21.0,ESP,2028-06-30,0.0,1.482,0.0,1.482,0.0,0.137,5.294,5.294,1.618,0.0,0.0,0.0,0.0,0.306,0,0.306,2,0.0,732404.0,0.0
515,ESP-La Liga,2425,Sevilla,Loic Bade,4,2024,138,8665,D S,32,2682,1,0.8227,1,0.8227,1,0.3638,13,4,7,1,6.6549,6.3181,Loïc Badé,955411200.0,191,0,Right,France,D,DC,27000000.0,1909008000.0,3179.0,Defender,Defender (secondary role / versatile),24.0,ESP,2030-06-30,0.034,0.028,0.034,0.028,0.034,0.012,0.436,0.134,0.435,1.216,1.216,2.749,0.077,12.973,2,1.186,17,27000000.0,32818767.0,13500000.0
516,ESP-La Liga,2425,Sevilla,Lucas Ocampos,4,2024,138,1109,F M,2,180,0,0.1582,0,0.1582,1,0.3162,4,3,0,0,1.6243,1.1722,Lucas Ocampos,773884800.0,187,84,Both,Argentina,M,"LW, RW",4400000.0,1814313600.0,3389.0,Forward,Forward / Midfielder (versatile),30.0,ESP,2027-06-30,0.0,0.079,0.0,0.079,0.5,0.158,2.0,1.5,1.398,0.0,0.0,3.163,0.0,2.796,1,0.474,7,0.0,27812895.0,4400000.0
517,ESP-La Liga,2425,Sevilla,Lucien Agoume,4,2024,138,8165,M S,35,2113,1,0.6494,1,0.6494,3,2.3821,10,26,5,1,8.1988,6.9735,Lucien Agoumé,1013212800.0,185,0,Right,France,M,"MC, DM",12400000.0,1845936000.0,2079.0,Midfielder,Midfielder (secondary/attacking),22.0,ESP,2028-06-30,0.043,0.028,0.043,0.028,0.128,0.101,0.426,1.107,0.646,1.54,1.54,1.259,0.1,15.172,4,3.032,36,12400000.0,19094549.0,3100000.0
518,ESP-La Liga,2425,Sevilla,Manu Bueno,4,2024,138,11266,M S,9,111,1,0.1198,1,0.1198,0,0.0,4,0,0,0,0.1434,0.0639,Manu Bueno,1090886400.0,178,0,Left,Spain,M,"MC, DM",1500000.0,1814313600.0,223.0,Midfielder,Midfielder (secondary/attacking),20.0,ESP,2027-06-30,0.811,0.097,0.811,0.097,0.0,0.0,3.243,0.0,0.168,8.347,8.347,0.0,0.25,0.207,1,0.12,4,1500000.0,12520868.0,1500000.0
519,ESP-La Liga,2425,Sevilla,Marcão,4,2024,138,10999,D S,12,547,0,0.0,0,0.0,0,0.0,0,0,4,1,0.5309,0.5309,Marcão,833932800.0,185,75,Left,Brazil,D,DC,2600000.0,1845936000.0,1046.0,Defender,Defender (secondary role / versatile),28.0,ESP,2028-06-30,0.0,0.0,0.0,0.0,0.0,0.0,0.0,0.0,0.175,0.0,0.0,0.0,0.0,1.062,0,0.0,0,0.0,0.0,0.0
520,ESP-La Liga,2425,Sevilla,Mateo Mejia,4,2024,138,13124,S,1,9,0,0.0,0,0.0,0,0.0,0,0,0,0,0.0,0.0,Mateo Mejía,1049068800.0,188,0,Right,Colombia,M,RW,410000.0,1845936000.0,329.0,Forward,Striker,21.0,ESP,2028-06-30,0.0,0.0,0.0,0.0,0.0,0.0,0.0,0.0,0.0,0.0,0.0,0.0,0.0,0.0,0,0.0,0,0.0,0.0,0.0
521,ESP-La Liga,2425,Sevilla,Nemanja Gudelj,4,2024,138,7888,D M S,31,2495,1,1.5126,0,0.7693,1,0.646,23,14,6,0,7.3937,7.0033,Nemanja Gudelj,690249600.0,187,73,Right,Serbia,M,"DC, DM, MC",2400000.0,1782777600.0,1670.0,Defender,Defender / Defensive Midfielder,33.0,ESP,2026-06-30,0.036,0.055,0.0,0.028,0.036,0.023,0.83,0.505,0.519,0.661,0.0,1.548,0.043,14.397,2,2.159,37,2400000.0,1586672.0,1200000.0
522,ESP-La Liga,2425,Sevilla,Nianzou Kouassi,4,2024,138,7981,D,6,524,0,0.1741,0,0.1741,0,0.0,2,0,1,1,1.5784,1.5784,0,0.0,0,0,0,0,0,0,0.0,0.0,0.0,Defender,Defender (generic),0.0,ESP,0,0.0,0.03,0.0,0.03,0.0,0.0,0.344,0.0,0.542,0.0,0.0,0.0,0.0,3.157,0,0.174,2,0.0,0.0,0.0
523,ESP-La Liga,2425,Sevilla,Peque,4,2024,138,12742,F M S,26,1144,1,1.9474,1,1.9474,1,1.3418,19,12,1,0,5.4834,2.2786,Peque Fernández,1033689600.0,168,0,Right,Spain,M,AM,3800000.0,1845936000.0,872.0,Forward,Forward / Winger / Attacking Midfielder,22.0,ESP,2028-06-30,0.079,0.153,0.079,0.153,0.079,0.106,1.495,0.944,0.611,0.514,0.514,0.745,0.053,7.762,2,3.289,31,3800000.0,1951320.0,1900000.0
524,ESP-La Liga,2425,Sevilla,Ramón Martínez,4,2024,138,13198,D S,5,252,1,0.5182,1,0.5182,0,0.0675,4,1,0,0,0.4109,0.3128,Ramón Martínez,1035244800.0,185,0,Right,Spain,D,DC,1000000.0,1877472000.0,234.0,Defender,Defender (secondary role / versatile),22.0,ESP,2029-06-30,0.357,0.185,0.357,0.185,0.0,0.024,1.429,0.357,0.258,1.93,1.93,0.0,0.25,0.724,1,0.586,5,1000000.0,1929757.0,1000000.0
525,ESP-La Liga,2425,Sevilla,Ruben Vargas,4,2024,138,7810,F M S,11,693,2,2.7852,2,2.7852,1,1.0344,17,13,0,0,2.9268,0.3538,Ruben Vargas,902275200.0,179,64,Right,Switzerland,M,"AM, LW",11100000.0,1877472000.0,2657.0,Forward,Forward / Winger / Attacking Midfielder,26.0,ESP,2029-06-30,0.26,0.362,0.26,0.362,0.13,0.134,2.208,1.688,0.426,0.718,0.718,0.967,0.118,3.281,3,3.82,30,5550000.0,3985351.0,3700000.0
526,ESP-La Liga,2425,Sevilla,Saúl Ñíguez,4,2024,138,2266,M S,24,1556,1,3.6542,1,3.6542,6,2.1105,42,22,8,1,5.3365,1.7422,Saúl Ñíguez,785376000.0,184,76,Left,Spain,M,"MC, DM",2400000.0,1861833600.0,13624.0,Midfielder,Midfielder (secondary/attacking),30.0,ESP,2028-12-31,0.058,0.211,0.058,0.211,0.347,0.122,2.429,1.272,0.409,0.274,0.274,2.843,0.024,7.079,7,5.765,64,2400000.0,656779.0,342857.0
527,ESP-La Liga,2425,Sevilla,Stanis Idumbo Muzambo,4,2024,138,12426,M S,14,255,1,0.3828,1,0.3828,1,0.6035,4,6,0,0,1.4288,0.4994,Stanis Idumbo Muzambo,1120003200.0,170,0,Right,Belgium,M,MC,4700000.0,1909008000.0,868.0,Midfielder,Midfielder (secondary/attacking),19.0,ESP,2030-06-30,0.353,0.135,0.353,0.135,0.353,0.213,1.412,2.118,0.681,2.612,2.612,1.657,0.25,1.928,2,0.986,10,4700000.0,12277952.0,2350000.0
528,ESP-La Liga,2425,Sevilla,Suso,4,2024,138,1129,F M S,16,572,0,0.633,0,0.633,2,2.1811,16,22,3,0,5.0933,3.6269,Suso,753667200.0,176,70,Left,Spain,M,"RW, AM",1200000.0,1877472000.0,1350.0,Forward,Forward / Winger / Attacking Midfielder,31.0,ESP,2029-06-30,0.0,0.1,0.0,0.1,0.315,0.343,2.517,3.462,1.372,0.0,0.0,0.917,0.0,8.72,2,2.814,38,0.0,1895735.0,600000.0
529,ESP-La Liga,2425,Sevilla,Valentín Barco,4,2024,138,12498,D S,7,279,0,0.2852,0,0.2852,0,0.4266,7,6,0,0,0.8868,0.6661,Valentín Barco,1090540800.0,172,0,Left,Argentina,M,"MC, DM, DL",27000000.0,1877472000.0,12004.0,Defender,Defender (secondary role / versatile),20.0,ESP,2029-06-30,0.0,0.092,0.0,0.092,0.0,0.138,2.258,1.935,0.501,0.0,0.0,0.0,0.0,1.553,0,0.712,13,0.0,94670407.0,0.0
530,ESP-La Liga,2425,Sevilla,Álvaro Fernández,4,2024,138,5191,GK S,9,744,0,0.0,0,0.0,0,0.0516,0,1,2,0,0.3452,0.3452,Álvaro Fernández,892425600.0,186,75,Left,Spain,G,GK,1900000.0,1814313600.0,271.0,Goalkeeper,Goalkeeper (substitute/secondary),26.0,ESP,2027-06-30,0.0,0.0,0.0,0.0,0.0,0.006,0.0,0.121,0.084,0.0,0.0,0.0,0.0,0.69,0,0.052,1,0.0,0.0,0.0
531,ESP-La Liga,2425,Sevilla,Álvaro Pascual,4,2024,138,13276,S,1,43,0,0.0,0,0.0,0,0.0,0,0,1,0,0.0346,0.0346,Alvaro Garcia-Pascual,1027209600.0,190,0,Right,Spain,F,ST,1100000.0,1845936000.0,154.0,Forward,Striker,22.0,ESP,2028-06-30,0.0,0.0,0.0,0.0,0.0,0.0,0.0,0.0,0.145,0.0,0.0,0.0,0.0,0.069,0,0.0,0,0.0,0.0,0.0
532,ESP-La Liga,2425,Sevilla,Ørjan Nyland,4,2024,138,250,GK,30,2676,0,0.0,0,0.0,0,0.3637,0,4,2,0,5.4972,5.1335,Ørjan Nyland,652924800.0,192,78,Right,Norway,G,GK,930000.0,1782777600.0,1000.0,Goalkeeper,Goalkeeper (starter),34.0,ESP,2026-06-30,0.0,0.0,0.0,0.0,0.0,0.012,0.0,0.135,0.358,0.0,0.0,0.0,0.0,10.631,0,0.364,4,0.0,0.0,0.0
533,ESP-La Liga,2425,Valencia,Alberto Mari,4,2024,146,11412,S,1,2,0,0.0,0,0.0,0,0.0,0,0,0,0,0.0,0.0,Alberto Mari,994809600.0,183,0,Right,Spain,F,ST,880000.0,1782777600.0,108.0,Forward,Striker,23.0,ESP,2026-06-30,0.0,0.0,0.0,0.0,0.0,0.0,0.0,0.0,0.0,0.0,0.0,0.0,0.0,0.0,0,0.0,0,0.0,0.0,0.0
534,ESP-La Liga,2425,Valencia,André Almeida,4,2024,146,11057,F M S,34,2019,0,1.4374,0,1.4374,4,3.6808,18,43,2,0,7.7214,4.6801,André Almeida,959644800.0,176,62,Right,Portugal,M,"MC, AM",9300000.0,1877472000.0,1157.0,Forward,Forward / Winger / Attacking Midfielder,24.0,ESP,2029-06-30,0.0,0.064,0.0,0.064,0.178,0.164,0.802,1.917,0.553,0.0,0.0,1.087,0.0,12.402,4,5.118,61,0.0,6470015.0,2325000.0
535,ESP-La Liga,2425,Valencia,Cristhian Mosquera,4,2024,146,10024,D,37,3322,1,0.3514,1,0.3514,0,0.0,5,0,6,0,8.5611,8.4367,Cristhian Mosquera,1088294400.0,191,0,Right,Spain,D,DC,33000000.0,1909008000.0,16236.0,Defender,Defender (generic),20.0,ESP,2030-06-30,0.027,0.01,0.027,0.01,0.0,0.0,0.135,0.0,0.461,2.846,2.846,0.0,0.2,16.998,1,0.351,5,33000000.0,93910074.0,33000000.0
536,ESP-La Liga,2425,Valencia,César Tárrega,4,2024,146,10107,D,34,3029,2,2.2795,2,2.2795,0,0.1093,20,3,7,0,6.5553,6.5255,César Tárrega,1014681600.0,193,0,Right,Spain,D,DC,15500000.0,1909008000.0,817.0,Defender,Defender (generic),22.0,ESP,2030-06-30,0.059,0.068,0.059,0.068,0.0,0.003,0.594,0.089,0.389,0.877,0.877,0.0,0.1,13.081,2,2.389,23,7750000.0,6799737.0,7750000.0
537,ESP-La Liga,2425,Valencia,Dani Gómez,4,2024,146,8774,F S,14,504,2,2.6963,2,2.6963,0,0.0324,13,1,0,0,2.7525,0.0238,Dani Gómez,901756800.0,177,70,Right,Spain,F,ST,970000.0,1845936000.0,227.0,Forward,Striker / Centre Forward,26.0,ESP,2028-06-30,0.357,0.481,0.357,0.481,0.0,0.006,2.321,0.179,0.496,0.742,0.742,0.0,0.154,2.776,2,2.729,14,485000.0,359752.0,485000.0
538,ESP-La Liga,2425,Valencia,David Otorbi,4,2024,146,12297,S,1,7,0,0.0,0,0.0,0,0.0,0,0,0,0,0.0,0.0,David Otorbi,1192492800.0,180,0,Right,Spain,F,RW,465000.0,1782777600.0,234.0,Forward,Striker,17.0,ESP,2026-06-30,0.0,0.0,0.0,0.0,0.0,0.0,0.0,0.0,0.0,0.0,0.0,0.0,0.0,0.0,0,0.0,0,0.0,0.0,0.0
539,ESP-La Liga,2425,Valencia,Diego López,4,2024,146,9694,D F M S,38,2839,8,6.9275,8,6.9275,5,5.98,44,37,3,0,16.8159,6.1817,Diego López,1021248000.0,172,0,Right,Spain,M,"LW, ML",16000000.0,1877472000.0,1328.0,Defender,Defender / versatile (can play Midfield/Forward),22.0,ESP,2029-06-30,0.254,0.22,0.254,0.22,0.159,0.19,1.395,1.173,0.729,1.155,1.155,0.836,0.182,22.998,13,12.908,81,2000000.0,2309636.0,1230769.0
540,ESP-La Liga,2425,Valencia,Dimitri Foulquier,4,2024,146,2509,D S,32,2293,0,0.6143,0,0.6143,1,1.5556,12,10,6,0,7.5556,6.1427,Dimitri Foulquier,732844800.0,183,79,Right,Guadeloupe,D,DR,1300000.0,1814313600.0,460.0,Defender,Defender (secondary role / versatile),31.0,ESP,2027-06-30,0.0,0.024,0.0,0.024,0.039,0.061,0.471,0.392,0.538,0.0,0.0,0.643,0.0,13.698,1,2.17,22,0.0,2116230.0,1300000.0
541,ESP-La Liga,2425,Valencia,Enzo Barrenechea,4,2024,146,11140,M S,30,2245,1,1.2637,1,1.2637,2,0.8316,16,15,6,0,8.3209,7.6306,Enzo Barrenechea,990489600.0,186,0,Right,Argentina,M,"MC, DM",13800000.0,1782777600.0,6825.0,Midfielder,Midfielder (secondary/attacking),23.0,ESP,2026-06-30,0.04,0.051,0.04,0.051,0.08,0.033,0.641,0.601,0.639,0.791,0.791,2.405,0.062,15.952,3,2.095,31,13800000.0,10920313.0,4600000.0
542,ESP-La Liga,2425,Valencia,Fran Pérez,4,2024,146,10944,M S,26,497,0,0.2854,0,0.2854,0,1.9469,6,7,1,0,2.0981,0.7753,Fran Pérez,1031529600.0,176,0,Right,Spain,M,"RW, MR",2800000.0,1877472000.0,495.0,Midfielder,Midfielder (secondary/attacking),22.0,ESP,2029-06-30,0.0,0.052,0.0,0.052,0.0,0.353,1.087,1.268,0.52,0.0,0.0,0.0,0.0,2.873,0,2.232,13,0.0,9810792.0,0.0
543,ESP-La Liga,2425,Valencia,German Valera,4,2024,146,8230,M S,8,127,0,0.1657,0,0.1657,0,0.0442,3,1,0,0,0.5749,0.4092,Germán Valera,1016236800.0,170,0,Left,Spain,M,"RW, ML",5200000.0,1814313600.0,866.0,Midfielder,Midfielder (secondary/attacking),22.0,ESP,2027-06-30,0.0,0.117,0.0,0.117,0.0,0.031,2.126,0.709,0.697,0.0,0.0,0.0,0.0,0.984,0,0.21,4,0.0,31382016.0,0.0
544,ESP-La Liga,2425,Valencia,Giorgi Mamardashvili,4,2024,146,9693,GK,34,3060,0,0.0,0,0.0,0,0.0686,0,2,2,0,2.8145,2.7459,Giorgi Mamardashvili,970185600.0,200,0,Left,Georgia,G,GK,29000000.0,1940544000.0,17562.0,Goalkeeper,Goalkeeper (starter),24.0,ESP,2031-06-30,0.0,0.0,0.0,0.0,0.0,0.002,0.0,0.059,0.164,0.0,0.0,0.0,0.0,5.56,0,0.069,2,0.0,0.0,0.0
545,ESP-La Liga,2425,Valencia,Hugo Duro,4,2024,146,6637,F S,31,2180,11,10.9688,10,10.2255,2,1.4508,48,13,5,0,10.6451,0.9808,Hugo Duro,942192000.0,180,0,Left,Spain,F,ST,11600000.0,1845936000.0,2832.0,Forward,Striker / Centre Forward,25.0,ESP,2028-06-30,0.454,0.453,0.413,0.422,0.083,0.06,1.982,0.537,0.48,1.003,0.978,1.379,0.229,11.626,13,12.42,61,1054545.0,1057545.0,892308.0
546,ESP-La Liga,2425,Valencia,Hugo Guillamón,4,2024,146,8334,M S,12,346,0,0.0568,0,0.0568,0,0.0399,2,2,2,0,0.214,0.1173,Hugo Guillamón,949276800.0,178,0,Right,Spain,M,"MC, DM",2100000.0,1814313600.0,882.0,Midfielder,Midfielder (secondary/attacking),24.0,ESP,2027-06-30,0.0,0.015,0.0,0.015,0.0,0.01,0.52,0.52,0.086,0.0,0.0,0.0,0.0,0.331,0,0.097,4,0.0,36971831.0,0.0
547,ESP-La Liga,2425,Valencia,Iker Córdoba,4,2024,146,13002,S,2,7,0,0.0,0,0.0,0,0.0542,0,1,0,0,0.0542,0.0,Iker Cordoba,1131667200.0,190,0,Left,Spain,D,DC,485000.0,1782777600.0,89.0,Forward,Striker,19.0,ESP,2026-06-30,0.0,0.0,0.0,0.0,0.0,0.697,0.0,12.857,0.697,0.0,0.0,0.0,0.0,0.054,0,0.054,1,0.0,0.0,0.0
548,ESP-La Liga,2425,Valencia,Iván Jaime,4,2024,146,13436,M S,9,277,0,0.4353,0,0.4353,0,0.386,8,4,0,0,1.7399,1.1461,Iván Jaime,969926400.0,180,0,Right,Spain,M,"LW, AM",4700000.0,1782777600.0,1016.0,Midfielder,Midfielder (secondary/attacking),24.0,ESP,2026-06-30,0.0,0.141,0.0,0.141,0.0,0.125,2.599,1.3,0.938,0.0,0.0,0.0,0.0,2.886,0,0.821,12,0.0,10797151.0,0.0
549,ESP-La Liga,2425,Valencia,Javier Guerra,4,2024,146,10322,F M S,36,2642,3,2.3096,3,2.3096,3,3.4589,47,23,5,0,11.5088,7.8503,Javier Guerra,1052784000.0,187,0,Right,Spain,M,"MC, DM",26000000.0,1877472000.0,1865.0,Forward,Forward / Winger / Attacking Midfielder,21.0,ESP,2029-06-30,0.102,0.079,0.102,0.079,0.102,0.118,1.601,0.783,0.659,1.299,1.299,0.867,0.064,19.359,6,5.768,70,8666667.0,11257361.0,4333333.0
550,ESP-La Liga,2425,Valencia,Jesús Vázquez,4,2024,146,9217,D S,19,907,0,0.2721,0,0.2721,0,0.5349,5,3,3,0,2.4224,2.0432,Jesús Vázquez,1041465600.0,182,0,Left,Spain,D,DL,3200000.0,1845936000.0,415.0,Defender,Defender (secondary role / versatile),21.0,ESP,2028-06-30,0.0,0.027,0.0,0.027,0.0,0.053,0.496,0.298,0.443,0.0,0.0,0.0,0.0,4.466,0,0.807,8,0.0,11760382.0,0.0
551,ESP-La Liga,2425,Valencia,José Gayá,4,2024,146,2505,D S,23,1839,0,1.3299,0,1.3299,1,3.3861,12,24,7,0,7.3458,4.5328,José Luis Gayà,801360000.0,172,64,Left,Spain,D,DL,5400000.0,1814313600.0,1721.0,Defender,Defender (secondary role / versatile),29.0,ESP,2027-06-30,0.0,0.065,0.0,0.065,0.049,0.166,0.587,1.175,0.581,0.0,0.0,0.295,0.0,11.879,1,4.716,36,0.0,4060456.0,5400000.0
552,ESP-La Liga,2425,Valencia,Martín Tejón,4,2024,146,11706,S,4,32,0,0.0755,0,0.0755,0,0.0282,1,1,0,0,0.1038,0.0,Martín Tejón,1081728000.0,165,61,Right,Spain,M,LW,970000.0,1814313600.0,143.0,Forward,Striker,20.0,ESP,2027-06-30,0.0,0.212,0.0,0.212,0.0,0.079,2.812,2.812,0.292,0.0,0.0,0.0,0.0,0.104,0,0.104,2,0.0,12847682.0,0.0
553,ESP-La Liga,2425,Valencia,Max Aarons,4,2024,146,7688,D S,4,114,0,0.0,0,0.0,0,0.0187,0,1,2,0,0.0187,0.0,Max Aarons,946944000.0,178,0,Right,England,D,DR,3900000.0,1782777600.0,1237.0,Defender,Defender (secondary role / versatile),24.0,ESP,2026-06-30,0.0,0.0,0.0,0.0,0.0,0.015,0.0,0.789,0.015,0.0,0.0,0.0,0.0,0.019,0,0.019,1,0.0,0.0,0.0
554,ESP-La Liga,2425,Valencia,Maximiliano Caufriez,4,2024,146,9963,D,1,90,0,0.0,0,0.0,0,0.0,0,0,0,0,0.0,0.0,Maximiliano Caufriez,856051200.0,189,0,Right,Belgium,D,"DC, DL, DR",815000.0,1782777600.0,155.0,Defender,Defender (generic),27.0,ESP,2026-06-30,0.0,0.0,0.0,0.0,0.0,0.0,0.0,0.0,0.0,0.0,0.0,0.0,0.0,0.0,0,0.0,0,0.0,0.0,0.0
555,ESP-La Liga,2425,Valencia,Mouctar Diakhaby,4,2024,146,5666,D S,13,641,2,1.3183,2,1.3183,0,0.0205,11,1,0,0,1.53,0.9096,Mouctar Diakhaby,850953600.0,192,74,Right,Guinea,D,DC,2900000.0,1814313600.0,3881.0,Defender,Defender (secondary role / versatile),28.0,ESP,2027-06-30,0.281,0.185,0.281,0.185,0.0,0.003,1.544,0.14,0.343,1.517,1.517,0.0,0.182,2.44,2,1.339,12,1450000.0,2199803.0,1450000.0
556,ESP-La Liga,2425,Valencia,Pepelu,4,2024,146,2551,M S,34,1691,2,1.9522,0,0.4657,1,2.5694,14,31,8,1,5.4178,5.0019,Pepelu,902793600.0,185,73,Right,Spain,M,"MC, DM",8199999.0,1845936000.0,1790.0,Midfielder,Midfielder (secondary/attacking),26.0,ESP,2028-06-30,0.106,0.104,0.0,0.025,0.053,0.137,0.745,1.65,0.555,1.024,0.0,0.389,0.143,10.42,3,4.522,45,4100000.0,4200389.0,2733333.0
557,ESP-La Liga,2425,Valencia,Rafa Mir,4,2024,146,2589,F M S,20,716,1,2.5392,1,2.5392,2,0.9352,27,4,4,0,2.866,0.6772,Rafa Mir,866592000.0,189,87,Right,Spain,F,ST,4099999.0,1782777600.0,2025.0,Forward,Forward / Winger / Attacking Midfielder,27.0,ESP,2026-06-30,0.126,0.319,0.126,0.319,0.251,0.118,3.394,0.503,0.445,0.394,0.394,2.139,0.037,3.543,3,3.474,31,4099999.0,1614681.0,1366666.0
558,ESP-La Liga,2425,Valencia,Rodrigo Abajas,4,2024,146,12817,D,1,68,0,0.0287,0,0.0287,0,0.0,1,0,1,0,0.0804,0.0517,Rodrigo Abajas,1070582400.0,186,0,Left,Spain,D,DL,190000.0,1845936000.0,98.0,Defender,Defender (generic),21.0,ESP,2028-06-30,0.0,0.038,0.0,0.038,0.0,0.0,1.324,0.0,0.175,0.0,0.0,0.0,0.0,0.132,0,0.029,1,0.0,6620209.0,0.0
559,ESP-La Liga,2425,Valencia,Sergi Canos,4,2024,146,1078,M S,17,326,0,0.4508,0,0.4508,1,0.1964,11,4,3,0,0.7551,0.2356,Sergi Canós,854841600.0,173,75,Right,Spain,M,"LW, ML, MR",840000.0,1782777600.0,368.0,Midfielder,Midfielder (secondary/attacking),27.0,ESP,2026-06-30,0.0,0.124,0.0,0.124,0.276,0.054,3.037,1.104,0.274,0.0,0.0,5.092,0.0,0.991,1,0.647,15,0.0,1863354.0,840000.0
560,ESP-La Liga,2425,Valencia,Stole Dimitrievski,4,2024,146,2619,GK,4,360,0,0.0,0,0.0,0,0.0,0,0,1,0,0.8597,0.8597,Stole Dimitrievski,756777600.0,188,81,Right,North Macedonia,G,GK,2100000.0,1782777600.0,844.0,Goalkeeper,Goalkeeper (starter),31.0,ESP,2026-06-30,0.0,0.0,0.0,0.0,0.0,0.0,0.0,0.0,0.43,0.0,0.0,0.0,0.0,1.719,0,0.0,0,0.0,0.0,0.0
561,ESP-La Liga,2425,Valencia,Thierry Correia,4,2024,146,8058,D S,11,782,0,0.5705,0,0.5705,0,0.2971,7,5,1,0,2.8547,2.2298,Thierry Correia,920937600.0,176,0,Right,Portugal,D,DR,3100000.0,1782777600.0,795.0,Defender,Defender (secondary role / versatile),25.0,ESP,2026-06-30,0.0,0.066,0.0,0.066,0.0,0.034,0.806,0.575,0.585,0.0,0.0,0.0,0.0,5.084,0,0.868,12,0.0,5433830.0,0.0
562,ESP-La Liga,2425,Valencia,Yarek Gasiorowski,4,2024,146,12139,D S,15,944,0,1.0283,0,1.0283,0,0.1624,3,3,1,0,1.6349,1.6144,Yarek Gasiorowski,1105488000.0,190,0,Left,Spain,D,DC,14700000.0,1909008000.0,1683.0,Defender,Defender (secondary role / versatile),19.0,ESP,2030-06-30,0.0,0.098,0.0,0.098,0.0,0.015,0.286,0.286,0.31,0.0,0.0,0.0,0.0,3.249,0,1.191,6,0.0,14295439.0,0.0
563,ESP-La Liga,2425,Villarreal,Alfonso,4,2024,154,2521,D M S,12,443,0,0.3776,0,0.3776,2,1.3254,5,9,0,0,3.7804,2.4264,Alfonso Pedraza,829008000.0,184,73,Left,Spain,D,DL,2400000.0,1782777600.0,584.0,Defender,Defender / Defensive Midfielder,28.0,ESP,2026-06-30,0.0,0.077,0.0,0.077,0.406,0.269,1.016,1.828,1.261,0.0,0.0,1.509,0.0,6.207,2,1.703,14,0.0,6355932.0,1200000.0
564,ESP-La Liga,2425,Villarreal,Arnau Solà,4,2024,154,12913,S,1,8,0,0.0,0,0.0,0,0.0,0,0,0,0,0.0,0.0,Arnau Solà,1049414400.0,179,0,Left,Spain,D,DL,515000.0,1782777600.0,86.0,Forward,Striker,21.0,ESP,2026-06-30,0.0,0.0,0.0,0.0,0.0,0.0,0.0,0.0,0.0,0.0,0.0,0.0,0.0,0.0,0,0.0,0,0.0,0.0,0.0
565,ESP-La Liga,2425,Villarreal,Ayoze Pérez,4,2024,154,770,F S,30,1987,19,15.228,19,15.228,2,3.1279,75,32,4,0,19.8858,3.7795,Ayoze Pérez,743385600.0,180,66,Right,Spain,F,"ST, LW",6400000.0,1845936000.0,3705.0,Forward,Striker / Centre Forward,31.0,ESP,2028-06-30,0.861,0.69,0.861,0.69,0.091,0.142,3.397,1.449,1.072,1.248,1.248,0.639,0.253,23.665,21,18.356,107,336842.0,420278.0,304762.0
566,ESP-La Liga,2425,Villarreal,Daniel Parejo,4,2024,154,2378,M S,36,2279,3,2.6434,2,1.1569,3,1.2767,14,23,8,0,12.4231,11.4997,0,0.0,0,0,0,0,0,0,0.0,0.0,0.0,Midfielder,Midfielder (secondary/attacking),0.0,ESP,0,0.118,0.104,0.079,0.046,0.118,0.05,0.553,0.908,0.945,1.135,1.729,2.35,0.214,23.923,6,3.92,37,0.0,0.0,0.0
567,ESP-La Liga,2425,Villarreal,Daniel Requena,4,2024,154,13035,S,1,4,0,0.0,0,0.0,0,0.0,0,0,0,0,0.0,0.0,Daniel Jesus Requena Gorrin,771552000.0,0,0,0,Spain,M,,0.0,0.0,1.0,Forward,Striker,30.0,ESP,0,0.0,0.0,0.0,0.0,0.0,0.0,0.0,0.0,0.0,0.0,0.0,0.0,0.0,0.0,0,0.0,0,0.0,0.0,0.0
568,ESP-La Liga,2425,Villarreal,Denis Suárez,4,2024,154,2308,M S,21,583,1,1.1483,1,1.1483,1,1.6937,10,14,0,0,3.4056,1.5898,Denis Suárez,757814400.0,176,69,Right,Spain,M,MC,1300000.0,1814313600.0,1449.0,Midfielder,Midfielder (secondary/attacking),30.0,ESP,2027-06-30,0.154,0.177,0.154,0.177,0.154,0.261,1.544,2.161,0.771,0.871,0.871,0.59,0.1,4.995,2,2.842,24,1300000.0,1132108.0,650000.0
569,ESP-La Liga,2425,Villarreal,Diego Conde,4,2024,154,9698,GK,22,1965,0,0.0,0,0.0,1,0.4031,0,2,2,0,2.3183,1.9152,Diego Conde,909532800.0,188,0,Right,Spain,G,GK,4300000.0,1877472000.0,449.0,Goalkeeper,Goalkeeper (starter),26.0,ESP,2029-06-30,0.0,0.0,0.0,0.0,0.046,0.018,0.0,0.092,0.194,0.0,0.0,2.481,0.0,4.233,1,0.403,2,0.0,0.0,4300000.0
570,ESP-La Liga,2425,Villarreal,Eric Bailly,4,2024,154,1739,D S,12,632,0,0.2402,0,0.2402,0,0.0,4,0,2,1,1.4845,1.4845,Eric Bailly,766108800.0,187,77,Right,Côte d'Ivoire,D,DC,1500000.0,1814313600.0,4293.0,Defender,Defender (secondary role / versatile),30.0,ESP,2027-06-30,0.0,0.034,0.0,0.034,0.0,0.0,0.57,0.0,0.423,0.0,0.0,0.0,0.0,2.969,0,0.24,4,0.0,6244796.0,0.0
571,ESP-La Liga,2425,Villarreal,Etta Eyong,4,2024,154,10930,S,4,25,1,0.4321,1,0.4321,0,0.0,2,0,0,0,0.4321,0.0,Etta Eyong,1066089600.0,181,75,Right,Cameroon,F,ST,21000000.0,1877472000.0,18286.0,Forward,Striker,21.0,ESP,2029-06-30,3.6,1.556,3.6,1.556,0.0,0.0,7.2,0.0,1.556,2.314,2.314,0.0,0.5,0.432,1,0.432,2,21000000.0,48599861.0,21000000.0
572,ESP-La Liga,2425,Villarreal,Gerard Moreno,4,2024,154,2120,F S,17,698,3,3.9046,0,1.6748,2,3.8606,26,17,0,0,6.937,3.7576,Gerard Moreno,702604800.0,180,75,Left,Spain,F,ST,2700000.0,1814313600.0,3934.0,Forward,Striker / Centre Forward,32.0,ESP,2027-06-30,0.387,0.503,0.0,0.216,0.258,0.498,3.352,2.192,1.379,0.768,0.0,0.518,0.115,10.695,5,7.765,43,900000.0,691492.0,540000.0
573,ESP-La Liga,2425,Villarreal,Ilias Akhomach,4,2024,154,10121,M S,11,604,1,0.6074,1,0.6074,0,1.2535,17,9,1,0,3.3974,1.7413,Ilias Akhomach,1082073600.0,175,0,Left,Morocco,M,"RW, MR",11100000.0,0.0,15647.0,Midfielder,Midfielder (secondary/attacking),20.0,ESP,0,0.149,0.091,0.149,0.091,0.0,0.187,2.533,1.341,0.766,1.646,1.646,0.0,0.059,5.139,1,1.861,26,11100000.0,18274613.0,11100000.0
574,ESP-La Liga,2425,Villarreal,Juan Foyth,4,2024,154,6306,D S,19,1515,1,2.2626,1,2.2626,0,0.3967,17,7,4,0,8.6718,8.329,Juan Foyth,884563200.0,187,77,Right,Argentina,D,"DR, DC",16100000.0,1877472000.0,6475.0,Defender,Defender (secondary role / versatile),26.0,ESP,2029-06-30,0.059,0.134,0.059,0.134,0.0,0.024,1.01,0.416,1.01,0.442,0.442,0.0,0.059,17.001,1,2.659,24,16100000.0,7115708.0,16100000.0
575,ESP-La Liga,2425,Villarreal,Kiko Femenía,4,2024,154,5043,D S,28,2242,0,0.321,0,0.321,1,2.1311,3,16,7,0,9.8536,8.8247,Kiko Femenía,665452800.0,176,61,Right,Spain,D,DR,840000.0,1814313600.0,476.0,Defender,Defender (secondary role / versatile),33.0,ESP,2027-06-30,0.0,0.013,0.0,0.013,0.04,0.086,0.12,0.642,0.75,0.0,0.0,0.469,0.0,18.678,1,2.452,19,0.0,2616822.0,840000.0
576,ESP-La Liga,2425,Villarreal,Logan Costa,4,2024,154,8200,D S,32,2596,2,0.9959,2,0.9959,1,0.3249,12,4,3,0,10.4346,10.2731,Logan Costa,986083200.0,188,0,Right,Cape Verde,D,DC,17500000.0,1909008000.0,685.0,Defender,Defender (secondary role / versatile),23.0,ESP,2030-06-30,0.069,0.035,0.069,0.035,0.035,0.011,0.416,0.139,0.718,2.008,2.008,3.078,0.167,20.708,3,1.321,16,8750000.0,17572045.0,5833333.0
577,ESP-La Liga,2425,Villarreal,Luiz Júnior,4,2024,154,12917,GK S,17,1455,0,0.0,0,0.0,0,0.0,0,0,2,0,4.763,4.763,Luiz Júnior,979430400.0,192,0,Left,Brazil,G,GK,12400000.0,1909008000.0,2387.0,Goalkeeper,Goalkeeper (substitute/secondary),23.0,ESP,2030-06-30,0.0,0.0,0.0,0.0,0.0,0.0,0.0,0.0,0.589,0.0,0.0,0.0,0.0,9.526,0,0.0,0,0.0,0.0,0.0
578,ESP-La Liga,2425,Villarreal,Nicolas Pepe,4,2024,154,5656,F M S,28,1483,3,5.2824,3,5.2824,6,5.5048,39,33,3,0,13.8065,4.7772,Nicolas Pépé,801705600.0,183,68,Left,Côte d'Ivoire,F,"ST, MR, RW",6600000.0,1845936000.0,12632.0,Forward,Forward / Winger / Attacking Midfielder,29.0,ESP,2028-06-30,0.182,0.321,0.182,0.321,0.364,0.334,2.367,2.003,1.128,0.568,0.568,1.09,0.077,18.584,9,10.787,72,2200000.0,1249432.0,733333.0
579,ESP-La Liga,2425,Villarreal,Pape Alassane Gueye,4,2024,154,8696,F M S,34,2246,4,3.8907,4,3.8907,0,1.5439,54,16,4,2,10.7991,6.8009,0,0.0,0,0,0,0,0,0,0.0,0.0,0.0,Forward,Forward / Winger / Attacking Midfielder,0.0,ESP,0,0.16,0.156,0.16,0.156,0.0,0.062,2.164,0.641,0.705,1.028,1.028,0.0,0.074,17.6,4,5.435,70,0.0,0.0,0.0
580,ESP-La Liga,2425,Villarreal,Pau Navarro,4,2024,154,12914,D S,17,902,0,0.0157,0,0.0157,0,0.0142,1,1,1,0,3.6679,3.6522,Pau Navarro,1114387200.0,185,0,Right,Spain,D,DR,4900000.0,1909008000.0,412.0,Defender,Defender (secondary role / versatile),19.0,ESP,2030-06-30,0.0,0.002,0.0,0.002,0.0,0.001,0.1,0.1,0.73,0.0,0.0,0.0,0.0,7.32,0,0.03,2,0.0,312101911.0,0.0
581,ESP-La Liga,2425,Villarreal,Raúl Albiol,4,2024,154,1588,D S,15,1186,0,0.1134,0,0.1134,0,0.0,2,0,5,0,2.6964,2.6401,Raúl Albiol,494640000.0,190,82,Right,Spain,D,DC,760000.0,1782777600.0,1197.0,Defender,Defender (secondary role / versatile),39.0,ESP,2026-06-30,0.0,0.009,0.0,0.009,0.0,0.0,0.152,0.0,0.405,0.0,0.0,0.0,0.0,5.336,0,0.113,2,0.0,6701940.0,0.0
582,ESP-La Liga,2425,Villarreal,Santiago Comesaña,4,2024,154,7070,M S,35,2597,4,4.7904,4,4.7904,2,2.9418,39,28,7,0,16.3233,12.0518,Santiago Galan Comesana,0.0,0,0,0,0,0,,0.0,0.0,1.0,Midfielder,Midfielder (secondary/attacking),0.0,ESP,0,0.139,0.166,0.139,0.166,0.069,0.102,1.352,0.97,0.983,0.835,0.835,0.68,0.103,28.375,6,7.732,67,0.0,0.0,0.0
583,ESP-La Liga,2425,Villarreal,Sergi Cardona,4,2024,154,11744,D S,35,2974,1,3.4181,1,3.4181,7,6.034,20,45,11,0,17.5586,13.5858,Sergi Cardona,932256000.0,186,0,Left,Spain,D,DL,9500000.0,1814313600.0,1119.0,Defender,Defender (secondary role / versatile),25.0,ESP,2027-06-30,0.03,0.103,0.03,0.103,0.212,0.183,0.605,1.362,0.943,0.293,0.293,1.16,0.05,31.144,8,9.452,65,9500000.0,2779322.0,1187500.0
584,ESP-La Liga,2425,Villarreal,Tajon Buchanan,4,2024,154,12322,M S,13,403,1,0.977,1,0.977,2,0.77,7,5,2,0,2.7764,1.2342,Tajon Buchanan,918432000.0,183,0,Right,Canada,M,"MR, DR",10800000.0,1909008000.0,7433.0,Midfielder,Midfielder (secondary/attacking),25.0,ESP,2030-06-30,0.223,0.218,0.223,0.218,0.447,0.172,1.563,1.117,0.896,1.024,1.024,2.597,0.143,4.011,3,1.747,12,10800000.0,11054248.0,3600000.0
585,ESP-La Liga,2425,Villarreal,Thiago Ojeda,4,2024,154,13285,S,1,2,0,0.0155,0,0.0155,0,0.0,1,0,1,0,0.5112,0.5112,Thiago Ojeda,1042329600.0,188,82,Right,Argentina,M,"MC, DM",580000.0,1782777600.0,129.0,Forward,Striker,21.0,ESP,2026-06-30,0.0,0.698,0.0,0.698,0.0,0.0,45.0,0.0,46.008,0.0,0.0,0.0,0.0,1.022,0,0.016,1,0.0,37419355.0,0.0
586,ESP-La Liga,2425,Villarreal,Thierno Barry,4,2024,154,12916,F S,35,2322,11,15.0596,10,14.3163,4,3.6663,73,24,4,0,19.0663,4.0202,Thierno Barry,1035158400.0,195,0,Right,France,F,ST,31000000.0,1877472000.0,5825.0,Forward,Striker / Centre Forward,22.0,ESP,2029-06-30,0.426,0.584,0.388,0.555,0.155,0.142,2.829,0.93,0.895,0.73,0.699,1.091,0.151,23.086,15,18.726,97,2818182.0,2058488.0,2066667.0
587,ESP-La Liga,2425,Villarreal,Willy Kambwala,4,2024,154,12275,D S,19,1097,0,0.2262,0,0.2262,0,0.0721,4,1,1,1,3.9153,3.8579,Willy Kambwala,1093392000.0,192,0,Right,France,D,DC,4099999.0,1877472000.0,2215.0,Defender,Defender (secondary role / versatile),20.0,ESP,2029-06-30,0.0,0.019,0.0,0.019,0.0,0.006,0.328,0.082,0.638,0.0,0.0,0.0,0.0,7.773,0,0.298,5,0.0,18125548.0,0.0
588,ESP-La Liga,2425,Villarreal,Yeremi Pino,4,2024,154,9024,M S,34,1984,4,3.981,4,3.981,7,5.788,29,39,11,0,14.7072,6.1858,Yéremy Pino,1035072000.0,172,0,Right,Spain,F,"LW, MR, AM",32000000.0,1909008000.0,6117.0,Midfielder,Midfielder (secondary/attacking),22.0,ESP,2030-06-30,0.181,0.181,0.181,0.181,0.318,0.263,1.316,1.769,0.948,1.005,1.005,1.209,0.138,20.893,11,9.769,68,8000000.0,8038181.0,2909091.0
589,ESP-La Liga,2425,Villarreal,Álex Baena,4,2024,154,8417,F M S,32,2639,7,7.1953,7,6.4521,9,12.6129,70,95,9,0,23.4953,10.7079,Alejandro Baena,995587200.0,174,0,Right,Spain,M,ML,59000000.0,1909008000.0,9645.0,Forward,Forward / Winger / Attacking Midfielder,23.0,ESP,2030-06-30,0.239,0.245,0.239,0.22,0.307,0.43,2.387,3.24,1.166,0.973,1.085,0.714,0.1,34.203,16,19.808,165,8428571.0,8199797.0,3687500.0
