,league,season,team,player,league_id,season_id,team_id,player_id,position,matches,minutes,goals,xg,np_goals,np_xg,assists,xa,shots,key_passes,yellow_cards,red_cards,xg_chain,xg_buildup,name_sofascore,birth_ts,height,weight,preferred_foot,nationality,position_current,detailed_positions_current,market_value_current,contract_until_ts_current,popularity_score_current
0,ESP-La Liga,2425,Alaves,Abdelkabir Abqar,4,2024,158,9297,D,29,2489,0,0.8577928207814693,0,0.8577928207814693,1,0.23812325112521648,12,8,13,0,2.933803543448448,2.713847666978836,Abdelkabir Abqar,921024000.0,188.0,,Right,Morocco,D,['DC'],5700000.0,1845936000.0,4075.0
1,ESP-La Liga,2425,Alaves,Abderrahmane Rebbach,4,2024,158,11825,F M S,8,381,0,0.32793736085295677,0,0.32793736085295677,0,0.27545187063515186,6,6,1,0,1.1501923333853483,0.6715759411454201,Abderrahman Rebbach,902793600.0,176.0,,Right,Algeria,M,['LW'],1500000.0,1845936000.0,1287.0
2,ESP-La Liga,2425,Alaves,Adrián Pica,4,2024,158,12718,D S,9,489,0,0.6004659123718739,0,0.6004659123718739,0,0.06241459399461746,4,1,1,0,0.9397268313914537,0.9397268313914537,Adrián Pica,1019692800.0,190.0,,Right,Spain,D,['DC'],1000000.0,1782777600.0,85.0
3,ESP-La Liga,2425,Alaves,Adrián Rodríguez,4,2024,158,10272,GK S,2,120,0,0.0,0,0.0,0,0.0,0,0,1,0,0.03760097175836563,0.03760097175836563,Adrián Rodríguez,976579200.0,195.0,,Right,Argentina,G,['GK'],185000.0,1782777600.0,226.0
4,ESP-La Liga,2425,Alaves,Aleksander Sedlar,4,2024,158,7845,D S,9,599,0,0.01792372576892376,0,0.01792372576892376,0,0.0,1,0,1,1,0.16960801929235458,0.16960801929235458,Aleksandar Sedlar,692582400.0,180.0,79.0,Right,Serbia,D,['DC'],260000.0,1782777600.0,219.0
5,ESP-La Liga,2425,Alaves,Ander Guevara,4,2024,158,6126,M S,33,1969,0,0.9672462455928326,0,0.9672462455928326,1,0.6741306530311704,12,12,3,0,3.655263607390225,2.1133727561682463,Ander Guevara,868233600.0,180.0,,Right,Spain,M,"['MC', 'DM']",3200000.0,1814313600.0,302.0
6,ESP-La Liga,2425,Alaves,Antonio Blanco,4,2024,158,9280,M S,35,2755,0,0.7065247548744082,0,0.7065247548744082,1,1.7390412520617247,25,14,10,1,6.047557967714965,4.138327054679394,Antonio Blanco,964310400.0,176.0,,Right,Spain,M,"['MC', 'DM']",9700000.0,1814313600.0,1644.0
7,ESP-La Liga,2425,Alaves,Antonio Martínez,4,2024,158,6400,F S,28,965,4,3.818366212770343,4,3.818366212770343,0,0.6796954162418842,44,12,1,0,4.9434719532728195,1.5181170348078012,José Antonio Martinez,729475200.0,189.0,80.0,Left,Spain,D,['DC'],,,39.0
8,ESP-La Liga,2425,Alaves,Antonio Sivera,4,2024,158,6075,GK,32,2817,0,0.0,0,0.0,0,0.035076986998319626,0,1,6,1,0.7444533910602331,0.7093764003366232,Antonio Sivera,839721600.0,184.0,75.0,Right,Spain,G,['GK'],5600000.0,1814313600.0,575.0
9,ESP-La Liga,2425,Alaves,Asier Villalibre,4,2024,158,5173,F S,16,298,1,1.7566380016505718,0,1.013360369950533,1,0.9450216889381409,9,1,2,0,1.73167385160923,0.2002533720806241,Asier Villalibre,875577600.0,183.0,80.0,Left,Spain,F,['ST'],2100000.0,1782777600.0,805.0
10,ESP-La Liga,2425,Alaves,Carles Aleñá,4,2024,158,5058,M S,24,1568,0,1.2464379873126745,0,1.2464379873126745,2,2.068190712481737,20,23,2,0,3.5255685579031706,1.1926605817861855,Carles Aleñá,883958400.0,180.0,73.0,Left,Spain,M,"['MC', 'ML']",2800000.0,1877472000.0,1594.0
11,ESP-La Liga,2425,Alaves,Carlos Benavídez,4,2024,158,11826,M S,18,456,1,0.20424118265509605,1,0.20424118265509605,1,0.6427380479872227,5,3,2,0,1.6226654779165983,1.093293646350503,Carlos Benavídez,891216000.0,185.0,76.0,Right,Uruguay,M,"['MC', 'DM']",960000.0,1782777600.0,379.0
12,ESP-La Liga,2425,Alaves,Carlos Martín,4,2024,158,10101,F M S,26,1367,2,2.4801127864047885,2,2.4801127864047885,2,2.5880204420536757,26,12,3,0,4.012961556203663,1.1108323587104678,Carlos Martín,1019433600.0,182.0,,Right,Spain,F,['ST'],2600000.0,,1207.0
13,ESP-La Liga,2425,Alaves,Carlos Vicente,4,2024,158,12294,D F M S,37,3114,5,3.139239792712033,4,2.3959621535614133,5,6.42431272752583,37,62,3,0,8.250345922075212,2.7149507738649845,Carlos Vicente,924825600.0,179.0,,Right,Spain,M,"['RW', 'MR']",7400000.0,1877472000.0,1950.0
14,ESP-La Liga,2425,Alaves,Facundo Garcés,4,2024,158,13319,D S,10,670,0,0.11383035965263844,0,0.11383035965263844,0,0.7587253376841545,5,3,2,0,0.18133238423615694,0.0453559048473835,Facundo Garcés,936489600.0,191.0,82.0,Right,Argentina,D,['DC'],1100000.0,1845936000.0,1988.0
15,ESP-La Liga,2425,Alaves,Hugo Novoa Ramos,4,2024,158,9293,D M S,5,217,0,0.596488893032074,0,0.596488893032074,0,0.11582886800169945,1,2,0,0,1.4536456279456615,0.85715676471591,,,,,,,,,,,
16,ESP-La Liga,2425,Alaves,Jesús Owono,4,2024,158,10010,GK S,6,482,0,0.0,0,0.0,0,0.0,0,0,0,0,0.06445431336760521,0.06445431336760521,Jesús Owono,983404800.0,183.0,67.0,Both,Equatorial Guinea,G,['GK'],935000.0,1782777600.0,421.0
17,ESP-La Liga,2425,Alaves,Joan Jordán,4,2024,158,2122,M S,25,1397,5,4.2784636076539755,2,1.3053531553596258,2,2.1695005875080824,17,30,4,0,4.523949593305588,3.4168765898793936,Joan Jordán,773452800.0,184.0,74.0,Right,Spain,M,"['MC', 'DM']",1900000.0,1814313600.0,734.0
18,ESP-La Liga,2425,Alaves,Jon Guridi,4,2024,158,5179,F M S,33,2149,3,4.341560154221952,2,3.598282544873655,1,1.142053421586752,24,17,6,0,5.9514668844640255,2.387185577303171,Jon Guridi,793929600.0,179.0,64.0,Left,Spain,M,"['AM', 'MC']",2400000.0,1782777600.0,318.0
19,ESP-La Liga,2425,Alaves,Kike García,4,2024,158,5074,F S,35,2571,13,10.712679820135236,10,8.482846969738603,0,0.7632435280829668,63,13,3,1,9.772033462300897,2.0982022918760777,Kike García,627955200.0,186.0,79.0,Right,Spain,F,['ST'],825000.0,1814313600.0,1090.0
20,ESP-La Liga,2425,Alaves,Luis Rioja,4,2024,158,7870,D M S,37,2898,4,3.9541624961420894,2,2.467607277445495,3,4.479461559094489,30,35,6,0,9.84668375365436,5.419024623930454,Luis Rioja,750729600.0,173.0,,Left,Spain,M,"['LW', 'MR']",2100000.0,1814313600.0,847.0
21,ESP-La Liga,2425,Alaves,Luka Romero,4,2024,158,8429,F M S,6,201,0,0.7706899177283049,0,0.027412308380007744,0,0.2663516765460372,2,4,0,0,0.5439141355454922,0.310863196849823,Luka Romero,1100736000.0,169.0,,Left,Argentina,F,['RW'],3400000.0,1909008000.0,4684.0
22,ESP-La Liga,2425,Alaves,Manuel Sánchez,4,2024,158,7605,D S,33,2651,1,1.6078453846275806,1,1.6078453846275806,0,1.1835778756067157,12,16,6,1,4.670513411983848,2.4904603492468596,Manuel Sánchez,966988800.0,179.0,,Left,Spain,D,['DL'],6400000.0,1782777600.0,667.0
23,ESP-La Liga,2425,Alaves,Moussa Diarra,4,2024,158,7613,D S,26,1855,0,0.02481282502412796,0,0.02481282502412796,0,0.1712627625092864,1,4,6,0,3.680759072303772,3.5504128839820623,Moussa Diarra,973814400.0,183.0,,Left,Mali,D,"['DL', 'DC']",1400000.0,1782777600.0,805.0
24,ESP-La Liga,2425,Alaves,Nahuel Tenaglia,4,2024,158,10364,D S,34,2930,2,2.742606063839048,2,2.742606063839048,1,1.9290947634726763,27,19,11,0,5.448577670380473,3.4270298033952713,Nahuel Tenaglia,824860800.0,182.0,71.0,Right,Argentina,D,"['DR', 'DC']",3200000.0,1877472000.0,1017.0
25,ESP-La Liga,2425,Alaves,Pau Cabanes De La Torre,4,2024,158,13036,M S,16,311,1,0.6065235398709774,1,0.6065235398709774,0,0.6184967579320073,6,5,1,0,2.472264508716762,1.2864057002589107,,,,,,,,,,,
26,ESP-La Liga,2425,Alaves,Santiago Mouriño,4,2024,158,13003,D S,25,1827,0,1.0117421904578805,0,1.0117421904578805,1,0.9486839417368174,13,7,7,0,2.93726375233382,2.229820301756263,Santiago Mouriño,1013558400.0,186.0,76.0,Right,Uruguay,D,"['DC', 'DR']",9700000.0,1909008000.0,2655.0
27,ESP-La Liga,2425,Alaves,Stoichkov,4,2024,158,12717,F M S,16,675,0,1.194492194801569,0,1.194492194801569,1,1.0295014828443527,18,7,1,0,4.282519616186619,2.84641638956964,Stoichkov,752457600.0,178.0,,Right,Spain,F,"['LW', 'ST', 'AM']",870000.0,1782777600.0,372.0
28,ESP-La Liga,2425,Alaves,Tomás Conechny,4,2024,158,12716,F M S,22,837,1,3.4765042532235384,1,3.4765042532235384,0,0.3463271465152502,22,7,8,0,4.250398634001613,1.1427953317761421,Tomás Conechny,891216000.0,170.0,65.0,Left,Argentina,F,['LW'],2000000.0,1893369600.0,501.0
29,ESP-La Liga,2425,Athletic Club,Adama Boiro,4,2024,147,12724,D M S,18,1120,0,0.3871587850153446,0,0.3871587850153446,0,0.4125944208353758,5,5,3,0,1.2153034526854753,0.7109720725566149,Adama Boiro,1024704000.0,182.0,,Left,Spain,D,['DL'],2800000.0,1877472000.0,2320.0
30,ESP-La Liga,2425,Athletic Club,Aingeru Olabarrieta,4,2024,147,12262,M,1,56,0,0.0,0,0.0,0,0.0,0,0,0,0,0.0,0.0,Aingeru Olabarrieta,1131926400.0,182.0,,Left,Spain,M,['RW'],855000.0,1782777600.0,207.0
31,ESP-La Liga,2425,Athletic Club,Aitor Paredes,4,2024,147,8948,D S,23,1828,3,2.492131467908621,3,2.492131467908621,0,0.0571863129734993,6,2,2,1,6.065372170880437,6.008185857906938,Aitor Paredes,956966400.0,186.0,,Right,Spain,D,['DC'],17100000.0,1877472000.0,1119.0
32,ESP-La Liga,2425,Athletic Club,Alex Berenguer,4,2024,147,5091,F M S,36,2381,6,7.480133118107915,6,6.736855478957295,7,6.045956780202687,52,48,4,0,15.5762422606349,6.666818654164672,Álex Berenguer,804816000.0,175.0,70.0,Right,Spain,M,"['LW', 'RW']",5200000.0,1814313600.0,1946.0
33,ESP-La Liga,2425,Athletic Club,Ander Herrera,4,2024,147,552,M S,8,254,0,1.9449006617069244,0,1.2016230076551437,0,0.10741335712373257,8,2,2,0,1.8970924727618694,0.7111891284584999,Ander Herrera,619056000.0,182.0,,Right,Spain,M,"['MC', 'DM']",460000.0,,3043.0
34,ESP-La Liga,2425,Athletic Club,Andoni Gorosabel,4,2024,147,6325,D S,20,1508,0,0.285134494304657,0,0.285134494304657,2,2.3711024783551693,2,15,5,0,5.064692297950387,3.415458796545863,Andoni Gorosabel,839116800.0,174.0,,Right,Spain,D,['DR'],3900000.0,1845936000.0,529.0
35,ESP-La Liga,2425,Athletic Club,Beñat Prados,4,2024,147,9505,M S,30,1736,1,0.9114043265581131,1,0.9114043265581131,0,1.089272540062666,16,10,7,0,8.186401395127177,6.995430439710617,Beñat Prados,981590400.0,179.0,,Right,Spain,M,"['MC', 'DM']",18500000.0,1940544000.0,610.0
36,ESP-La Liga,2425,Athletic Club,Dani Vivian,4,2024,147,6766,D S,32,2590,4,2.3003999516367912,4,2.3003999516367912,0,0.6736323088407516,19,10,3,0,10.329670087434351,9.05257697403431,Daniel Vivian,931132800.0,183.0,,Right,Spain,D,['DC'],27000000.0,1972166400.0,3148.0
37,ESP-La Liga,2425,Athletic Club,De Marcos,4,2024,147,2452,D S,26,1554,0,1.15881422534585,0,1.15881422534585,4,2.8564788848161697,8,19,0,0,10.773434953764081,8.131631192751229,Óscar de Marcos,608515200.0,180.0,78.0,Right,Spain,D,['DR'],,,538.0
38,ESP-La Liga,2425,Athletic Club,Endika Bujan,4,2024,147,13431,S,1,2,0,0.0,0,0.0,0,0.0,0,0,0,0,0.0,0.0,Endika Buján,1042675200.0,170.0,,Left,Spain,M,['RW'],285000.0,1782777600.0,43.0
39,ESP-La Liga,2425,Athletic Club,Gorka Guruzeta,4,2024,147,7020,F M S,36,1856,7,6.789272961206734,7,6.789272961206734,2,1.4514029724523425,59,15,2,0,9.18936501443386,2.057082111015916,Gorka Guruzeta,842486400.0,188.0,,Right,Spain,F,['ST'],4600000.0,1845936000.0,2643.0
40,ESP-La Liga,2425,Athletic Club,Inigo Ruiz de Galarreta,4,2024,147,9755,M S,26,1502,0,0.3707461981102824,0,0.3707461981102824,4,3.4690806306898594,11,28,5,0,8.672065565362573,7.616073386743665,Iñigo Ruiz de Galarreta,744595200.0,174.0,64.0,Right,Spain,M,"['MC', 'DM']",2300000.0,1814313600.0,962.0
41,ESP-La Liga,2425,Athletic Club,Iñaki Williams,4,2024,147,2399,F M S,35,2659,6,10.159808551892638,6,10.159808551892638,8,8.788650624454021,63,43,1,0,21.108271526172757,8.164707442745566,Iñaki Williams,771638400.0,186.0,76.0,Right,Ghana,M,['RW'],9100000.0,1845936000.0,19961.0
42,ESP-La Liga,2425,Athletic Club,Javier Martón,4,2024,147,11761,S,3,43,0,0.0,0,0.0,0,0.0,0,0,1,0,0.4475967586040497,0.4475967586040497,Javier Martón,925948800.0,180.0,,Right,Spain,F,['ST'],720000.0,1845936000.0,259.0
43,ESP-La Liga,2425,Athletic Club,Julen Agirrezabala,4,2024,147,9824,GK,14,1212,0,0.0,0,0.0,0,0.0,0,0,1,1,3.1538388207554817,3.1538388207554817,Julen Agirrezabala,977788800.0,187.0,,Left,Spain,G,['GK'],16300000.0,1782777600.0,1082.0
44,ESP-La Liga,2425,Athletic Club,Malcom Adu,4,2024,147,10981,S,1,12,0,0.0,0,0.0,0,0.0,0,0,0,0,0.0,0.0,Jackson Malcolm,,198.0,108.0,,,TE,[],,,0.0
45,ESP-La Liga,2425,Athletic Club,Maroan Sannadi,4,2024,147,13417,F S,16,743,1,3.2526460140943527,1,3.2526460140943527,1,1.2053465899080038,19,7,0,0,5.1390815153717995,1.504334181547165,Maroan Sannadi,980985600.0,192.0,85.0,Right,Morocco,F,['ST'],4700000.0,1877472000.0,5294.0
46,ESP-La Liga,2425,Athletic Club,Mikel Jauregizar,4,2024,147,12263,M S,34,2244,2,1.0411129482090473,2,1.0411129482090473,1,1.5972765255719423,21,24,4,1,10.448270935565233,8.638248216360807,Mikel Jauregizar,1068681600.0,177.0,,Right,Spain,M,"['MC', 'DM']",31000000.0,1940544000.0,1786.0
47,ESP-La Liga,2425,Athletic Club,Mikel Vesga,4,2024,147,5077,M S,25,977,0,1.2418696712702513,0,0.49859206192195415,0,1.0357172600924969,6,12,1,0,4.317991346120834,2.9510606825351715,Mikel Vesga,734227200.0,191.0,84.0,Left,Spain,M,"['MC', 'DM']",1400000.0,1814313600.0,501.0
48,ESP-La Liga,2425,Athletic Club,Nico Williams,4,2024,147,9211,M S,29,1994,5,4.596975972875953,5,4.596975972875953,5,4.1709328312426805,55,40,1,0,13.329007916152477,6.340902808122337,Nico Williams,1026432000.0,180.0,,Right,Spain,M,['LW'],65000000.0,2066774400.0,84009.0
49,ESP-La Liga,2425,Athletic Club,Nicolás Serrano,4,2024,147,9825,M S,4,107,0,0.18871727026998997,0,0.18871727026998997,0,0.015419985167682171,5,1,0,0,1.5473762713372707,1.3515974879264832,Nicolas Serrano Iniguez,,,,,,,[],,,0.0
50,ESP-La Liga,2425,Athletic Club,Oihan Sancet,4,2024,147,7779,F M S,29,1645,15,10.459016836248338,12,8.229184023104608,1,1.8577970825135708,50,21,3,0,12.246665179729462,4.23063094355166,Oihan Sancet,956620800.0,188.0,,Right,Spain,M,['AM'],39000000.0,1972166400.0,3386.0
51,ESP-La Liga,2425,Athletic Club,Peio Canales,4,2024,147,13123,M S,8,247,0,0.19718201272189617,0,0.19718201272189617,0,0.48876582086086273,3,6,0,0,0.7809601724147797,0.5443078130483627,Peio Canales,1105920000.0,175.0,,Right,Spain,M,"['AM', 'MC']",4900000.0,1782777600.0,412.0
52,ESP-La Liga,2425,Athletic Club,Unai Gómez,4,2024,147,11531,D F M S,32,1267,1,2.785275062546134,1,2.785275062546134,3,1.0150505416095257,19,10,1,0,4.806635640561581,1.6319821402430534,Unai Gómez,1053820800.0,183.0,,Left,Spain,M,"['AM', 'MC']",5200000.0,1845936000.0,813.0
53,ESP-La Liga,2425,Athletic Club,Unai Núñez,4,2024,147,6149,D S,10,643,0,0.494532972574234,0,0.494532972574234,0,0.02594449184834957,1,1,4,0,2.744684349745512,2.7187398560345173,Unai Núñez,854582400.0,186.0,81.0,Right,Spain,D,"['DC', 'DR']",3300000.0,1782777600.0,795.0
54,ESP-La Liga,2425,Athletic Club,Unai Simón,4,2024,147,5185,GK,21,1890,0,0.0,0,0.0,0,0.0,0,0,0,0,1.3606118559837341,1.3606118559837341,Unai Simón,865987200.0,189.0,86.0,Right,Spain,G,['GK'],24000000.0,1877472000.0,6870.0
55,ESP-La Liga,2425,Athletic Club,Yeray Álvarez,4,2024,147,5062,D S,21,1784,1,0.6109129982069135,1,0.6109129982069135,0,0.4750778339803219,9,4,4,0,4.334911390207708,4.297147526405752,Yeray Álvarez,790905600.0,183.0,78.0,Right,Spain,D,['DC'],1000000.0,1782777600.0,814.0
56,ESP-La Liga,2425,Athletic Club,Yuri,4,2024,147,2229,D S,30,2027,0,0.5942616164684296,0,0.5942616164684296,2,1.9303123988211155,16,18,5,0,9.699211686849594,8.040501814335585,Yuri Alberto,984873600.0,183.0,77.0,Right,Brazil,F,['ST'],23000000.0,1909008000.0,44725.0
57,ESP-La Liga,2425,Athletic Club,Álex Padilla,4,2024,147,12227,GK S,5,315,0,0.0,0,0.0,0,0.0,0,0,0,0,0.5064679756760597,0.5064679756760597,Alex Padilla,1062374400.0,190.0,,Right,Mexico,G,['GK'],3100000.0,1877472000.0,1480.0
58,ESP-La Liga,2425,Athletic Club,Álvaro Djaló,4,2024,147,13001,F M S,17,637,1,0.9031668566167355,1,0.9031668566167355,0,1.0898361578583717,15,4,2,0,3.104129819199443,1.2030200082808733,Álvaro Djaló,934761600.0,176.0,,Right,Guinea-Bissau,F,['RW'],4900000.0,1782777600.0,1139.0
59,ESP-La Liga,2425,Athletic Club,Íñigo Lekue,4,2024,147,2403,D S,16,757,0,0.13944076001644135,0,0.13944076001644135,0,0.5742262145504355,2,8,1,0,2.311507798731327,1.7286586463451385,Íñigo Lekue,736473600.0,180.0,73.0,Right,Spain,D,"['DR', 'DL']",1100000.0,1782777600.0,393.0
60,ESP-La Liga,2425,Atletico Madrid,Adrián Niño,4,2024,143,12115,S,1,10,0,0.15880247950553894,0,0.15880247950553894,0,0.0,2,0,0,0,0.15880247950553894,0.0,Adrián Niño,1087603200.0,186.0,,Right,Spain,F,['ST'],930000.0,1877472000.0,360.0
61,ESP-La Liga,2425,Atletico Madrid,Alexander Sørloth,4,2024,143,6531,F S,35,1525,20,20.454832896590233,19,19.711555287241936,2,1.304560586810112,79,13,4,0,21.53670882433653,2.1480457819998264,Alexander Sørloth,818121600.0,195.0,90.0,Left,Norway,F,['ST'],21000000.0,1845936000.0,23117.0
62,ESP-La Liga,2425,Atletico Madrid,Antoine Griezmann,4,2024,143,2270,F M S,38,2514,8,8.413829022087157,7,6.927273713983595,7,8.116289479658008,50,48,2,0,19.78995059709996,9.18062005378306,Antoine Griezmann,669513600.0,176.0,71.0,Left,France,F,['ST'],10400000.0,1814313600.0,97180.0
63,ESP-La Liga,2425,Atletico Madrid,Axel Witsel,4,2024,143,3059,D S,14,845,0,0.061065591871738434,0,0.061065591871738434,1,0.8424561601132154,1,2,1,0,3.891527419909835,3.0490712728351355,Axel Witsel,600566400.0,186.0,73.0,Right,Belgium,M,['DC'],1500000.0,1782777600.0,9723.0
64,ESP-La Liga,2425,Atletico Madrid,Clement Lenglet,4,2024,143,5050,D,23,1987,2,2.1961113438010216,2,2.1961113438010216,1,0.9537689723074436,10,5,9,0,11.544151531532407,11.482247652485967,Clément Lenglet,803347200.0,186.0,81.0,Left,France,D,['DC'],6200000.0,1845936000.0,7949.0
65,ESP-La Liga,2425,Atletico Madrid,Conor Gallagher,4,2024,143,9040,M S,32,1637,3,3.0007524248212576,3,3.0007524248212576,3,1.3112464919686317,23,12,2,0,7.897032497450709,4.44360277056694,Conor Gallagher,949795200.0,182.0,,Right,England,M,"['MC', 'DM', 'AM']",34000000.0,1940544000.0,16208.0
66,ESP-La Liga,2425,Atletico Madrid,César Azpilicueta,4,2024,143,681,D S,14,881,1,0.18247812055051327,1,0.18247812055051327,0,0.08769189566373825,5,3,0,0,3.8849698714911938,3.7627249024808407,César Azpilicueta,620265600.0,178.0,78.0,Right,Spain,D,"['DR', 'DC']",1100000.0,1782777600.0,4594.0
67,ESP-La Liga,2425,Atletico Madrid,Giménez,4,2024,143,2278,D S,27,1984,0,0.4644579738378525,0,0.4644579738378525,1,0.36444729566574097,5,2,3,0,8.44221980124712,8.077772490680218,Santiago Giménez,987552000.0,182.0,,Left,Mexico,F,['ST'],21000000.0,1877472000.0,32303.0
68,ESP-La Liga,2425,Atletico Madrid,Giuliano Simeone,4,2024,143,9796,F M S,33,1988,2,3.001487374305725,2,3.001487374305725,6,7.1847349517047405,22,24,4,0,16.635959770530462,8.725617446005344,Giuliano Simeone,1040169600.0,178.0,,Right,Argentina,M,['MR'],44000000.0,1909008000.0,16473.0
69,ESP-La Liga,2425,Atletico Madrid,Jan Oblak,4,2024,143,2261,GK,36,3240,0,0.0,0,0.0,0,0.0,0,0,0,0,5.667950822040439,5.667950822040439,Jan Oblak,726364800.0,189.0,84.0,Right,Slovenia,G,['GK'],18100000.0,1845936000.0,12537.0
70,ESP-La Liga,2425,Atletico Madrid,Javi Galán,4,2024,143,7385,D S,25,1806,0,0.24462206475436687,0,0.24462206475436687,2,3.3247619457542896,9,14,8,0,9.763243904337287,7.868124481290579,Javi Galán,785203200.0,172.0,70.0,Left,Spain,D,['DL'],3400000.0,1782777600.0,2469.0
71,ESP-La Liga,2425,Atletico Madrid,Juan Musso,4,2024,143,7095,GK,2,180,0,0.0,0,0.0,0,0.0,0,0,0,0,0.09412210062146187,0.09412210062146187,Juan Musso,768182400.0,191.0,93.0,Right,Argentina,G,['GK'],3200000.0,1845936000.0,7010.0
72,ESP-La Liga,2425,Atletico Madrid,Julián Álvarez,4,2024,143,10846,F M S,37,2543,17,14.1592972795479,13,11.186186812352389,4,6.458727004006505,72,41,5,0,25.16218076646328,9.433768885210156,Julián Alvarez,949276800.0,170.0,68.0,Right,Argentina,F,['ST'],97000000.0,1909008000.0,223437.0
73,ESP-La Liga,2425,Atletico Madrid,Koke,4,2024,143,2269,M S,32,1915,1,1.498866917565465,1,1.498866917565465,1,1.3334013875573874,11,16,4,0,11.016456995159388,9.087679360061884,Koke,694828800.0,177.0,73.0,Right,Spain,M,"['MC', 'DM']",6400000.0,1782777600.0,5933.0
74,ESP-La Liga,2425,Atletico Madrid,Marcos Llorente,4,2024,143,2518,D M S,33,2515,2,0.6808289606124163,2,0.6808289606124163,4,3.794648887589574,16,28,0,1,14.097333351150155,11.85494233854115,Marcos Llorente,791424000.0,184.0,71.0,Right,Spain,D,['DR'],23000000.0,1814313600.0,9464.0
75,ESP-La Liga,2425,Atletico Madrid,Nahuel Molina,4,2024,143,8963,D S,30,1565,0,0.9986370727419853,0,0.9986370727419853,3,1.9341567233204842,9,13,1,0,9.530625693500042,7.783950371667743,Nahuel Molina,891820800.0,175.0,69.0,Right,Argentina,D,"['DR', 'MR']",14600000.0,1814313600.0,13454.0
76,ESP-La Liga,2425,Atletico Madrid,Pablo Barrios Rivas,4,2024,143,10494,M S,31,2347,1,1.3707369193434715,1,1.3707369193434715,4,2.9307284597307444,29,26,4,1,17.51480458304286,14.883386809378862,,,,,,,,,,,
77,ESP-La Liga,2425,Atletico Madrid,Reinildo,4,2024,143,7432,D S,19,916,0,0.05156291276216507,0,0.05156291276216507,0,0.18367374688386917,1,2,4,0,3.498327238485217,3.402019379660487,Reinildo Mandava,759110400.0,180.0,74.0,Left,Mozambique,D,"['DL', 'DC']",5200000.0,1814313600.0,12257.0
78,ESP-La Liga,2425,Atletico Madrid,Robin Le Normand,4,2024,143,7276,D S,27,2140,1,1.3955917339771986,1,1.3955917339771986,0,0.6797869801521301,10,3,8,0,7.784352958202362,7.242462515830994,Robin Le Normand,847670400.0,187.0,,Right,Spain,D,['DC'],29000000.0,1877472000.0,6615.0
79,ESP-La Liga,2425,Atletico Madrid,Rodrigo Riquelme,4,2024,143,8002,D M S,16,493,0,1.4374090656638145,0,1.4374090656638145,1,1.0267814565449953,14,15,0,0,3.355600330978632,1.17163953371346,Rodrigo Riquelme,954633600.0,174.0,,Right,Spain,M,['LW'],8600000.0,1909008000.0,4739.0
80,ESP-La Liga,2425,Atletico Madrid,Rodrigo de Paul,4,2024,143,1145,M S,34,2137,3,1.467378824017942,3,1.467378824017942,5,5.930679908953607,19,42,7,0,17.426378836855292,13.48079302161932,Rodrigo de Paul,769737600.0,180.0,67.0,Right,Argentina,M,['MC'],15500000.0,1893369600.0,53724.0
81,ESP-La Liga,2425,Atletico Madrid,Samuel Lino,4,2024,143,10943,D F M S,31,1580,3,6.083708981052041,3,6.083708981052041,4,3.475868873298168,45,22,3,0,14.264972588047385,6.56436438113451,Samuel Lino,945907200.0,178.0,,Right,Brazil,M,"['ML', 'LW']",21000000.0,1893369600.0,22812.0
82,ESP-La Liga,2425,Atletico Madrid,Thomas Lemar,4,2024,143,3425,S,5,67,0,0.40722107887268066,0,0.40722107887268066,0,0.22326013073325157,2,2,0,0,0.6370882447808981,0.26589820347726345,Thomas Lemar,816134400.0,170.0,58.0,Left,France,M,"['MC', 'AM', 'ML']",2100000.0,1782777600.0,5851.0
83,ESP-La Liga,2425,Atletico Madrid,Ángel Correa,4,2024,143,2275,F S,31,721,4,5.39614194072783,4,5.39614194072783,1,2.083751233294606,34,14,3,1,10.365330005064607,3.893400449305773,Ángel Correa,794707200.0,171.0,67.0,Right,Argentina,F,"['ST', 'AM']",9900000.0,1909008000.0,16808.0
84,ESP-La Liga,2425,Barcelona,Andreas Christensen,4,2024,148,200,D S,5,239,0,0.0332164540886879,0,0.0332164540886879,0,0.040220171213150024,1,1,3,0,1.4766459465026855,1.4766459465026855,Andreas Christensen,829094400.0,188.0,78.0,Right,Denmark,D,['DC'],9600000.0,1782777600.0,63289.0
85,ESP-La Liga,2425,Barcelona,Anssumane Fati,4,2024,148,7967,M S,6,228,0,1.1018417924642563,0,1.1018417924642563,0,0.1238601952791214,12,4,1,0,1.8863119632005692,0.8099945038557053,,,,,,,,,,,
86,ESP-La Liga,2425,Barcelona,Dani Olmo,4,2024,148,8292,M S,25,1221,10,6.638132888823748,8,5.151577670127153,4,3.851693106815219,42,27,1,0,17.126844070851803,9.938899960368872,Dani Olmo,894499200.0,179.0,70.0,Right,Spain,M,"['AM', 'MC']",58000000.0,1909008000.0,187740.0
87,ESP-La Liga,2425,Barcelona,Daniel Rodríguez,4,2024,148,11634,M,1,37,0,0.04132027551531792,0,0.04132027551531792,0,0.0,2,0,0,0,0.3060602843761444,0.2647400200366974,Alvaro Daniel Rodriguez Munoz,,,,,,M,[],,,28.0
88,ESP-La Liga,2425,Barcelona,Eric Garcia,4,2024,148,8045,D M S,29,1532,2,2.354891483671963,2,2.354891483671963,3,1.012534737586975,14,7,4,0,12.874616280198097,12.290382117033005,Eric García,978998400.0,182.0,79.0,Right,Spain,D,"['DC', 'DR']",29000000.0,1940544000.0,58637.0
89,ESP-La Liga,2425,Barcelona,Fermín López,4,2024,148,11822,M S,28,1224,6,4.756551628932357,6,4.756551628932357,5,4.712301393970847,41,29,4,1,15.650715451687574,7.853520656004548,Fermín López,1052611200.0,176.0,,Right,Spain,M,"['AM', 'MC']",72000000.0,1940544000.0,180912.0
90,ESP-La Liga,2425,Barcelona,Ferrán Torres,4,2024,148,6441,F M S,27,1093,10,9.682402739301324,10,9.682402739301324,6,3.556156000122428,48,19,1,1,14.058789663016796,2.258015837520361,Ferran Torres,951782400.0,185.0,77.0,Right,Spain,F,"['ST', 'LW', 'RW']",54000000.0,1814313600.0,144014.0
91,ESP-La Liga,2425,Barcelona,Frenkie de Jong,4,2024,148,7781,M S,26,1105,2,1.0243200585246086,2,1.0243200585246086,2,2.302895499393344,5,21,3,0,11.636852502822876,8.715320311486721,Frenkie de Jong,863395200.0,180.0,70.0,Right,Netherlands,M,"['MC', 'DM']",42000000.0,1877472000.0,202871.0
92,ESP-La Liga,2425,Barcelona,Gavi,4,2024,148,9804,F M S,26,1079,1,1.0601166114211082,1,1.0601166114211082,1,1.6527631673961878,11,14,4,0,7.769327191635966,5.841560788452625,Pablo Gavi,1091664000.0,173.0,,Right,Spain,M,['MC'],41000000.0,1909008000.0,270785.0
93,ESP-La Liga,2425,Barcelona,Gerard Martín,4,2024,148,12821,D S,28,1018,1,0.6436223732307553,1,0.6436223732307553,3,1.2958451379090548,7,12,2,0,7.371043564751744,6.111580042168498,Gerard Martín,1014681600.0,186.0,,Left,Spain,D,"['DL', 'DC']",18200000.0,1845936000.0,45775.0
94,ESP-La Liga,2425,Barcelona,Hector Fort,4,2024,148,12171,D S,17,552,0,0.2694935295730829,0,0.2694935295730829,0,1.3017480783164501,6,9,2,0,4.381688091903925,3.519320610910654,Hector Fort,1154476800.0,185.0,77.0,Right,Spain,D,['DR'],11600000.0,1782777600.0,44752.0
95,ESP-La Liga,2425,Barcelona,Iñaki Peña,4,2024,148,7287,GK S,16,1393,0,0.0,0,0.0,0,0.0,0,0,1,0,3.9061195850372314,3.9061195850372314,Iñaki Peña,920332800.0,185.0,,Right,Spain,G,['GK'],7300000.0,1782777600.0,44622.0
96,ESP-La Liga,2425,Barcelona,Iñigo Martínez,4,2024,148,2484,D,28,2505,0,0.5136058144271374,0,0.5136058144271374,4,2.2479534801095724,13,16,5,0,20.049223262816668,19.11283127591014,Iñigo Martínez,674438400.0,181.0,77.0,Left,Spain,D,['DC'],4600000.0,1782777600.0,64851.0
97,ESP-La Liga,2425,Barcelona,Jules Koundé,4,2024,148,6433,D S,32,2606,2,2.743822293356061,2,2.743822293356061,3,4.134010413661599,18,32,4,0,24.09632397815585,20.274256374686956,Jules Koundé,910828800.0,180.0,70.0,Right,France,D,['DR'],69000000.0,1909008000.0,149309.0
98,ESP-La Liga,2425,Barcelona,Lamine Yamal,4,2024,148,11527,F M S,35,2879,9,11.593033526092768,9,11.593033526092768,13,14.466477727517486,144,64,3,0,38.307874619960785,18.00324920192361,Lamine Yamal,1184284800.0,180.0,,Left,Spain,M,['RW'],215000000.0,1940544000.0,1783049.0
99,ESP-La Liga,2425,Barcelona,Marc Bernal,4,2024,148,12820,M,3,256,0,0.05606347694993019,0,0.05606347694993019,0,0.0110369473695755,2,1,2,0,1.5139116048812866,1.4468111991882324,Marc Bernal,1180137600.0,191.0,,Left,Spain,M,['MC'],9700000.0,1877472000.0,74733.0
100,ESP-La Liga,2425,Barcelona,Marc Casadó,4,2024,148,11151,M S,23,1640,1,0.9119365168735385,1,0.9119365168735385,3,1.634875988587737,14,9,2,1,14.537989675998688,13.50816598907113,Marc Casadó,1063497600.0,172.0,,Right,Spain,M,"['MC', 'DM']",24000000.0,1845936000.0,64584.0
101,ESP-La Liga,2425,Barcelona,Marc-André ter Stegen,4,2024,148,2090,GK,8,677,0,0.0,0,0.0,0,0.0,0,0,0,0,3.72348815202713,3.72348815202713,Marc-André Ter Stegen,704592000.0,187.0,85.0,Right,Germany,G,['GK'],7300000.0,1782777600.0,117841.0
102,ESP-La Liga,2425,Barcelona,Pablo Torre,4,2024,148,11025,M S,10,302,3,0.29547323286533356,3,0.29547323286533356,1,0.9360514245927334,6,8,0,0,3.322905655950308,2.8765976540744305,Pablo Torre,1049328000.0,173.0,,Right,Spain,M,"['AM', 'MC']",4900000.0,1877472000.0,36490.0
103,ESP-La Liga,2425,Barcelona,Pau Cubarsí,4,2024,148,12005,D S,35,2631,0,0.9356927424669266,0,0.9356927424669266,3,1.5360766984522343,8,9,3,0,17.255911896005273,17.147910771891475,Pau Cubarsí,1169424000.0,184.0,76.0,Right,Spain,D,['DC'],75000000.0,1877472000.0,155566.0
104,ESP-La Liga,2425,Barcelona,Pau Victor,4,2024,148,10953,F S,21,273,2,2.9672163296490908,2,2.9672163296490908,1,0.8769846558570862,14,8,2,0,4.459078095853329,0.7532445453107357,Pau Víctor,1006819200.0,182.0,,Right,Spain,F,['ST'],9600000.0,1909008000.0,37707.0
105,ESP-La Liga,2425,Barcelona,Pedri,4,2024,148,8935,M S,37,2941,4,2.5104309488087893,4,2.5104309488087893,5,7.80679078027606,24,70,3,0,31.42633649148047,23.62103444710374,Pedri,1038182400.0,174.0,60.0,Right,Spain,M,"['MC', 'DM']",153000000.0,1909008000.0,682385.0
106,ESP-La Liga,2425,Barcelona,Raphinha,4,2024,148,8026,F M S,36,2862,18,19.265995418652892,16,17.779440259560943,10,13.527044044807553,114,91,4,0,39.28257852047682,13.650435471907258,Raphinha,850521600.0,176.0,68.0,Left,Brazil,M,['LW'],72000000.0,1845936000.0,918043.0
107,ESP-La Liga,2425,Barcelona,Robert Lewandowski,4,2024,148,227,F S,34,2716,27,29.414338618516922,24,26.441228091716766,2,2.4752993676811457,115,18,1,0,29.242779716849327,6.6593545116484165,Robert Lewandowski,588124800.0,186.0,79.0,Right,Poland,F,['ST'],8400000.0,1782777600.0,583333.0
108,ESP-La Liga,2425,Barcelona,Ronald Araújo,4,2024,148,8091,D S,12,771,1,1.166387401521206,1,1.166387401521206,1,0.4866340160369873,4,4,2,0,4.386615861207247,3.8932461254298687,Ronald Araújo,920764800.0,191.0,79.0,Right,Uruguay,D,['DC'],27000000.0,1940544000.0,134726.0
109,ESP-La Liga,2425,Barcelona,Sergi Domínguez,4,2024,148,12823,D S,3,177,0,0.0,0,0.0,0,0.0,0,0,1,0,2.0779144912958145,2.0779144912958145,Sergi Domínguez,1112313600.0,191.0,,Right,Spain,D,['DC'],2400000.0,1877472000.0,5955.0
110,ESP-La Liga,2425,Barcelona,Wojciech Szczesny,4,2024,148,1244,GK,15,1350,0,0.0,0,0.0,0,0.0,0,0,1,0,5.236224640160799,5.236224640160799,Wojciech Szczęsny,640396800.0,196.0,84.0,Right,Poland,G,['GK'],820000.0,1814313600.0,94565.0
111,ESP-La Liga,2425,Barcelona,Álex Balde,4,2024,148,9805,D S,32,2303,0,0.5467977644875646,0,0.5467977644875646,4,3.6562538016587496,12,26,2,0,19.236092265695333,17.1140445061028,Alejandro Balde,1066435200.0,175.0,,Left,Spain,D,['DL'],66000000.0,1845936000.0,131436.0
112,ESP-La Liga,2425,Celta Vigo,Alfon,4,2024,152,9241,F M S,26,1382,5,4.900045620277524,5,4.900045620277524,2,3.2016264870762825,45,24,1,1,10.40202185884118,3.8511029835790396,Alfon González,925776000.0,172.0,60.0,Right,Spain,F,"['LW', 'AM']",4400000.0,1782777600.0,621.0
113,ESP-La Liga,2425,Celta Vigo,Borja Iglesias,4,2024,152,2543,F S,37,1968,11,11.553197539411485,11,11.553197539411485,3,3.1776098990812898,46,18,2,0,16.69970811251551,3.1693250574171543,Borja Iglesias,727228800.0,187.0,80.0,Right,Spain,F,['ST'],3100000.0,1814313600.0,4375.0
114,ESP-La Liga,2425,Celta Vigo,Carl Starfelt,4,2024,152,7655,D S,28,2273,1,0.49532318860292435,1,0.49532318860292435,0,0.1819723965600133,5,6,5,0,10.488602657802403,10.47849022783339,Carl Starfelt,801964800.0,185.0,80.0,Right,Sweden,D,['DC'],4500000.0,1814313600.0,765.0
115,ESP-La Liga,2425,Celta Vigo,Carlos Domínguez,4,2024,152,9519,D S,19,1178,0,0.18909722194075584,0,0.18909722194075584,0,0.05745355226099491,3,2,1,0,2.626098157837987,2.5686446595937014,Carlos Domínguez,981849600.0,187.0,,Left,Spain,D,"['DC', 'DL']",2900000.0,1845936000.0,223.0
116,ESP-La Liga,2425,Celta Vigo,Damián Rodríguez,4,2024,152,10614,M S,17,934,0,0.12720003724098206,0,0.12720003724098206,0,0.7659732662141323,4,17,3,0,6.718720376491547,6.550715155899525,Damián Rodríguez,1047859200.0,180.0,,Left,Spain,M,"['MC', 'DM']",1900000.0,1782777600.0,272.0
117,ESP-La Liga,2425,Celta Vigo,Fernando López,4,2024,152,13200,F M S,17,654,2,2.6400635838508606,2,2.6400635838508606,0,2.177378611639142,20,14,2,0,6.863014008849859,2.4329893924295902,Fernando López,1008115200.0,,,,Dominican Republic,G,['GK'],,,3.0
118,ESP-La Liga,2425,Celta Vigo,Fran Beltrán,4,2024,152,6931,M S,34,2443,2,0.895150656811893,2,0.895150656811893,1,2.1079451413825154,23,15,3,0,12.19867887813598,10.053263377398252,Fran Beltrán,918000000.0,170.0,66.0,Right,Spain,M,"['MC', 'DM']",5200000.0,1909008000.0,867.0
119,ESP-La Liga,2425,Celta Vigo,Franco Cervi,4,2024,152,9794,D F M S,7,266,0,0.0,0,0.0,0,0.5923479571938515,0,5,1,0,0.22434843331575394,0.010121792554855347,Franco Cervi,769910400.0,165.0,62.0,Left,Argentina,M,"['MC', 'ML']",680000.0,1782777600.0,1015.0
120,ESP-La Liga,2425,Celta Vigo,Hugo Sotelo,4,2024,152,9520,M S,24,1268,0,0.20502099208533764,0,0.20502099208533764,0,1.4551474852487445,4,18,5,0,6.345577529631555,6.105225531384349,Hugo Sotelo,1071792000.0,180.0,,Right,Spain,M,"['MC', 'DM']",8600000.0,1845936000.0,624.0
121,ESP-La Liga,2425,Celta Vigo,Hugo Álvarez,4,2024,152,10078,D M S,26,1572,4,2.689221888780594,4,2.689221888780594,3,1.5981045421212912,25,18,6,0,10.966527298092842,7.376502707600594,Hugo Álvarez,1057104000.0,176.0,,Right,Spain,M,['ML'],7800000.0,1845936000.0,710.0
122,ESP-La Liga,2425,Celta Vigo,Iago Aspas,4,2024,152,2290,F M S,30,1751,10,8.271357234567404,5,3.8116914834827185,5,4.823453789576888,52,38,4,1,11.48705436103046,5.211289323866367,Iago Aspas,554774400.0,176.0,67.0,Left,Spain,F,"['ST', 'RW']",1700000.0,1782777600.0,5165.0
123,ESP-La Liga,2425,Celta Vigo,Iker Losada,4,2024,152,7825,F M S,22,670,1,1.7151087075471878,1,1.7151087075471878,0,0.9550862051546574,8,11,2,0,3.8666298240423203,1.4541495088487864,Iker Losada,996624000.0,175.0,,Right,Spain,M,['AM'],1500000.0,1782777600.0,419.0
124,ESP-La Liga,2425,Celta Vigo,Ilaix Moriba,4,2024,152,9243,M S,33,2115,1,2.144344466738403,1,2.144344466738403,1,2.3155504409223795,34,20,7,1,10.528111347928643,7.22747259400785,Ilaix Moriba,1042934400.0,183.0,,Right,Guinea,M,"['MC', 'DM']",9200000.0,1877472000.0,6484.0
125,ESP-La Liga,2425,Celta Vigo,Iván Villar,4,2024,152,5033,GK,4,360,0,0.0,0,0.0,0,0.0,0,0,0,0,1.140831671655178,1.140831671655178,Iván Villar,868406400.0,183.0,76.0,Right,Spain,G,['GK'],960000.0,1814313600.0,236.0
126,ESP-La Liga,2425,Celta Vigo,Javier Manquillo,4,2024,152,1719,D S,10,533,0,0.0,0,0.0,0,0.0,0,0,1,0,2.8671045508235693,2.8671045508235693,Javier Manquillo,768096000.0,180.0,62.0,Right,Spain,D,"['DR', 'DL']",,,203.0
127,ESP-La Liga,2425,Celta Vigo,Javier Rodríguez,4,2024,152,12180,D S,36,2490,3,2.7139997631311417,3,2.7139997631311417,2,1.1402707807719707,12,13,7,0,10.54056406300515,8.373259163461626,Javier Rodriguez Moreno,1027296000.0,200.0,107.0,,Spain,P,[],,,169.0
128,ESP-La Liga,2425,Celta Vigo,Jaílson,4,2024,152,12300,D S,13,600,0,0.1419549621641636,0,0.1419549621641636,0,0.009372063912451267,4,1,2,0,3.9245296269655228,3.9078484922647476,Jailson,810432000.0,187.0,74.0,Right,Brazil,D,"['MC', 'DC', 'DM']",775000.0,,378.0
129,ESP-La Liga,2425,Celta Vigo,Jonathan Bamba,4,2024,152,3749,D F M S,12,823,0,0.6564540937542915,0,0.6564540937542915,1,1.8708321638405323,13,12,1,0,5.798606216907501,3.7871492132544518,Jonathan Bamba,827798400.0,175.0,72.0,Right,Côte d'Ivoire,F,['LW'],3800000.0,1830211200.0,1918.0
130,ESP-La Liga,2425,Celta Vigo,Joseph Aidoo,4,2024,152,7826,D S,9,589,0,0.035329654812812805,0,0.035329654812812805,0,0.0,1,0,0,0,1.807937577366829,1.807937577366829,Joseph Aidoo,812332800.0,184.0,80.0,Right,Ghana,D,['DC'],930000.0,1782777600.0,877.0
131,ESP-La Liga,2425,Celta Vigo,Luca De La Torre,4,2024,152,7600,S,1,1,0,0.0,0,0.0,0,0.0,0,0,0,0,0.0,0.0,Luca De La Torre,895881600.0,178.0,63.0,Right,USA,M,['MC'],3100000.0,1877472000.0,557.0
132,ESP-La Liga,2425,Celta Vigo,Marcos Alonso,4,2024,152,1621,D S,31,2660,3,4.144722926430404,0,1.9148900685831904,0,1.8526116041466594,34,21,9,2,12.612315428443253,11.554018655791879,Marcos Alonso,662342400.0,188.0,84.0,Left,Spain,D,"['DC', 'DL']",1500000.0,1782777600.0,7491.0
133,ESP-La Liga,2425,Celta Vigo,Mihailo Ristic,4,2024,152,5947,D S,10,436,0,0.04392877593636513,0,0.04392877593636513,1,0.14313375018537045,2,4,1,0,1.2196296527981758,1.0449446067214012,Mihailo Ristić,815097600.0,180.0,73.0,Left,Serbia,D,"['DL', 'ML']",775000.0,1782777600.0,599.0
134,ESP-La Liga,2425,Celta Vigo,Pablo Durán,4,2024,152,11154,F M S,27,1393,4,3.0955340694636106,4,3.0955340694636106,4,3.1764622405171394,26,18,3,0,6.573258327320218,1.7288688998669386,Pablo Durán,990748800.0,176.0,,Right,Spain,F,['ST'],4099999.0,1814313600.0,739.0
135,ESP-La Liga,2425,Celta Vigo,Sergio Carreira,4,2024,152,8122,D M S,23,1658,0,0.954497255384922,0,0.954497255384922,4,2.7105087004601955,13,15,1,0,7.994517771527171,4.897111616097391,Sergio Carreira,971395200.0,170.0,,Right,Spain,M,"['MR', 'DR', 'ML']",5700000.0,1877472000.0,488.0
136,ESP-La Liga,2425,Celta Vigo,Tadeo Allende,4,2024,152,12423,S,1,1,0,0.0,0,0.0,0,0.0,0,0,0,0,0.0,0.0,Tadeo Allende,919468800.0,185.0,,Right,Argentina,M,"['RW', 'MR']",4900000.0,1909008000.0,6907.0
137,ESP-La Liga,2425,Celta Vigo,Tasos Douvikas,4,2024,152,12030,F S,20,690,3,5.104495842941105,3,5.104495842941105,1,0.22988490760326385,17,3,2,0,6.26315959263593,0.9287788905203342,,,,,,,,,,,
138,ESP-La Liga,2425,Celta Vigo,Vicente Guaita,4,2024,152,2190,GK,34,3060,0,0.0,0,0.0,0,0.0,0,0,0,0,3.646109187975526,3.646109187975526,Vicente Guaita,537235200.0,190.0,81.0,Right,Spain,G,['GK'],430000.0,,483.0
139,ESP-La Liga,2425,Celta Vigo,Williot Swedberg,4,2024,152,10870,F M S,32,1329,4,5.415778731927276,4,5.415778731927276,5,2.35014989040792,32,16,1,0,9.57019367441535,3.778790196403861,Williot Swedberg,1075593600.0,185.0,,Right,Sweden,M,"['LW', 'MC']",9300000.0,1877472000.0,4367.0
140,ESP-La Liga,2425,Celta Vigo,Yoel Lago,4,2024,152,12642,D S,8,589,0,0.0,0,0.0,1,0.03326943516731262,0,1,2,0,1.5158949885517359,1.4826255533844233,Yoel Lago,1080172800.0,185.0,,Right,Spain,D,['DC'],2300000.0,1877472000.0,200.0
141,ESP-La Liga,2425,Celta Vigo,Óscar Mingueza,4,2024,152,9011,D M S,34,2761,4,2.1649911515414715,4,2.1649911515414715,6,5.681514337658882,33,33,6,0,19.6336851362139,15.253742268308997,Óscar Mingueza,926553600.0,184.0,,Right,Spain,M,"['MR', 'DR', 'ML']",18700000.0,1782777600.0,3790.0
142,ESP-La Liga,2425,Espanyol,Alejo Véliz,4,2024,141,12105,F S,27,1115,1,2.3388653844594955,1,2.3388653844594955,0,0.06921707699075341,19,2,3,0,4.326464080251753,2.6153524788096547,Alejo Véliz,1063929600.0,187.0,77.0,Right,Argentina,F,['ST'],3600000.0,1782777600.0,3237.0
143,ESP-La Liga,2425,Espanyol,Alex Kral,4,2024,141,8017,F M S,37,2699,0,1.9735915949568152,0,1.9735915949568152,1,2.1177187860012054,21,13,1,0,5.209526886232197,2.9570606537163258,Alex Král,895536000.0,185.0,72.0,Right,Czechia,M,"['MC', 'DM']",3600000.0,1782777600.0,616.0
144,ESP-La Liga,2425,Espanyol,Antoniu Roca,4,2024,141,12901,M S,26,1023,0,1.0565010253340006,0,1.0565010253340006,1,1.204389225691557,10,7,3,0,3.3538273815065622,1.111596254631877,Antoniu Roca,1031184000.0,180.0,,Right,Spain,M,['MR'],1600000.0,1845936000.0,176.0
145,ESP-La Liga,2425,Espanyol,Brian Oliván,4,2024,141,9754,D S,17,1020,0,0.4136427231132984,0,0.4136427231132984,1,0.9392329398542643,6,15,2,0,1.7435092814266682,1.511062864214182,Brian Oliván,765158400.0,179.0,73.0,Left,Spain,D,['DL'],1100000.0,1782777600.0,139.0
146,ESP-La Liga,2425,Espanyol,Carlos Romero,4,2024,141,11402,D M S,34,2566,2,2.4829133171588182,2,2.4829133171588182,1,2.1038236087188125,29,29,7,0,7.027236828580499,4.245646607130766,Carlos Romero,1004313600.0,174.0,,Left,Spain,D,['DL'],14600000.0,1782777600.0,1121.0
147,ESP-La Liga,2425,Espanyol,Edu Expósito,4,2024,141,5081,F M S,19,1044,0,1.1886334270238876,0,1.1886334270238876,2,3.6731601301580667,18,28,3,0,4.60960179567337,2.6343457866460085,Edu Expósito,838857600.0,175.0,,Right,Spain,M,"['MC', 'AM', 'DM']",3600000.0,1814313600.0,976.0
148,ESP-La Liga,2425,Espanyol,Fernando Calero,4,2024,141,6916,D S,21,675,1,0.5672088414430618,1,0.5672088414430618,0,0.052928321063518524,2,3,1,0,2.448731379583478,2.4190296418964863,Fernando Calero,811036800.0,183.0,,Right,Spain,D,['DC'],2100000.0,1782777600.0,298.0
149,ESP-La Liga,2425,Espanyol,Irvin Cardona,4,2024,141,5724,F M S,16,577,1,0.8832428082823753,1,0.8832428082823753,1,0.8650395907461643,10,9,1,0,1.4540209751576185,0.3410695493221283,Irvin Cardona,870998400.0,185.0,,Right,Malta,F,"['RW', 'ST']",2600000.0,1845936000.0,558.0
150,ESP-La Liga,2425,Espanyol,Javi Puado,4,2024,141,6933,F M,35,3023,12,11.94582846853882,7,8.229440444149077,4,2.969266129657626,71,22,8,0,13.288859393447638,3.4392381412908435,Javi Puado,896054400.0,178.0,69.0,Right,Spain,M,"['ST', 'LW']",9300000.0,1909008000.0,1312.0
151,ESP-La Liga,2425,Espanyol,Joan García,4,2024,141,9773,GK,38,3420,0,0.07224001735448837,0,0.07224001735448837,0,0.0,1,0,2,0,2.229509213939309,2.229509213939309,Joan García,988934400.0,193.0,,Right,Spain,G,['GK'],31000000.0,1940544000.0,115685.0
152,ESP-La Liga,2425,Espanyol,Jofre Carreras,4,2024,141,10209,D M S,37,2217,3,3.1961388355121017,3,3.1961388355121017,3,2.4950880901888013,40,24,4,0,6.170422764495015,1.3898820504546165,Jofre Carreras,992736000.0,175.0,,Right,Spain,M,"['MR', 'RW']",2800000.0,1877472000.0,337.0
153,ESP-La Liga,2425,Espanyol,José Gragera,4,2024,141,11358,M S,10,580,0,0.04029896482825279,0,0.04029896482825279,0,0.020461222156882286,2,1,0,0,1.2626147661358118,1.222232036292553,José Gragera,958262400.0,186.0,,Right,Spain,M,"['MC', 'DM']",1600000.0,1782777600.0,134.0
154,ESP-La Liga,2425,Espanyol,Justin Smith,4,2024,141,9744,M S,5,209,0,0.0,0,0.0,0,0.028021205216646194,0,1,0,0,0.09285422042012215,0.06483301520347595,Justin Smith,1044316800.0,188.0,,Right,Canada,M,['MC'],525000.0,1782777600.0,104.0
155,ESP-La Liga,2425,Espanyol,Leandro Cabrera,4,2024,141,6168,D S,33,2878,4,1.607494529336691,4,1.607494529336691,2,0.9267808236181736,19,9,4,1,5.69407269731164,4.8978375270962715,Leandro Cabrera,677116800.0,190.0,82.0,Left,Uruguay,D,['DC'],1000000.0,1782777600.0,834.0
156,ESP-La Liga,2425,Espanyol,Marash Kumbulla,4,2024,141,6324,D S,35,2981,3,2.694772657006979,3,2.694772657006979,0,0.28680863976478577,16,1,9,0,3.5295769898220897,3.1232991935685277,Marash Kumbulla,949968000.0,191.0,78.0,Right,Albania,D,['DC'],4600000.0,1782777600.0,1567.0
157,ESP-La Liga,2425,Espanyol,Naci Ünüvar,4,2024,141,13029,S,2,13,0,0.020940804854035378,0,0.020940804854035378,0,0.024446073919534683,1,1,0,0,0.06530837714672089,0.019921498373150826,Naci Ünüvar,1055462400.0,168.0,,Right,Türkiye,M,['LW'],1400000.0,1782777600.0,1140.0
158,ESP-La Liga,2425,Espanyol,Omar El Hilali,4,2024,141,10875,D,36,3173,0,0.03116757422685623,0,0.03116757422685623,2,1.2102727070450783,2,8,11,0,5.609047906473279,4.489122552797198,Omar El Hilali,1063324800.0,183.0,,Right,Morocco,D,['DR'],15900000.0,1814313600.0,6695.0
159,ESP-La Liga,2425,Espanyol,Pere Milla,4,2024,141,4175,M S,20,402,3,1.566716724075377,3,1.566716724075377,0,0.3911232464015484,11,5,3,0,1.763829761184752,0.11537909833714366,Pere Milla,717206400.0,179.0,70.0,Left,Spain,M,['ST'],1200000.0,1814313600.0,850.0
160,ESP-La Liga,2425,Espanyol,Pol Lozano,4,2024,141,7916,M S,30,2015,0,0.1622262680903077,0,0.1622262680903077,1,1.0035563968122005,8,18,11,0,4.491670474410057,3.8312356136739254,Pol Lozano,939168000.0,176.0,,Right,Spain,M,"['MC', 'DM']",5800000.0,1814313600.0,555.0
161,ESP-La Liga,2425,Espanyol,Rafael Bauza,4,2024,141,12903,M S,5,183,0,0.08384795021265745,0,0.08384795021265745,0,0.0,3,0,1,0,0.18275426607578993,0.09890631772577763,Rafael Bauzà,1107043200.0,183.0,,Right,Spain,M,['MC'],765000.0,1782777600.0,75.0
162,ESP-La Liga,2425,Espanyol,Roberto Fernández,4,2024,141,13350,F S,19,1537,6,3.2452549929730594,6,3.2452549929730594,0,0.8934735935181379,21,8,1,0,5.28150574862957,1.4016210669651628,Roberto Fernández,1025654400.0,186.0,,Right,Spain,F,['ST'],,,2022.0
163,ESP-La Liga,2425,Espanyol,Roger Hinojo,4,2024,141,13533,S,1,5,0,0.0,0,0.0,0,0.0,0,0,0,0,0.0,0.0,Roger Hinojo,1108944000.0,,,Left,Spain,D,['DL'],720000.0,1782777600.0,58.0
164,ESP-La Liga,2425,Espanyol,Sergi Gómez,4,2024,141,2282,D S,12,648,0,0.16817959025502205,0,0.16817959025502205,0,0.0,2,0,1,0,0.6573397871106863,0.5504737179726362,Sergio Gómez,968025600.0,171.0,68.0,Left,Spain,M,"['DL', 'LW']",14600000.0,1909008000.0,4379.0
165,ESP-La Liga,2425,Espanyol,Tejero,4,2024,141,2519,D F M S,28,1227,1,0.6695728795602918,1,0.6695728795602918,4,3.328968109562993,17,32,2,0,4.459912845864892,2.6499889083206654,Álvaro Tejero,837820800.0,173.0,65.0,Both,Spain,D,['DR'],1900000.0,1814313600.0,302.0
166,ESP-La Liga,2425,Espanyol,Urko Gonzalez,4,2024,141,8861,M S,18,1441,0,0.6779213137924671,0,0.6779213137924671,2,0.8731456827372313,4,10,2,0,3.598057383671403,2.2631248515099287,Urko González,985046400.0,189.0,,Right,Spain,M,"['MC', 'DC', 'DM']",4900000.0,1909008000.0,465.0
167,ESP-La Liga,2425,Espanyol,Walid Cheddira,4,2024,141,11989,F S,22,587,1,1.417538370937109,1,1.417538370937109,1,1.0388413574546576,13,6,3,0,1.9774260986596346,0.04055817425251007,Walid Cheddira,885427200.0,187.0,,Right,Morocco,F,['ST'],2100000.0,1782777600.0,3781.0
168,ESP-La Liga,2425,Espanyol,Álvaro Aguado,4,2024,141,10884,M S,16,421,0,0.4823393300175667,0,0.4823393300175667,1,0.7499874103814363,10,4,3,0,1.5331731978803873,0.7499846667051315,Álvaro Aguado,830908800.0,174.0,66.0,Right,Spain,M,['MC'],1600000.0,,146.0
169,ESP-La Liga,2425,Getafe,Abdoulaye Keita,4,2024,142,13105,M S,3,92,0,0.0552290640771389,0,0.0552290640771389,0,0.0,2,0,0,0,0.09835880249738693,0.04312973842024803,Abdoulaye Keita,1030838400.0,186.0,,,Spain,M,['MR'],205000.0,1782777600.0,43.0
170,ESP-La Liga,2425,Getafe,Alberto Risco,4,2024,142,12566,S,5,46,0,0.12849104404449463,0,0.12849104404449463,0,0.15256121195852757,4,4,0,0,0.21112082712352276,0.029341205954551697,Alberto Risco,1125360000.0,,,,Spain,M,[],190000.0,1782777600.0,56.0
171,ESP-La Liga,2425,Getafe,Alex Sola,4,2024,142,7424,M S,19,1077,0,1.0217911591753364,0,1.0217911591753364,1,1.1393643002957106,14,9,4,0,2.3317914977669716,0.6401858534663916,Álex Sola,928886400.0,178.0,,Right,Spain,F,"['RW', 'DR']",2100000.0,1782777600.0,267.0
172,ESP-La Liga,2425,Getafe,Alvaro Rodríguez,4,2024,142,11186,F S,22,831,2,1.3045803681015968,2,1.3045803681015968,0,0.6382230799645185,25,5,6,0,2.529938815161586,0.89933867380023,Álvaro Rodriguez,1089763200.0,193.0,,Left,Uruguay,F,['ST'],3600000.0,1877472000.0,14483.0
173,ESP-La Liga,2425,Getafe,Bertug Yildirim,4,2024,142,12039,F S,22,1101,1,2.605826680548489,1,2.605826680548489,0,1.1420183782465756,19,9,7,0,3.125240233261138,0.12507348880171776,Bertuğ Yıldırım,1026432000.0,186.0,,Right,Türkiye,F,['ST'],2100000.0,1877472000.0,1599.0
174,ESP-La Liga,2425,Getafe,Borja Mayoral,4,2024,142,2252,F S,24,1064,5,4.096165407449007,4,3.352887751534581,1,1.3159064333885908,20,8,0,0,5.958818988874555,1.8407440036535263,Borja Mayoral,860198400.0,182.0,68.0,Right,Spain,F,['ST'],7800000.0,1814313600.0,2505.0
175,ESP-La Liga,2425,Getafe,Carles Pérez,4,2024,142,7609,M S,27,1438,3,3.4532571025192738,3,3.4532571025192738,0,1.2140490878373384,34,16,2,0,5.970107097178698,1.6416324898600578,Carles Pérez,887587200.0,172.0,,Left,Spain,M,"['RW', 'MR']",1700000.0,1782777600.0,1018.0
176,ESP-La Liga,2425,Getafe,Christantus Uche,4,2024,142,12726,F M S,33,2542,4,3.5409127213060856,4,3.5409127213060856,6,4.277017377316952,50,29,5,2,10.609380455687642,4.319228434935212,Christantus Uche,1053302400.0,190.0,84.0,Both,Nigeria,F,"['MC', 'ST']",16500000.0,1782777600.0,4334.0
177,ESP-La Liga,2425,Getafe,Coba da Costa,4,2024,142,13047,M S,19,1003,1,1.4314221981912851,1,1.4314221981912851,1,1.62605188973248,23,9,4,0,4.223033240064979,1.6803572215139866,Coba da Costa,1027641600.0,182.0,,Right,Guinea-Bissau,M,['ML'],2600000.0,1782777600.0,401.0
178,ESP-La Liga,2425,Getafe,David Argüelles,4,2024,142,13106,S,1,4,0,0.0,0,0.0,0,0.0,0,0,0,0,0.0,0.0,David Arguelles,1009843200.0,170.0,,Left,Spain,D,['DL'],160000.0,1782777600.0,12.0
179,ESP-La Liga,2425,Getafe,David Soria,4,2024,142,2415,GK,38,3420,0,0.0,0,0.0,0,0.0,0,0,2,0,1.185771830379963,1.185771830379963,David Soria,733881600.0,192.0,85.0,Right,Spain,G,['GK'],2900000.0,1782777600.0,892.0
180,ESP-La Liga,2425,Getafe,Diego Rico,4,2024,142,5065,D S,33,2822,0,0.33322237711399794,0,0.33322237711399794,3,3.2881504325196147,16,36,9,1,8.30121813248843,5.797270404174924,Diego Rico,730425600.0,181.0,76.0,Left,Spain,D,['DL'],1200000.0,1782777600.0,788.0
181,ESP-La Liga,2425,Getafe,Djené Dakonam,4,2024,142,6151,D M,31,2566,0,0.23097299691289663,0,0.23097299691289663,0,0.5771179310977459,6,9,12,1,2.182646923698485,1.6235282914713025,,,,,,,,,,,
182,ESP-La Liga,2425,Getafe,Domingos Duarte,4,2024,142,7860,D S,22,1865,1,0.4832622818648815,1,0.4832622818648815,0,0.042699456214904785,3,2,3,2,2.0275963619351387,1.984896905720234,Domingos Duarte,794793600.0,191.0,83.0,Right,Portugal,D,['DC'],870000.0,1782777600.0,706.0
183,ESP-La Liga,2425,Getafe,Gorka Rivera,4,2024,142,10991,S,1,15,0,0.0,0,0.0,0,0.0,0,0,0,0,0.0,0.0,Gorka Rivera,1091318400.0,175.0,,Left,Spain,D,[],105000.0,1877472000.0,15.0
184,ESP-La Liga,2425,Getafe,Ismael Bekhoucha,4,2024,142,13334,S,5,51,0,0.0,0,0.0,0,0.0,0,0,2,0,0.09944991022348404,0.09944991022348404,Ismael Bekhoucha,1100908800.0,176.0,,Right,Morocco,D,[],290000.0,1845936000.0,1032.0
185,ESP-La Liga,2425,Getafe,Jesús Santiago,4,2024,142,10561,M S,19,333,0,0.022750316187739372,0,0.022750316187739372,0,0.0,1,0,4,0,0.22634169831871986,0.2035913821309805,Jesús Santiago Garrido,1087344000.0,,,,Spain,M,[],,,1.0
186,ESP-La Liga,2425,Getafe,John Finn,4,2024,142,9170,S,4,36,0,0.11082341335713863,0,0.11082341335713863,0,0.0,2,0,1,0,0.12724318727850914,0.016419775784015656,Max Johnston,1131926400.0,185.0,,Left,Ireland,F,['ST'],,1795996800.0,9.0
187,ESP-La Liga,2425,Getafe,Juan Bernat,4,2024,142,414,D M S,24,892,0,0.6867508264258504,0,0.6867508264258504,2,1.0954946149140596,6,10,0,0,3.2359174489974976,1.6032230257987976,Juan Bernat,730944000.0,170.0,67.0,Left,Spain,D,"['DL', 'ML']",1600000.0,1782777600.0,1136.0
188,ESP-La Liga,2425,Getafe,Juan Berrocal,4,2024,142,7186,D S,19,1061,0,0.5594088397920132,0,0.5594088397920132,0,0.009886503219604492,4,1,6,1,1.2938134968280792,1.2938134968280792,Juan Berrocal,918172800.0,187.0,,Both,Spain,D,['DC'],1500000.0,1782777600.0,93.0
189,ESP-La Liga,2425,Getafe,Juan Iglesias,4,2024,142,9218,D M S,37,2888,0,1.4231894612312317,0,1.4231894612312317,1,2.0262022223323584,21,19,4,0,7.284523168578744,5.103721309453249,Juan Iglesias,899424000.0,185.0,,Right,Spain,D,['DR'],4800000.0,1782777600.0,580.0
190,ESP-La Liga,2425,Getafe,Juanmi,4,2024,142,897,F M S,24,914,0,3.68753713183105,0,3.68753713183105,0,0.8351753782480955,19,8,4,0,6.010710448026657,1.7331584673374891,Juanmi Latasa,985305600.0,191.0,,Left,Spain,F,['ST'],1900000.0,1877472000.0,1927.0
191,ESP-La Liga,2425,Getafe,Luis Milla,4,2024,142,8725,M S,33,2887,1,1.8550234846770763,0,1.1117458753287792,4,4.254146805033088,32,70,6,0,6.354824848473072,4.941841447725892,Luis Milla,781488000.0,175.0,,Right,Spain,M,"['MC', 'DM']",3200000.0,1814313600.0,1579.0
192,ESP-La Liga,2425,Getafe,Mauro Arambarri,4,2024,142,3264,F M S,35,2670,10,9.48172677308321,7,7.251893870532513,0,0.6496659852564335,56,18,10,0,9.033397678285837,3.0904699601233006,Mauro Arambarri,812419200.0,175.0,76.0,Right,Uruguay,M,"['MC', 'DM']",10300000.0,1845936000.0,1475.0
193,ESP-La Liga,2425,Getafe,Nabil Aberdin,4,2024,142,12154,M S,7,270,0,0.03285218682140112,0,0.03285218682140112,0,0.010965962894260883,2,1,1,0,0.09296880196779966,0.06011661421507597,Nabil Aberdin,1030060800.0,182.0,,Right,France,D,['DC'],560000.0,1782777600.0,253.0
194,ESP-La Liga,2425,Getafe,Nyom,4,2024,142,565,D M S,20,877,1,0.5395618956536055,1,0.5395618956536055,2,0.366000946611166,9,5,3,0,0.9899815265089273,0.39199149422347546,Allan Nyom,579225600.0,190.0,81.0,Right,Cameroon,D,"['DR', 'DC']",220000.0,1782777600.0,779.0
195,ESP-La Liga,2425,Getafe,Omar Alderete,4,2024,142,8986,D M,34,2999,1,2.1423439290374517,1,2.1423439290374517,0,0.9147684648633003,38,11,8,0,3.7829769225791097,2.743792448192835,Omar Alderete,851558400.0,187.0,77.0,Left,Paraguay,D,['DC'],12700000.0,1877472000.0,5378.0
196,ESP-La Liga,2425,Getafe,Peter,4,2024,142,10188,M S,17,433,0,1.1894913874566555,0,1.1894913874566555,0,0.12247736193239689,12,4,1,0,1.7002479191869497,0.6087738163769245,Péter Gulácsi,641952000.0,190.0,83.0,Right,Hungary,G,['GK'],1900000.0,1814313600.0,2324.0
197,ESP-La Liga,2425,Getafe,Ramón Terrats,4,2024,142,10947,F M S,26,1356,4,2.913407781161368,4,2.913407781161368,1,3.267416248098016,21,17,2,0,8.115381550043821,3.238492589443922,Ramón Terrats,971827200.0,179.0,,Left,Spain,M,"['MC', 'DM']",3200000.0,1782777600.0,546.0
198,ESP-La Liga,2425,Girona,Abel Ruiz,4,2024,223,7549,F S,23,1383,4,4.9005944691598415,3,3.41403915733099,0,0.43941837549209595,23,8,3,0,4.868652863427997,1.384280538186431,Abel Ruíz,949017600.0,182.0,,Right,Spain,F,['ST'],2800000.0,1877472000.0,1418.0
199,ESP-La Liga,2425,Girona,Alejandro Francés,4,2024,223,12723,D S,18,1188,0,0.160219831392169,0,0.160219831392169,0,0.33341701701283455,6,3,2,0,3.6179798804223537,3.4983481355011463,Alejandro Francés,1028160000.0,180.0,,Right,Spain,D,"['DC', 'DR']",2800000.0,1877472000.0,577.0
200,ESP-La Liga,2425,Girona,Arnau Martinez,4,2024,223,10949,D M S,32,2631,2,2.5853976234793663,2,2.5853976234793663,2,1.9221024503931403,19,18,3,0,10.227491691708565,8.097760723903775,Arnau Martínez,1051228800.0,181.0,,Right,Spain,D,['DR'],10800000.0,1814313600.0,1619.0
201,ESP-La Liga,2425,Girona,Arnaut Danjuma Groeneveld,4,2024,223,8066,F M S,28,1562,4,4.417052231729031,4,4.417052231729031,0,2.2786391004920006,36,24,3,0,6.5542207807302475,1.8586476054042578,,,,,,,,,,,
202,ESP-La Liga,2425,Girona,Arthur,4,2024,223,6942,M S,15,943,0,0.27020394057035446,0,0.27020394057035446,0,0.1782594732940197,6,5,2,0,1.3802417162805796,1.2591113429516554,Arthur,839808000.0,172.0,67.0,Right,Brazil,M,"['MC', 'DM']",4200000.0,1782777600.0,9008.0
203,ESP-La Liga,2425,Girona,Bojan Miovski,4,2024,223,12995,F S,17,898,2,2.675680473446846,2,2.675680473446846,1,0.1712184799835086,14,4,0,0,3.2487660124897957,0.715272213332355,Bojan Miovski,930182400.0,188.0,,Left,North Macedonia,F,['ST'],2400000.0,1877472000.0,1303.0
204,ESP-La Liga,2425,Girona,Bryan Gil Salvatierra,4,2024,223,7338,D F M S,25,1769,3,2.3540807403624058,3,2.3540807403624058,3,2.9273234866559505,32,22,4,0,7.851792827248573,4.512992458418012,,,,,,,,,,,
205,ESP-La Liga,2425,Girona,Cristhian Stuani,4,2024,223,1709,F S,32,998,11,8.713445205241442,8,6.48361237719655,2,0.42860953137278557,34,7,4,0,5.798142310231924,0.6325159445405006,Cristhian Stuani,529459200.0,184.0,74.0,Right,Uruguay,F,['ST'],835000.0,1782777600.0,1810.0
206,ESP-La Liga,2425,Girona,Daley Blind,4,2024,223,548,D S,34,2774,0,0.4222466517239809,0,0.4222466517239809,2,2.2111893985420465,10,19,2,0,12.418609752319753,10.995030511170626,Daley Blind,636940800.0,180.0,72.0,Left,Netherlands,D,"['DC', 'DL']",1500000.0,1782777600.0,2808.0
207,ESP-La Liga,2425,Girona,David López,4,2024,223,1857,D S,29,2429,1,1.0169810615479946,1,1.0169810615479946,1,0.7759831454604864,12,4,4,0,8.894371684640646,8.797762390226126,David López,623894400.0,185.0,81.0,Right,Spain,D,['DC'],730000.0,1782777600.0,522.0
208,ESP-La Liga,2425,Girona,Donny van de Beek,4,2024,223,8821,M S,26,1435,2,1.390021063387394,2,1.390021063387394,2,3.203115929849446,18,18,5,0,6.711185414344072,4.529698332771659,Donny van de Beek,861321600.0,183.0,74.0,Right,Netherlands,M,"['MC', 'AM', 'DM']",2100000.0,1845936000.0,7832.0
209,ESP-La Liga,2425,Girona,Ferrán Ruiz,4,2024,223,13186,S,1,14,0,0.0,0,0.0,0,0.0,0,0,0,0,0.0,0.0,Ferrán Ruiz,1051315200.0,172.0,,Right,Spain,D,[],26000.0,1782777600.0,35.0
210,ESP-La Liga,2425,Girona,Gabriel Misehouy,4,2024,223,12722,F S,9,235,1,0.7535906955599785,1,0.7535906955599785,0,0.18367770873010159,6,4,0,0,1.0116856452077627,0.25443299394100904,Gabriel Misehouy,1121644800.0,173.0,,Right,Netherlands,M,['MC'],875000.0,1782777600.0,659.0
211,ESP-La Liga,2425,Girona,Iker Almena,4,2024,223,11738,S,2,40,0,0.04078073054552078,0,0.04078073054552078,1,0.5271588806062937,1,2,0,0,0.671602189540863,0.1275573968887329,Iker Almena,1083628800.0,176.0,71.0,Left,Spain,M,['ML'],1400000.0,1782777600.0,543.0
212,ESP-La Liga,2425,Girona,Iván Martín,4,2024,223,7529,M S,32,2054,1,1.4308387525379658,1,1.4308387525379658,1,1.8869791738688946,11,22,1,0,10.736840901896358,8.157949836924672,Iván Martín,918950400.0,178.0,,Left,Spain,M,"['MC', 'DM', 'AM']",5500000.0,1845936000.0,882.0
213,ESP-La Liga,2425,Girona,Jhon Solis,4,2024,223,12046,M S,19,491,1,0.6953313462436199,1,0.6953313462436199,0,0.05165662057697773,4,2,3,0,1.400166291743517,0.7516260519623756,Jhon Solís,1096761600.0,186.0,,Right,Colombia,M,"['MC', 'DM']",2700000.0,1782777600.0,1633.0
214,ESP-La Liga,2425,Girona,Juanpe,4,2024,223,6121,D S,12,720,0,0.09127175062894821,0,0.09127175062894821,0,0.17641297634691,2,3,2,0,2.1675596088171005,2.160725638270378,Juanpe,672969600.0,189.0,85.0,Right,Spain,D,['DC'],520000.0,1811721600.0,172.0
215,ESP-La Liga,2425,Girona,Kim Min-Su,4,2024,223,13152,S,3,19,0,0.0,0,0.0,0,0.0,0,0,0,0,0.04795631393790245,0.04795631393790245,Min-su Kim,1137628800.0,177.0,,Right,South Korea,F,['LW'],2100000.0,1782777600.0,742.0
216,ESP-La Liga,2425,Girona,Ladislav Krejcí,4,2024,223,12721,D S,28,2436,2,1.6796669187024236,2,1.6796669187024236,0,0.3311499524861574,18,8,9,0,5.476491022855043,5.12742255628109,Ladislav Krejčí,924566400.0,191.0,,Left,Czechia,D,"['DC', 'DL']",21000000.0,1782777600.0,2131.0
217,ESP-La Liga,2425,Girona,Miguel Gutiérrez,4,2024,223,8513,D M,29,2477,1,1.8718257248401642,1,1.8718257248401642,5,4.057582646608353,28,41,4,0,13.277818597853184,10.092323137447238,Miguel Gutiérrez,996192000.0,180.0,,Left,Spain,D,"['DL', 'ML']",18500000.0,1909008000.0,4357.0
218,ESP-La Liga,2425,Girona,Oriol Romeu,4,2024,223,842,M S,25,1357,0,0.202604528516531,0,0.202604528516531,0,0.550816060975194,5,8,5,0,7.159846590831876,6.569908503443003,Oriol Romeu,685670400.0,182.0,83.0,Right,Spain,M,"['MC', 'DM']",740000.0,,14132.0
219,ESP-La Liga,2425,Girona,Papa Dame Ba,4,2024,223,13171,S,1,48,0,0.07308053225278854,0,0.07308053225278854,0,0.0,1,0,0,0,0.10325630009174347,0.030175767838954926,Pape Mamadou Diouf,410140800.0,185.0,,Right,Senegal,G,[],,,1.0
220,ESP-La Liga,2425,Girona,Pau López,4,2024,223,2107,S,1,42,0,0.0,0,0.0,0,0.0,0,0,0,0,0.0,0.0,Pau López,787276800.0,189.0,77.0,Left,Spain,G,['GK'],2700000.0,1845936000.0,1229.0
221,ESP-La Liga,2425,Girona,Paulo Gazzaniga,4,2024,223,973,GK,36,3198,0,0.0,0,0.0,0,0.0,0,0,3,0,4.477905694395304,4.477905694395304,Paulo Gazzaniga,694310400.0,196.0,90.0,Right,Argentina,G,['GK'],2100000.0,1814313600.0,1919.0
222,ESP-La Liga,2425,Girona,Portu,4,2024,223,6118,F M S,27,728,1,1.7564097288995981,1,1.7564097288995981,2,1.6340558864176273,8,14,4,0,4.305601870641112,0.9802276045084,Portu,706406400.0,167.0,70.0,Right,Spain,F,['RW'],1600000.0,1814313600.0,866.0
223,ESP-La Liga,2425,Girona,Silvi Clua,4,2024,223,11737,M S,4,163,0,0.033975085243582726,0,0.033975085243582726,0,0.03396781533956528,2,1,0,0,0.6803017221391201,0.6123587936162949,Gabriel Silva,1016755200.0,177.0,,Both,Brazil,F,"['LW', 'ST']",4200000.0,1814313600.0,820.0
224,ESP-La Liga,2425,Girona,Viktor Tsygankov,4,2024,223,11322,F M S,27,1947,2,2.957321310415864,2,2.957321310415864,5,4.1547895623371005,35,33,1,0,8.767555436119437,4.718396511860192,Viktor Tsygankov,879552000.0,178.0,70.0,Left,Ukraine,M,['RW'],15700000.0,1814313600.0,5455.0
225,ESP-La Liga,2425,Girona,Vladyslav Krapyvtsov,4,2024,223,13420,GK,2,180,0,0.0,0,0.0,0,0.0,0,0,0,0,0.0,0.0,Vladyslav Krapyvtsov,1119657600.0,188.0,70.0,Right,Ukraine,G,['GK'],440000.0,1877472000.0,605.0
226,ESP-La Liga,2425,Girona,Yangel Herrera,4,2024,223,7350,M S,29,2293,4,4.82616575434804,4,4.82616575434804,3,2.4068149104714394,39,16,10,1,8.74448224529624,4.21010279469192,Yangel Herrera,884131200.0,184.0,75.0,Right,Venezuela,M,"['MC', 'DM']",8400000.0,1909008000.0,4318.0
227,ESP-La Liga,2425,Girona,Yáser Asprilla,4,2024,223,13005,F M S,27,1392,3,1.9813351966440678,3,1.9813351966440678,1,3.059433316811919,38,24,2,0,8.957312654703856,5.047165253199637,Yáser Asprilla,1069200000.0,176.0,,Left,Colombia,M,"['RW', 'AM']",12800000.0,1782777600.0,10133.0
228,ESP-La Liga,2425,Las Palmas,Aboubacar Bassinga,4,2024,144,12736,S,1,2,0,0.0,0,0.0,0,0.0,0,0,0,0,0.0,0.0,Aboubacar Bassinga,1121212800.0,,,Left,Côte d'Ivoire,M,[],195000.0,1782777600.0,112.0
229,ESP-La Liga,2425,Las Palmas,Adnan Januzaj,4,2024,144,323,F M S,18,563,2,0.991336464881897,2,0.991336464881897,1,1.1676771398633718,16,16,4,0,2.8455381020903587,1.26646002009511,Adnan Januzaj,791942400.0,186.0,75.0,Left,Belgium,M,['RW'],1300000.0,1782777600.0,1629.0
230,ESP-La Liga,2425,Las Palmas,Alberto Moleiro,4,2024,144,12160,F M S,35,2765,6,5.749200511723757,6,5.749200511723757,1,3.676157739944756,68,41,5,0,12.830253762193024,5.828310145065188,Alberto Moleiro,1064880000.0,172.0,,Right,Spain,M,"['ML', 'LW']",33000000.0,1909008000.0,3674.0
231,ESP-La Liga,2425,Las Palmas,Andy Pelmard,4,2024,144,6501,D S,4,202,0,0.017262747511267662,0,0.017262747511267662,0,0.07758642733097076,1,1,1,0,0.11739076301455498,0.11739076301455498,Andy Pelmard,952819200.0,179.0,,Right,Madagascar,D,"['DC', 'DR']",2100000.0,1782777600.0,439.0
232,ESP-La Liga,2425,Las Palmas,Arturo Rodríguez,4,2024,144,13644,S,1,18,0,0.0,0,0.0,0,0.0,0,0,0,0,0.0,0.0,Arturo Rodríguez,1154736000.0,,,Left,Spain,F,[],23000.0,1845936000.0,16.0
233,ESP-La Liga,2425,Las Palmas,Benito Ramírez,4,2024,144,5041,D M S,19,431,0,0.31323983147740364,0,0.31323983147740364,0,0.9064611420035362,10,13,2,1,1.999934496358037,1.3046182934194803,Benito Ramírez,805420800.0,180.0,,Left,Spain,M,['DL'],650000.0,1782777600.0,84.0
234,ESP-La Liga,2425,Las Palmas,Daley Sinkgraven,4,2024,144,7899,D S,2,94,0,0.0,0,0.0,0,0.01425859797745943,0,1,0,0,0.5968886837363243,0.5968886837363243,Daley Sinkgraven,804816000.0,179.0,65.0,Left,Netherlands,D,['DL'],415000.0,1782777600.0,222.0
235,ESP-La Liga,2425,Las Palmas,Diego Martín,4,2024,144,13531,S,2,30,0,0.017401913180947304,0,0.017401913180947304,0,0.0,1,0,0,0,0.017401913180947304,0.0,Diego Martínez Beto,1175904000.0,,,Right,Spain,M,['MC'],23000.0,1909008000.0,397.0
236,ESP-La Liga,2425,Las Palmas,Dinko Horkas,4,2024,144,12740,GK S,13,1081,0,0.0,0,0.0,0,0.0,0,0,1,0,0.6876389980316162,0.6876389980316162,Dinko Horkaš,921024000.0,189.0,,Right,Croatia,G,['GK'],1100000.0,1845936000.0,375.0
237,ESP-La Liga,2425,Las Palmas,Dário Essugo,4,2024,144,13094,M S,27,1985,1,0.6471306988969445,1,0.6471306988969445,0,0.4316724920645356,23,13,7,2,4.46547017712146,3.756997517310083,Dário Essugo,1110758400.0,178.0,,Right,Portugal,M,"['MC', 'DM']",18600000.0,2003702400.0,9959.0
238,ESP-La Liga,2425,Las Palmas,Enzo Loiodice,4,2024,144,6712,M S,17,661,0,0.21660929545760155,0,0.21660929545760155,0,0.1672270242124796,7,5,3,0,1.9230579771101475,1.7084442004561424,Enzo Loiodice,975283200.0,176.0,,Left,France,M,"['MC', 'DM', 'AM']",1200000.0,1782777600.0,331.0
239,ESP-La Liga,2425,Las Palmas,Fabio González,4,2024,144,6079,S,2,44,0,0.07499051839113235,0,0.07499051839113235,0,0.0,2,0,0,0,0.034476570785045624,0.0,Fabio González,855705600.0,176.0,,Right,Spain,M,"['MC', 'DM']",490000.0,1782777600.0,35.0
240,ESP-La Liga,2425,Las Palmas,Fabio Silva,4,2024,144,8778,F M S,24,1902,10,9.277339147403836,8,7.0475062392652035,3,2.487750245258212,49,16,7,0,9.964714661240578,2.4896166315302253,Fábio Silva,1027036800.0,185.0,,Right,Portugal,F,"['ST', 'LW']",27000000.0,1909008000.0,5401.0
241,ESP-La Liga,2425,Las Palmas,Jaime Mata,4,2024,144,7009,F M S,30,571,0,2.454514908604324,0,2.454514908604324,0,0.10704626888036728,17,3,8,0,3.0006161741912365,0.5710783675312996,Jaime Mata,593654400.0,185.0,75.0,Right,Spain,F,['ST'],95000.0,1782777600.0,435.0
242,ESP-La Liga,2425,Las Palmas,Jasper Cillessen,4,2024,144,5057,GK,27,2339,0,0.0,0,0.0,0,0.0,0,0,1,0,2.925926886498928,2.925926886498928,Jasper Cillessen,609206400.0,185.0,83.0,Right,Netherlands,G,['GK'],275000.0,1782777600.0,1483.0
243,ESP-La Liga,2425,Las Palmas,Javi Muñoz,4,2024,144,4168,D M S,35,2592,1,2.036266847513616,1,2.036266847513616,3,2.3168882727622986,25,29,5,0,8.457278970628977,5.359604928642511,Javier Muñoz,793929600.0,179.0,75.0,Right,Spain,M,"['MC', 'AM']",1400000.0,1845936000.0,316.0
244,ESP-La Liga,2425,Las Palmas,José Campaña,4,2024,144,4034,M S,25,1208,0,0.1375535074621439,0,0.1375535074621439,3,0.8891085628420115,5,13,4,0,2.551904497668147,2.465941285714507,José Campaña,738806400.0,179.0,72.0,Right,Spain,M,['MC'],725000.0,1782777600.0,233.0
245,ESP-La Liga,2425,Las Palmas,José Carlos González,4,2024,144,13645,S,1,8,0,0.0,0,0.0,0,0.0,0,0,0,0,0.0,0.0,Jose Carlos Gonzalez Colmenar,259286400.0,183.0,,,Spain,G,[],,,1.0
246,ESP-La Liga,2425,Las Palmas,Juan Herzog,4,2024,144,11747,D S,19,1321,0,0.586847435683012,0,0.586847435683012,0,0.0,10,0,1,0,2.7008586302399635,2.597265738993883,Juanma Herzog,1084406400.0,186.0,,Right,Spain,D,['DC'],1500000.0,1845936000.0,237.0
247,ESP-La Liga,2425,Las Palmas,Kirian Rodríguez,4,2024,144,11743,M,21,1792,0,1.693218463100493,0,1.693218463100493,3,1.669024096801877,21,16,2,0,7.692378982901573,5.614286290481687,Kirian Rodríguez,825984000.0,180.0,,Right,Spain,M,"['MC', 'AM', 'DM']",1000000.0,1845936000.0,432.0
248,ESP-La Liga,2425,Las Palmas,Manu Fuster,4,2024,144,12738,F M S,28,958,2,0.7450216170400381,2,0.7450216170400381,1,1.3880910379812121,18,28,2,0,3.029275342822075,1.4052639389410615,Manuel Fuster,877478400.0,169.0,,Right,Spain,M,"['ML', 'LW']",1600000.0,1845936000.0,228.0
249,ESP-La Liga,2425,Las Palmas,Marc Cardona,4,2024,144,5159,S,11,98,0,0.2827252447605133,0,0.2827252447605133,0,0.0,4,0,2,0,0.5431439466774464,0.26041870191693306,Marc Cardona,805161600.0,182.0,68.0,Right,Spain,F,['ST'],465000.0,1782777600.0,191.0
250,ESP-La Liga,2425,Las Palmas,Marvin Park,4,2024,144,8863,D F M S,23,1008,0,0.22653794661164284,0,0.22653794661164284,0,1.275867696851492,5,6,4,0,3.4733193833380938,2.1760428566485643,Marvin Park,952387200.0,177.0,,Right,Spain,D,"['DR', 'RW']",1100000.0,1845936000.0,630.0
251,ESP-La Liga,2425,Las Palmas,Mika Mármol,4,2024,144,10224,D M S,30,2398,0,0.4563526511192322,0,0.4563526511192322,1,1.5602368731051683,10,16,5,0,7.467444524168968,6.85720550082624,Mika Mármol,993945600.0,181.0,,Left,Spain,D,"['DC', 'DL']",9100000.0,1782777600.0,768.0
252,ESP-La Liga,2425,Las Palmas,Oliver McBurnie,4,2024,144,1736,F S,34,1835,3,6.037325001321733,3,6.037325001321733,6,3.4504245165735483,32,23,3,0,10.23814307153225,1.5718960762023926,Oliver McBurnie,833846400.0,188.0,79.0,Right,Scotland,F,['ST'],2700000.0,1845936000.0,1048.0
253,ESP-La Liga,2425,Las Palmas,Pejiño,4,2024,144,11746,S,1,12,0,0.02730782888829708,0,0.02730782888829708,0,0.0,1,0,0,0,0.02730782888829708,0.0,Pejiño,838598400.0,177.0,,Left,Spain,M,"['RW', 'MR']",550000.0,1782777600.0,113.0
254,ESP-La Liga,2425,Las Palmas,Sandro Ramírez,4,2024,144,2537,F M S,31,2086,9,4.299026200547814,8,3.555748550221324,3,3.498643457889557,52,28,6,0,7.435247108340263,2.219607894308865,Sandro Ramírez,805248000.0,175.0,71.0,Right,Spain,M,['ST'],935000.0,1782777600.0,901.0
255,ESP-La Liga,2425,Las Palmas,Scott McKenna,4,2024,144,10757,D S,29,2468,0,1.1912503112107515,0,1.1912503112107515,0,0.24653062969446182,10,4,5,1,4.782997235655785,4.271701442077756,Scott McKenna,847756800.0,188.0,73.0,Left,Scotland,D,['DC'],3700000.0,1877472000.0,1008.0
256,ESP-La Liga,2425,Las Palmas,Sergio Viera,4,2024,144,13366,M S,2,92,0,0.018044117838144302,0,0.018044117838144302,0,0.0,1,0,1,0,0.024778729304671288,0.024778729304671288,Sergio Vieira,1115510400.0,,,,Spain,M,[],27000.0,1782777600.0,8.0
257,ESP-La Liga,2425,Las Palmas,Stefan Bajcetic,4,2024,144,10723,D M S,14,986,1,0.1618144428357482,1,0.1618144428357482,0,0.21842641942203045,5,7,4,0,1.4333512708544731,1.2132029794156551,Stefan Bajčetić,1098403200.0,185.0,,Right,Spain,M,['MC'],6800000.0,1814313600.0,10357.0
258,ESP-La Liga,2425,Las Palmas,Valentín Pezzolesi,4,2024,144,12739,S,1,5,0,0.0,0,0.0,0,0.0,0,0,0,0,0.0,0.0,Valentin Pezzolesi,1176681600.0,,,Right,Spain,D,[],97000.0,1814313600.0,94.0
259,ESP-La Liga,2425,Las Palmas,Viti Rozada,4,2024,144,12737,D S,29,2005,0,0.06697579100728035,0,0.06697579100728035,2,1.4213977381587029,3,12,5,0,4.21627417486161,3.173089588060975,Viti Rozada,874368000.0,171.0,,Right,Spain,D,"['DR', 'MR']",1600000.0,1814313600.0,113.0
260,ESP-La Liga,2425,Las Palmas,Álex Muñoz,4,2024,144,5137,D S,21,1443,3,1.1511703273281455,3,1.1511703273281455,0,0.5306877195835114,9,7,3,0,5.856701044365764,4.921549832448363,Álex Muñoz,775526400.0,185.0,74.0,Left,Spain,D,"['DL', 'DC']",1100000.0,1845936000.0,173.0
261,ESP-La Liga,2425,Las Palmas,Álex Suárez,4,2024,144,11742,D,30,2498,0,0.3234486058354378,0,0.3234486058354378,0,0.1860176008194685,6,3,11,0,3.2029242739081383,3.0801294706761837,Alex Suárez,725846400.0,179.0,,Right,Spain,D,"['DC', 'DR']",540000.0,1845936000.0,249.0
262,ESP-La Liga,2425,Leganes,Adrià Alti,4,2024,159,11834,D M S,22,1645,0,0.24961038772016764,0,0.24961038772016764,0,0.5857671527191997,7,11,6,0,2.4437357550486922,2.062911454588175,Adrià Altimira,985737600.0,170.0,,Right,Spain,D,['DR'],1300000.0,1845936000.0,355.0
263,ESP-La Liga,2425,Leganes,Aritz Arambarri,4,2024,159,7835,D,2,180,0,0.04174470156431198,0,0.04174470156431198,0,0.0,1,0,0,0,0.26933547854423523,0.26933547854423523,Aritz Arambarri,886204800.0,186.0,,Right,Spain,D,['DC'],645000.0,1814313600.0,41.0
264,ESP-La Liga,2425,Leganes,Borna Barisic,4,2024,159,13437,D,1,9,0,0.0,0,0.0,0,0.0,0,0,0,0,0.0,0.0,Borna Barišić,721353600.0,186.0,,Left,Croatia,D,['DL'],630000.0,1782777600.0,1069.0
265,ESP-La Liga,2425,Leganes,Darko Brasanac,4,2024,159,5037,M S,30,1606,1,2.0544604547321796,1,2.0544604547321796,2,0.3227075841277838,12,9,4,0,3.912908762693405,1.896696176379919,Darko Brašanac,697852800.0,178.0,73.0,Right,Serbia,M,"['MC', 'AM']",415000.0,1782777600.0,200.0
266,ESP-La Liga,2425,Leganes,Diego García,4,2024,159,12794,F M S,28,1171,3,4.401241090148687,3,4.401241090148687,0,0.25502479542046785,29,6,2,0,4.547595828771591,0.9056342523545027,Diego García,956016000.0,188.0,,Right,Spain,F,['ST'],1600000.0,1845936000.0,233.0
267,ESP-La Liga,2425,Leganes,Duk,4,2024,159,13438,M S,10,149,0,0.03150592092424631,0,0.03150592092424631,0,0.5542192105203867,2,5,1,0,0.5542192105203867,0.0,Duk,950659200.0,182.0,,Right,Cape Verde,F,"['ST', 'LW']",2300000.0,1814313600.0,480.0
268,ESP-La Liga,2425,Leganes,Enric Franquesa,4,2024,159,9765,D M S,12,612,1,0.3923423383384943,1,0.3923423383384943,0,0.057024482637643814,4,2,1,0,0.8776321262121201,0.5426520425826311,Enric Franquesa,856915200.0,174.0,,Left,Spain,D,['DL'],950000.0,1782777600.0,181.0
269,ESP-La Liga,2425,Leganes,Javi Hernández,4,2024,159,8422,D M S,31,2401,2,1.134048592299223,2,1.134048592299223,1,1.5437743626534939,17,17,6,0,3.576768623664975,2.427387349307537,Javier Hernández,581126400.0,174.0,71.0,Right,Mexico,F,['ST'],270000.0,,4382.0
270,ESP-La Liga,2425,Leganes,Jorge Sáenz,4,2024,159,7828,D S,23,1694,1,1.8186329379677773,1,1.8186329379677773,0,0.1442689262330532,8,2,3,1,2.5135615654289722,2.369292639195919,Jorge Sáenz,848188800.0,192.0,75.0,Right,Spain,D,['DC'],1100000.0,1782777600.0,187.0
271,ESP-La Liga,2425,Leganes,Juan Cruz,4,2024,159,6759,D F M S,34,2292,5,2.7526479018852115,5,2.7526479018852115,4,4.149010988883674,33,25,2,0,7.974728053435683,2.569998520426452,Juan Cruz,956620800.0,179.0,,Left,Spain,M,['RW'],2900000.0,1877472000.0,531.0
272,ESP-La Liga,2425,Leganes,Juan Soriano,4,2024,159,6257,GK,6,540,0,0.0,0,0.0,0,0.0,0,0,1,0,0.3865733314305544,0.3865733314305544,Juan Soriano,872294400.0,186.0,78.0,Left,Spain,G,['GK'],1100000.0,1814313600.0,151.0
273,ESP-La Liga,2425,Leganes,Julián Chicco,4,2024,159,12793,D M S,14,273,0,0.3933754116296768,0,0.3933754116296768,1,0.4953148066997528,3,2,0,0,0.7068625688552856,0.2830714099109173,Julián Chicco,884649600.0,181.0,79.0,Right,Argentina,M,"['MC', 'DM']",515000.0,,168.0
274,ESP-La Liga,2425,Leganes,Marko Dmitrovic,4,2024,159,6224,GK,32,2880,0,0.0,0,0.0,0,0.10171622782945633,0,1,0,0,1.9117682538926601,1.8100520260632038,Marko Dmitrović,696211200.0,194.0,94.0,Left,Serbia,G,['GK'],740000.0,1845936000.0,1193.0
275,ESP-La Liga,2425,Leganes,Matija Nastasic,4,2024,159,451,D S,26,2118,1,0.14439020305871964,1,0.14439020305871964,0,0.08860144764184952,2,2,3,0,2.486087303608656,2.469435315579176,Matija Nastasić,733276800.0,188.0,83.0,Left,Serbia,D,['DC'],740000.0,,480.0
276,ESP-La Liga,2425,Leganes,Miguel De la Fuente,4,2024,159,6924,F M S,34,1708,1,5.791498295031488,0,4.304943046532571,3,1.134644091129303,35,7,3,0,6.518890951760113,1.4080072399228811,Miguel de la Fuente,936316800.0,182.0,,Right,Spain,F,['ST'],2100000.0,1782777600.0,443.0
277,ESP-La Liga,2425,Leganes,Munir,4,2024,159,2106,F M S,25,844,4,1.4313753638416529,4,1.4313753638416529,0,0.7138976156711578,21,8,1,1,3.3005733154714108,1.6323035079985857,Munir El Kajoui,610761600.0,190.0,80.0,Right,Morocco,G,['GK'],770000.0,1782777600.0,3776.0
278,ESP-La Liga,2425,Leganes,Raba,4,2024,159,5199,F M S,29,1925,8,7.210522370878607,4,3.4941343017853796,6,6.12695131637156,44,46,6,0,9.66063447855413,2.529050065204501,Dani Raba,814924800.0,184.0,,Left,Spain,F,"['RW', 'MR', 'ST']",2500000.0,1814313600.0,977.0
279,ESP-La Liga,2425,Leganes,Renato Tapia,4,2024,159,8710,D M S,34,2442,1,0.6297735353000462,1,0.6297735353000462,0,0.26615771232172847,14,7,8,0,5.6201626979745924,4.955714585259557,Renato Tapia,806889600.0,185.0,78.0,Right,Peru,M,"['MC', 'DM']",1900000.0,1814313600.0,3099.0
280,ESP-La Liga,2425,Leganes,Roberto López,4,2024,159,7195,M S,13,374,0,0.6060058553703129,0,0.6060058553703129,1,0.8888880126178265,7,10,0,0,1.0046397601254284,0.21710627526044846,Roberto López,956534400.0,178.0,,Left,Spain,M,['AM'],970000.0,1814313600.0,196.0
281,ESP-La Liga,2425,Leganes,Sergio González,4,2024,159,12791,D S,36,2966,2,1.9580097878351808,2,1.9580097878351808,0,0.5771256238222122,13,4,2,1,2.742747124284506,2.678178194910288,Sergio González,703728000.0,186.0,,Right,Spain,D,['DC'],770000.0,,259.0
282,ESP-La Liga,2425,Leganes,Seydouba Cissé,4,2024,159,12792,M S,34,2494,3,2.2893198179081082,3,2.2893198179081082,1,0.8812172105535865,24,17,3,1,8.082963166758418,5.432613124139607,Seydouba Cisse,981763200.0,172.0,,Right,Guinea,M,"['MC', 'DM']",3100000.0,1782777600.0,3674.0
283,ESP-La Liga,2425,Leganes,Sébastien Haller,4,2024,159,6144,F S,8,404,0,0.35817818343639374,0,0.35817818343639374,0,0.1350812464952469,4,1,0,0,0.44150425493717194,0.0493881031870842,Sébastien Haller,772243200.0,190.0,82.0,Right,Côte d'Ivoire,F,['ST'],1900000.0,1782777600.0,48170.0
284,ESP-La Liga,2425,Leganes,Valentin Rosier,4,2024,159,5615,D M S,32,2583,1,1.0204768180847168,1,1.0204768180847168,2,1.1147922053933144,13,12,8,0,4.845664316788316,3.539426350966096,Valentin Rosier,840412800.0,175.0,70.0,Right,France,D,['DR'],3100000.0,1845936000.0,800.0
285,ESP-La Liga,2425,Leganes,Yan Diomande,4,2024,159,13561,D M S,10,544,2,1.2688960582017899,2,1.2688960582017899,1,0.8170663304626942,11,14,1,0,3.6484999284148216,2.5935563445091248,Yan Diomande,1163462400.0,180.0,,Right,Côte d'Ivoire,F,['ML'],49000000.0,1909008000.0,22270.0
286,ESP-La Liga,2425,Leganes,Yvan Neyou,4,2024,159,8689,M S,30,2344,1,0.45724739599972963,1,0.45724739599972963,1,0.7096966840326786,16,13,14,0,5.066599708050489,4.101959167979658,Yvan Neyou,852249600.0,180.0,,Right,Cameroon,M,"['MC', 'DM']",2300000.0,1782777600.0,945.0
287,ESP-La Liga,2425,Leganes,Óscar Rodríguez,4,2024,159,6570,M S,29,1290,1,2.6321211019530892,1,2.6321211019530892,4,2.824665365740657,33,19,6,1,5.780915940180421,2.6671316027641296,Óscar Rodríguez,898992000.0,174.0,68.0,Right,Spain,M,"['MC', 'AM']",1600000.0,,602.0
288,ESP-La Liga,2425,Mallorca,Abdón Prats,4,2024,239,8014,F M S,24,400,2,2.7443290799856186,1,2.0010514482855797,0,0.12906461395323277,14,3,4,0,1.7206827104091644,0.15969045460224152,Abdón Prats,724550400.0,181.0,79.0,Left,Spain,F,['ST'],970000.0,1845936000.0,318.0
289,ESP-La Liga,2425,Mallorca,Antonio Sánchez,4,2024,239,9970,D F M S,33,1353,0,1.2898992113769054,0,1.2898992113769054,0,0.4207525495439768,17,5,3,0,4.188069044612348,2.6425679912790656,Antonio Sánchez,861667200.0,179.0,,Right,Spain,M,"['MC', 'MR']",2600000.0,1814313600.0,255.0
290,ESP-La Liga,2425,Mallorca,Chiquinho,4,2024,239,10327,M S,8,134,0,0.24903703294694424,0,0.24903703294694424,0,0.03559113293886185,4,2,2,0,0.3664560653269291,0.10114248469471931,Chiquinho,806112000.0,174.0,68.0,Right,Portugal,M,"['AM', 'MC']",4600000.0,1877472000.0,1901.0
291,ESP-La Liga,2425,Mallorca,Copete,4,2024,239,10982,D S,25,1511,0,0.5529027758166194,0,0.5529027758166194,0,0.0,6,0,6,0,3.0933860559016466,2.9993373826146126,José Copete,939513600.0,190.0,,Left,Spain,D,['DC'],3600000.0,1877472000.0,418.0
292,ESP-La Liga,2425,Mallorca,Cyle Larin,4,2024,239,11340,F S,32,1781,7,7.244329610839486,6,6.501052031293511,2,1.5815904028713703,39,8,4,0,6.705597769469023,1.3051558434963226,Cyle Larin,798076800.0,187.0,86.0,Right,Canada,F,['ST'],3600000.0,1782777600.0,1603.0
293,ESP-La Liga,2425,Mallorca,Dani Rodríguez,4,2024,239,7841,F M S,37,2207,4,3.405790278688073,4,3.405790278688073,7,4.1755089005455375,31,33,5,0,6.866879858076572,3.3092801552265882,Dani Rodríguez,1123545600.0,172.0,,Left,Spain,M,['LW'],1000000.0,1814313600.0,7022.0
294,ESP-La Liga,2425,Mallorca,Daniel Luna,4,2024,239,11993,S,2,15,0,0.0,0,0.0,0,0.0,0,0,0,0,0.11172714084386826,0.11172714084386826,Daniel Luna,1052265600.0,178.0,61.0,Left,Colombia,M,['AM'],570000.0,1782777600.0,449.0
295,ESP-La Liga,2425,Mallorca,David López,4,2024,239,12074,D,2,172,0,0.0,0,0.0,0,0.0,0,0,0,0,0.011990965344011784,0.011990965344011784,David López,623894400.0,185.0,81.0,Right,Spain,D,['DC'],730000.0,1782777600.0,522.0
296,ESP-La Liga,2425,Mallorca,Dominik Greif,4,2024,239,9756,GK,31,2790,0,0.0,0,0.0,0,0.0,0,0,1,0,2.511147951707244,2.511147951707244,Dominik Greif,860284800.0,197.0,82.0,Right,Slovakia,G,['GK'],7600000.0,1877472000.0,960.0
297,ESP-La Liga,2425,Mallorca,Jan Salas,4,2024,239,12951,S,4,32,0,0.061538223177194595,0,0.061538223177194595,0,0.0,2,0,0,0,0.07352918852120638,0.011990965344011784,Jan Salas,1123632000.0,182.0,,Right,Spain,M,[],485000.0,1845936000.0,94.0
298,ESP-La Liga,2425,Mallorca,Javi Llabrés,4,2024,239,10128,M,1,60,0,0.022038977593183517,0,0.022038977593183517,0,0.06293221563100815,1,1,0,0,0.2983826696872711,0.21341148018836975,Javi Llabrés,1031702400.0,174.0,,Both,Spain,M,['LW'],845000.0,1782777600.0,119.0
299,ESP-La Liga,2425,Mallorca,Johan Mojica,4,2024,239,6242,D S,36,2747,1,0.7688355734571815,1,0.7688355734571815,2,4.50119224563241,17,40,5,0,9.112911474891007,6.467207685112953,Johan Mojica,714355200.0,185.0,73.0,Left,Colombia,D,['DL'],1700000.0,1814313600.0,3935.0
300,ESP-La Liga,2425,Mallorca,Leo Román,4,2024,239,9839,GK,7,630,0,0.0,0,0.0,0,0.0,0,0,0,0,0.7954421639442444,0.7954421639442444,Leo Román,962841600.0,189.0,,Right,Spain,G,['GK'],4900000.0,1909008000.0,1601.0
301,ESP-La Liga,2425,Mallorca,Manuel Morlanes,4,2024,239,6592,M S,23,1335,0,0.4533621082082391,0,0.4533621082082391,0,0.45190941262990236,11,10,7,0,5.464884104207158,4.617404890246689,,,,,,,,,,,
302,ESP-La Liga,2425,Mallorca,Marc Domenech,4,2024,239,12883,F M S,10,297,0,0.7432425078004599,0,0.7432425078004599,0,0.2158001670613885,8,5,0,0,1.1332007721066475,0.7108004167675972,Marc Domenech,1136073600.0,182.0,,Left,Spain,F,['MC'],1100000.0,1782777600.0,270.0
303,ESP-La Liga,2425,Mallorca,Martin Valjent,4,2024,239,7838,D,31,2773,3,0.9961849488317966,3,0.9961849488317966,0,0.12438401952385902,12,4,4,0,4.728357254527509,4.529047730378807,Martin Valjent,818640000.0,187.0,70.0,Right,Slovakia,D,['DC'],4700000.0,1877472000.0,734.0
304,ESP-La Liga,2425,Mallorca,Mateu Morey,4,2024,239,8070,D S,16,734,0,0.44142330437898636,0,0.44142330437898636,0,0.24642183631658554,3,4,0,0,1.799698012880981,1.183547493070364,Mateu Morey,951955200.0,171.0,,Right,Spain,D,['DR'],1500000.0,1814313600.0,602.0
305,ESP-La Liga,2425,Mallorca,Omar Mascarell,4,2024,239,2456,M S,32,1994,1,0.855449890717864,1,0.855449890717864,0,0.08272714912891388,9,2,5,1,3.2351455856114626,2.4790145875886083,Omar Mascarell,728611200.0,181.0,74.0,Right,Equatorial Guinea,M,"['MC', 'DM']",835000.0,1782777600.0,530.0
306,ESP-La Liga,2425,Mallorca,Pablo Maffeo,4,2024,239,1003,D M S,30,2385,0,0.34491522144526243,0,0.34491522144526243,2,4.4014428816735744,7,29,7,0,8.654321428388357,5.628506066277623,Pablo Maffeo,868665600.0,173.0,68.0,Right,Argentina,D,['DR'],4800000.0,1814313600.0,2166.0
307,ESP-La Liga,2425,Mallorca,Raíllo,4,2024,239,2584,D,36,3211,2,2.7986418372020125,2,2.7986418372020125,0,1.8868699930608273,35,13,7,1,7.869464821182191,6.528888679109514,Antonio Raíllo,686880000.0,186.0,77.0,Right,Spain,D,['DC'],1600000.0,1814313600.0,765.0
308,ESP-La Liga,2425,Mallorca,Roberto Navarro,4,2024,239,8765,M S,23,1302,1,2.833723386749625,1,2.833723386749625,0,1.8819198217242956,18,13,3,0,7.1545522175729275,3.6579713448882103,Gino Roberto Navarro Lavalle,560822400.0,,,Right,Peru,D,[],,,0.0
309,ESP-La Liga,2425,Mallorca,Samú Costa,4,2024,239,10974,M S,32,2667,0,2.070507390424609,0,2.070507390424609,2,1.747686741873622,30,14,7,1,6.658713826909661,4.448418968357146,Samú Costa,975283200.0,183.0,,Left,Portugal,M,"['MC', 'DM']",14600000.0,1845936000.0,1403.0
310,ESP-La Liga,2425,Mallorca,Sergi Darder,4,2024,239,2621,M S,38,2811,2,1.8862759750336409,2,1.8862759750336409,6,4.959239151328802,36,54,4,0,10.42331206612289,7.28883396461606,Sergi Darder,756518400.0,180.0,71.0,Right,Spain,M,"['MC', 'AM']",3300000.0,1845936000.0,1007.0
311,ESP-La Liga,2425,Mallorca,Siebe Van der Heyden,4,2024,239,11749,D S,2,92,0,0.02571023255586624,0,0.02571023255586624,0,0.04254746437072754,1,1,0,0,0.29494476318359375,0.29494476318359375,Siebe Van Der Heyden,896486400.0,185.0,,Left,Belgium,D,"['DC', 'DR', 'DL']",2900000.0,1845936000.0,272.0
312,ESP-La Liga,2425,Mallorca,Takuma Asano,4,2024,239,6087,F M S,21,1071,2,2.957052057608962,2,2.957052057608962,1,0.93105398863554,28,6,0,0,6.2074980661273,2.5558740701526403,Takuma Asano,784425600.0,173.0,70.0,Right,Japan,M,"['RW', 'ST']",1700000.0,1782777600.0,2020.0
313,ESP-La Liga,2425,Mallorca,Toni Lato,4,2024,239,2479,D S,14,615,0,0.0,0,0.0,0,0.3176251221448183,0,6,1,1,1.1517913285642862,0.9197595901787281,Toni Lato,880070400.0,173.0,64.0,Left,Spain,D,['DL'],1400000.0,1814313600.0,258.0
314,ESP-La Liga,2425,Mallorca,Valery Fernández,4,2024,239,7246,M S,18,260,2,1.1641754806041718,2,1.1641754806041718,0,0.025492219254374504,3,1,1,0,0.9394392836838961,0.036337096244096756,Valery Fernández,943315200.0,179.0,,Right,Spain,D,['LW'],970000.0,1845936000.0,307.0
315,ESP-La Liga,2425,Mallorca,Vedat Muriqi,4,2024,239,9002,F S,29,2081,7,10.985502218827605,5,8.755669390782714,2,2.6997383255511522,54,27,1,2,10.095736857503653,1.4222737727686763,Vedat Muriqi,767145600.0,194.0,92.0,Left,Kosovo,F,['ST'],4400000.0,1877472000.0,6548.0
316,ESP-La Liga,2425,Osasuna,Abel Bretones,4,2024,157,12790,D M S,35,2061,2,0.4541091760620475,2,0.4541091760620475,0,1.106137989088893,12,16,3,0,4.3427660362794995,3.045761490240693,Abel Bretones,966816000.0,188.0,,Left,Spain,D,['DL'],4400000.0,1877472000.0,416.0
317,ESP-La Liga,2425,Osasuna,Aimar Oroz,4,2024,157,8424,F M S,37,3027,5,4.505093781277537,4,3.7618161272257566,4,4.083869905211031,49,39,7,0,14.308762029744685,9.082503446377814,Aimar Oroz,1006819200.0,177.0,,Right,Spain,M,"['MC', 'AM']",8199999.0,1877472000.0,1260.0
318,ESP-La Liga,2425,Osasuna,Aitor Fernández,4,2024,157,4193,GK,1,90,0,0.0,0,0.0,0,0.0,0,0,0,0,0.0,0.0,Aitor Fernández,673228800.0,182.0,78.0,Right,Spain,G,['GK'],560000.0,1814313600.0,255.0
319,ESP-La Liga,2425,Osasuna,Alejandro Catena,4,2024,157,7604,D,35,3086,1,2.9847294874489307,1,2.9847294874489307,3,2.5119774006307125,20,10,11,0,6.841868652962148,4.8923682095482945,Alejandro Catena,783302400.0,194.0,,Right,Spain,D,['DC'],2900000.0,1845936000.0,946.0
320,ESP-La Liga,2425,Osasuna,Ante Budimir,4,2024,157,1235,F S,38,3008,21,20.66943975351751,13,14.723218826577067,4,1.8783285655081272,99,16,4,0,14.999033909291029,1.534797454252839,Ante Budimir,680140800.0,190.0,75.0,Left,Croatia,F,['ST'],2800000.0,1814313600.0,8801.0
321,ESP-La Liga,2425,Osasuna,Bryan Zaragoza,4,2024,157,10143,F M S,27,1887,1,3.2676440300419927,1,3.2676440300419927,6,4.370135611854494,42,37,4,0,7.4870644100010395,1.18960455711931,Bryan Zaragoza,999993600.0,165.0,,Right,Spain,F,['LW'],9300000.0,1782777600.0,5534.0
322,ESP-La Liga,2425,Osasuna,Enzo Boyomo,4,2024,157,12893,D S,37,3254,2,1.9415398044511676,2,1.9415398044511676,0,1.0242035184055567,14,4,5,0,6.701995998620987,5.585668057203293,,,,,,,,,,,
323,ESP-La Liga,2425,Osasuna,Iker Benito,4,2024,157,10273,S,2,28,0,0.0,0,0.0,0,0.019961753860116005,0,1,0,0,0.019961753860116005,0.0,Iker Benito,1028937600.0,176.0,,Right,Spain,F,['LW'],1600000.0,1814313600.0,195.0
324,ESP-La Liga,2425,Osasuna,Iker Muñoz,4,2024,157,11395,M S,23,554,0,0.521794113330543,0,0.521794113330543,1,0.968973096460104,11,6,2,0,3.5626386487856507,2.656475719064474,Iker Muñoz,1036454400.0,179.0,,Right,Spain,M,"['MC', 'DM']",1800000.0,1814313600.0,228.0
325,ESP-La Liga,2425,Osasuna,Javi Martínez,4,2024,157,8263,S,1,1,0,0.0,0,0.0,0,0.0,0,0,0,0,0.0,0.0,Javi Martínez,589161600.0,190.0,81.0,Right,Spain,D,"['DC', 'DM', 'MC']",680000.0,,706.0
326,ESP-La Liga,2425,Osasuna,Jesús Areso,4,2024,157,9768,D S,36,3111,0,0.5701641449704766,0,0.5701641449704766,3,3.452265188097954,8,30,9,0,7.537882330827415,5.577389623038471,Jesús Areso,930873600.0,183.0,,Right,Spain,D,['DR'],11000000.0,1940544000.0,648.0
327,ESP-La Liga,2425,Osasuna,Jon Moncayola,4,2024,157,7857,M S,32,2144,0,1.583032850176096,0,1.583032850176096,0,3.2875387091189623,21,34,8,0,8.322481885552406,5.819439947605133,Jon Moncayola,895017600.0,182.0,73.0,Right,Spain,M,"['MC', 'DM']",7300000.0,1940544000.0,724.0
328,ESP-La Liga,2425,Osasuna,Jorge Herrando,4,2024,157,10858,D S,18,1362,1,1.7282755002379417,1,1.7282755002379417,0,0.0,13,0,3,0,1.1332577150315046,0.8354937434196472,Jorge Herrando,983318400.0,192.0,,Left,Spain,D,['DC'],3200000.0,1909008000.0,266.0
329,ESP-La Liga,2425,Osasuna,José Arnáiz,4,2024,157,6470,M S,15,100,0,0.3046903256326914,0,0.3046903256326914,0,0.44479559920728207,6,3,0,0,1.0926944930106401,0.564286183565855,José Manuel Arnáiz,797904000.0,175.0,70.0,Right,Spain,F,['LW'],930000.0,1814313600.0,324.0
330,ESP-La Liga,2425,Osasuna,Juan Cruz,4,2024,157,8744,D S,25,1509,0,0.11948471330106258,0,0.11948471330106258,0,0.026129532605409622,4,1,4,0,3.8228932609781623,3.741608656011522,Juan Cruz,956620800.0,179.0,,Left,Spain,M,['RW'],2900000.0,1877472000.0,531.0
331,ESP-La Liga,2425,Osasuna,Kike Barja,4,2024,157,5140,F M S,15,296,0,0.17551968432962894,0,0.17551968432962894,1,1.4770732149481773,4,10,3,0,1.9822204429656267,0.7546407096087933,Kike Barja,860112000.0,178.0,69.0,Right,Spain,F,"['LW', 'RW']",1500000.0,1782777600.0,174.0
332,ESP-La Liga,2425,Osasuna,Lucas Torró,4,2024,157,7050,M,35,2983,3,2.6740165650844574,3,2.6740165650844574,0,0.9804754853248596,30,10,10,0,6.212580701336265,5.214350013062358,Lucas Torró,774576000.0,190.0,77.0,Right,Spain,M,"['MC', 'DM']",3100000.0,1814313600.0,700.0
333,ESP-La Liga,2425,Osasuna,Moi Gómez,4,2024,157,2198,F M S,26,730,0,0.3465937990695238,0,0.3465937990695238,0,0.8948066756129265,6,11,1,0,1.156978888437152,0.3306217063218355,Moi Gómez,772329600.0,174.0,65.0,Right,Spain,M,"['MC', 'LW']",1900000.0,1814313600.0,613.0
334,ESP-La Liga,2425,Osasuna,Nacho Vidal,4,2024,157,5162,D S,5,109,0,0.0,0,0.0,0,0.0,0,0,0,0,0.0,0.0,Nacho Vidal,790905600.0,180.0,,Right,Spain,D,['DR'],1700000.0,1814313600.0,327.0
335,ESP-La Liga,2425,Osasuna,Pablo Ibáñez,4,2024,157,10857,M S,28,1286,1,1.4140569819137454,1,1.4140569819137454,1,1.2139921113848686,20,6,4,0,4.217783071100712,1.8093481920659542,Pablo Ibáñez,883612800.0,179.0,,Right,Spain,M,"['MC', 'DM']",3100000.0,1909008000.0,342.0
336,ESP-La Liga,2425,Osasuna,Raul García,4,2024,157,8042,F S,32,673,4,3.332692926749587,4,3.332692926749587,0,0.6854467298835516,26,3,1,0,3.9805939085781574,0.299630843102932,Raúl García de Haro,973209600.0,192.0,70.0,Right,Spain,F,['ST'],3100000.0,1845936000.0,914.0
337,ESP-La Liga,2425,Osasuna,Rubén García,4,2024,157,2183,F M S,36,2481,5,2.8201384283602238,5,2.8201384283602238,5,5.068325296510011,27,49,2,0,8.147512812167406,3.8373438119888306,Rubén García,742608000.0,171.0,72.0,Left,Spain,M,['RW'],1900000.0,1814313600.0,1078.0
338,ESP-La Liga,2425,Osasuna,Rubén Peña,4,2024,157,5075,D F M S,25,737,0,0.8619882110506296,0,0.8619882110506296,0,0.5118131535127759,10,13,1,0,2.453945313580334,1.3749668803066015,Rubén Peña,679795200.0,170.0,65.0,Right,Spain,D,['DR'],660000.0,1814313600.0,174.0
339,ESP-La Liga,2425,Osasuna,Sergio Herrera,4,2024,157,7859,GK,37,3330,0,0.0,0,0.0,0,0.0,0,0,5,0,3.095418728888035,3.095418728888035,Sergio Herrera,736646400.0,192.0,82.0,Right,Spain,G,['GK'],2800000.0,1845936000.0,1014.0
340,ESP-La Liga,2425,Osasuna,Unai García,4,2024,157,5141,D S,3,67,0,0.0,0,0.0,0,0.0,0,0,0,0,0.0,0.0,Unai García,715392000.0,182.0,81.0,Left,Spain,D,['DC'],830000.0,1782777600.0,119.0
341,ESP-La Liga,2425,Rayo Vallecano,Abdul Mumin,4,2024,145,11105,D,24,2020,2,0.7587368516251445,2,0.7587368516251445,1,0.19435454905033112,10,1,6,1,4.470557772554457,3.8072007233276963,Abdul Mumin,897091200.0,188.0,,Right,Ghana,D,['DC'],4300000.0,1782777600.0,1231.0
342,ESP-La Liga,2425,Rayo Vallecano,Adrián Embarba,4,2024,145,2166,F M S,35,1603,1,2.273956812918186,1,2.273956812918186,1,2.5082478746771812,37,21,4,0,6.203048147261143,3.0752087738364935,Adrián Embarba,705196800.0,173.0,66.0,Right,Spain,M,"['LW', 'RW']",910000.0,1845936000.0,471.0
343,ESP-La Liga,2425,Rayo Vallecano,Alfonso Espino,4,2024,145,8733,D S,16,835,0,0.7072220253758132,0,0.7072220253758132,1,0.6576519934460521,10,5,4,0,2.9461317313835025,2.1586161367595196,Alfonso Espino,694569600.0,172.0,70.0,Left,Uruguay,D,['DL'],935000.0,1782777600.0,679.0
344,ESP-La Liga,2425,Rayo Vallecano,Andrei Ratiu,4,2024,145,7515,D M S,35,3066,2,2.136768433265388,2,2.136768433265388,3,5.584122102707624,31,36,5,0,16.212922966107726,10.544794468209147,Andrei Rațiu,898300800.0,183.0,,Right,Romania,D,['DR'],16700000.0,1909008000.0,8529.0
345,ESP-La Liga,2425,Rayo Vallecano,Aridane Hernández,4,2024,145,7856,D S,14,1026,0,1.1384378708899021,0,1.1384378708899021,0,0.05024651437997818,8,2,1,0,3.4562611430883408,3.4420830607414246,Aridane Hernández,606614400.0,186.0,77.0,Right,Spain,D,['DC'],205000.0,,256.0
346,ESP-La Liga,2425,Rayo Vallecano,Augusto Batalla,4,2024,145,12298,GK,32,2880,0,0.0,0,0.0,0,0.025127990171313286,0,1,6,0,4.8040439039468765,4.778915913775563,Augusto Batalla,830822400.0,186.0,80.0,Right,Argentina,G,['GK'],5800000.0,1909008000.0,1511.0
347,ESP-La Liga,2425,Rayo Vallecano,Daniel Cárdenas,4,2024,145,8108,GK,6,540,0,0.0,0,0.0,0,0.0,0,0,0,0,0.18321754410862923,0.18321754410862923,Daniel Cardenas,1036195200.0,,,,Colombia,,[],,,0.0
348,ESP-La Liga,2425,Rayo Vallecano,Etienne Eto'o Pineda,4,2024,145,12866,S,2,35,0,0.0,0,0.0,0,0.0,0,0,0,0,0.0,0.0,Etienne Eto'o Pineda,1029628800.0,189.0,,Right,Cameroon,F,[],280000.0,1782777600.0,3266.0
349,ESP-La Liga,2425,Rayo Vallecano,Florian Lejeune,4,2024,145,5073,D,37,3329,2,3.5845931470394135,2,3.5845931470394135,3,1.934357212856412,58,15,8,0,12.011688228696585,11.115831405855715,Florian Lejeune,674697600.0,190.0,81.0,Right,France,D,['DC'],1900000.0,1814313600.0,1109.0
350,ESP-La Liga,2425,Rayo Vallecano,Gerard Gumbau,4,2024,145,2609,M S,22,824,0,1.2887544548138976,0,1.2887544548138976,1,1.1936628250405192,14,17,4,0,3.5533126099035144,1.9849702455103397,Gerard Gumbau,787708800.0,187.0,77.0,Left,Spain,M,"['MC', 'DM']",1400000.0,1782777600.0,392.0
351,ESP-La Liga,2425,Rayo Vallecano,Isi Palazón,4,2024,145,9812,F M S,35,2166,4,5.376986410468817,4,5.376986410468817,4,4.5106864450499415,61,47,5,0,10.833110814914107,5.453833153471351,Isi Palazón,788486400.0,169.0,71.0,Left,Spain,M,"['AM', 'MR', 'RW']",3300000.0,1845936000.0,2245.0
352,ESP-La Liga,2425,Rayo Vallecano,Iván Balliu,4,2024,145,5672,D S,25,1167,0,0.021373257040977478,0,0.021373257040977478,0,0.34249318204820156,1,6,3,0,2.977828769944608,2.8665596013888717,Iván Balliu,694224000.0,175.0,68.0,Right,Albania,D,['DR'],1300000.0,1814313600.0,690.0
353,ESP-La Liga,2425,Rayo Vallecano,James Rodríguez,4,2024,145,2249,M S,6,127,0,0.22707308642566204,0,0.22707308642566204,0,0.10268764942884445,4,2,1,0,0.7378233093768358,0.48427777364850044,James Rodríguez,679276800.0,180.0,75.0,Left,Colombia,M,"['AM', 'RW']",1900000.0,1782777600.0,62179.0
354,ESP-La Liga,2425,Rayo Vallecano,Jorge De Frutos,4,2024,145,8107,F M S,36,2573,6,7.007565116509795,6,7.007565116509795,3,4.134156552609056,52,31,3,1,13.923229448497295,4.136822251603007,Jorge de Frutos,849312000.0,173.0,,Right,Spain,F,"['RW', 'MR']",10900000.0,1845936000.0,2114.0
355,ESP-La Liga,2425,Rayo Vallecano,Pathé Ciss,4,2024,145,9815,D M S,33,2166,4,2.5608618520200253,4,2.5608618520200253,1,1.4429276585578918,21,17,12,0,8.696649100631475,7.0498334765434265,Pathé Ismaël Ciss,763776000.0,183.0,71.0,Right,Senegal,M,"['MC', 'DM']",1800000.0,1814313600.0,4893.0
356,ESP-La Liga,2425,Rayo Vallecano,Pedro Díaz,4,2024,145,12863,M S,26,1199,3,2.7055065194144845,3,1.9622289100661874,0,2.281998419202864,31,26,2,0,7.330365147441626,4.710698988288641,Pedro Díaz,897004800.0,180.0,,Right,Spain,M,"['MC', 'DM']",2900000.0,1845936000.0,570.0
357,ESP-La Liga,2425,Rayo Vallecano,Pelayo Fernández,4,2024,145,12864,D S,2,97,0,0.0,0,0.0,0,0.0,0,0,1,0,0.0,0.0,Pelayo Fernández,1051574400.0,193.0,,Right,Spain,D,['DC'],520000.0,1782777600.0,205.0
358,ESP-La Liga,2425,Rayo Vallecano,Pep Chavarría,4,2024,145,11087,D M S,34,2574,0,1.2517127385362983,0,1.2517127385362983,1,1.7112761475145817,11,24,3,0,7.243805920705199,4.986325871199369,,,,,,,,,,,
359,ESP-La Liga,2425,Rayo Vallecano,Randy Nteka,4,2024,145,9813,F S,24,1151,3,3.335105416364968,3,3.335105416364968,0,0.764602230861783,16,9,6,0,5.225443046540022,1.2521962746977806,Randy Nteka,881366400.0,190.0,,Left,Angola,F,"['ST', 'AM']",1300000.0,1845936000.0,941.0
360,ESP-La Liga,2425,Rayo Vallecano,Raúl de Tomás,4,2024,145,4229,S,2,14,0,0.0,0,0.0,0,0.0,0,0,0,0,0.0,0.0,Raúl de Tomás,782352000.0,181.0,74.0,Right,Spain,F,['ST'],550000.0,1782777600.0,935.0
361,ESP-La Liga,2425,Rayo Vallecano,Sergi Guardiola,4,2024,145,5212,F S,16,321,0,2.3129940032958984,0,2.3129940032958984,0,0.1707483734935522,11,5,1,0,2.9668135587126017,0.6320127919316292,Sergi Guardiola,675475200.0,185.0,77.0,Left,Spain,F,['ST'],420000.0,1782777600.0,220.0
362,ESP-La Liga,2425,Rayo Vallecano,Sergio Camello,4,2024,145,7528,F S,23,1150,3,3.9392457250505686,3,3.9392457250505686,2,2.3095762208104134,32,19,2,0,6.908401124179363,1.970676053315401,Sergio Camello,981763200.0,177.0,,Right,Spain,F,['ST'],2200000.0,1814313600.0,992.0
363,ESP-La Liga,2425,Rayo Vallecano,Unai López,4,2024,145,4091,M S,32,1740,3,1.5628475891426206,3,1.5628475891426206,1,0.9076807517558336,26,19,9,1,6.345573823899031,4.654164179228246,Unai López,815011200.0,169.0,64.0,Right,Spain,M,"['MC', 'DM']",2600000.0,1782777600.0,514.0
364,ESP-La Liga,2425,Rayo Vallecano,Álvaro García,4,2024,145,7071,F M S,36,2581,4,7.53607615083456,4,7.53607615083456,5,5.74425695091486,71,49,4,0,16.058995511382818,4.641992820426822,Álvaro García,720144000.0,168.0,58.0,Both,Spain,M,"['LW', 'ML']",1700000.0,1845936000.0,1151.0
365,ESP-La Liga,2425,Rayo Vallecano,Óscar Trejo,4,2024,145,3208,M S,19,475,1,0.5267041753977537,1,0.5267041753977537,0,0.7258390188217163,5,9,1,0,3.360026065260172,2.877153880894184,Óscar Trejo,578016000.0,177.0,79.0,Right,Argentina,M,['AM'],390000.0,1782777600.0,553.0
366,ESP-La Liga,2425,Rayo Vallecano,Óscar Valentín,4,2024,145,9811,M S,34,1804,0,0.7470753621309996,0,0.7470753621309996,0,0.8123187460005283,5,13,4,0,4.489038864150643,3.837142636999488,Óscar Valentín,777340800.0,177.0,,Right,Spain,M,"['MC', 'DM']",2100000.0,1814313600.0,462.0
367,ESP-La Liga,2425,Real Betis,Abdessamad Ezzalzouli,4,2024,153,10095,M S,32,2038,2,9.58601439744234,2,8.842736758291721,2,2.4090976025909185,62,26,2,0,13.69968931004405,4.313502963632345,Abdessamad Ezzalzouli,1008547200.0,177.0,,Right,Morocco,M,['LW'],21000000.0,1877472000.0,45170.0
368,ESP-La Liga,2425,Real Betis,Adrián,4,2024,153,527,GK,19,1710,0,0.0,0,0.0,0,0.0,0,0,1,0,2.354312153533101,2.354312153533101,Adrián Bernabé,990835200.0,170.0,,Left,Spain,M,"['MC', 'DM']",14100000.0,1814313600.0,2394.0
369,ESP-La Liga,2425,Real Betis,Aitor Ruibal,4,2024,153,6427,D F M S,29,1287,1,1.2729885298758745,1,1.2729885298758745,3,2.6539328563958406,16,20,5,0,6.9358999859541655,3.7730713337659836,Aitor Ruibal,827452800.0,176.0,,Right,Spain,D,['DR'],3400000.0,1845936000.0,883.0
370,ESP-La Liga,2425,Real Betis,Antony,4,2024,153,11094,M S,17,1372,5,2.7814827393740416,5,2.7814827393740416,2,4.681491408497095,43,37,2,1,9.913269273936749,5.053524797782302,Antony,951350400.0,172.0,,Left,Brazil,M,['RW'],27000000.0,1909008000.0,216268.0
371,ESP-La Liga,2425,Real Betis,Assane Diao,4,2024,153,12081,F S,10,259,1,1.158294815570116,1,1.158294815570116,2,1.7619872577488422,7,8,0,0,2.881862808018923,0.09486651420593262,Assane Diao,1126051200.0,185.0,,Right,Senegal,F,"['RW', 'LW']",31000000.0,1877472000.0,19579.0
372,ESP-La Liga,2425,Real Betis,Carlos Guirao,4,2024,153,12799,M,2,123,0,0.0,0,0.0,0,0.0,0,0,0,0,0.39917847514152527,0.39917847514152527,Carlos Guirao,1051401600.0,175.0,,Right,Spain,M,['MC'],275000.0,1877472000.0,111.0
373,ESP-La Liga,2425,Real Betis,Cédric Bakambu,4,2024,153,2306,F S,25,661,2,3.758650738745928,2,3.758650738745928,2,0.8444724157452583,24,8,3,0,6.533491887152195,2.590415248647332,Cédric Bakambu,671328000.0,182.0,73.0,Right,DR Congo,F,['ST'],1400000.0,1782777600.0,48028.0
374,ESP-La Liga,2425,Real Betis,Diego Llorente,4,2024,153,2163,D S,30,2521,2,1.8447644673287868,2,1.8447644673287868,0,0.3692819196730852,11,6,4,0,9.067388702183962,8.72049055248499,Diego Llorente,745459200.0,185.0,75.0,Right,Spain,D,['DC'],3100000.0,1845936000.0,1211.0
375,ESP-La Liga,2425,Real Betis,Ezequiel Ávila,4,2024,153,6955,F M S,19,642,2,1.8292050613090396,2,1.8292050613090396,0,1.3472508378326893,20,16,5,1,2.97471244353801,1.4486999604851007,,,,,,,,,,,
376,ESP-La Liga,2425,Real Betis,Francisco Vieites,4,2024,153,6643,GK,4,360,0,0.026254035532474518,0,0.026254035532474518,0,0.0,1,0,0,0,0.5004626885056496,0.5004626885056496,Francisco Vieites,926035200.0,196.0,,Left,Spain,G,['GK'],1600000.0,1814313600.0,310.0
377,ESP-La Liga,2425,Real Betis,Giovani Lo Celso,4,2024,153,5681,M S,25,1437,8,4.725559396669269,6,2.495726527646184,3,4.672125656157732,34,43,4,0,9.40762997791171,4.948757715523243,Giovani Lo Celso,829008000.0,177.0,70.0,Left,Argentina,M,"['AM', 'MC']",14600000.0,1845936000.0,15453.0
378,ESP-La Liga,2425,Real Betis,Héctor Bellerín,4,2024,153,492,D S,9,569,0,0.11067985743284225,0,0.11067985743284225,2,1.8224006593227386,1,8,1,0,3.0932593047618866,2.1486966889351606,Héctor Bellerín,795571200.0,178.0,74.0,Right,Spain,D,['DR'],2600000.0,1845936000.0,3834.0
379,ESP-La Liga,2425,Real Betis,Isco,4,2024,153,2255,M S,22,1565,9,8.83439864218235,4,4.374732851982117,8,5.053291022777557,44,61,5,0,11.564061842858791,5.605048647150397,Isco,703814400.0,176.0,74.0,Right,Spain,M,['AM'],4099999.0,1845936000.0,25751.0
380,ESP-La Liga,2425,Real Betis,Jesús Rodriguez,4,2024,153,13059,M S,21,1143,2,2.506282079964876,2,2.506282079964876,0,0.35549480095505714,23,9,0,0,4.386039768345654,2.0090522235259414,Jesús Rodriguez,1132531200.0,185.0,,Right,Spain,M,['LW'],32000000.0,1909008000.0,4717.0
381,ESP-La Liga,2425,Real Betis,Johnny Cardoso,4,2024,153,12323,M S,28,2147,3,2.672853760421276,3,2.672853760421276,1,0.7338516805320978,19,9,4,0,8.907193924766034,7.1631356491707265,Johnny Cardoso,1000944000.0,186.0,,Right,USA,M,"['MC', 'DM']",21000000.0,1909008000.0,6973.0
382,ESP-La Liga,2425,Real Betis,Juan Camilo Hernández,4,2024,153,6954,F S,15,1172,5,4.771737363189459,5,4.771737363189459,1,1.6117898169904947,43,14,0,0,8.0953758507967,2.4433456528931856,Juan Camilo Hernandez,735264000.0,187.0,,Right,Colombia,M,"['DM', 'MC']",105000.0,,9.0
383,ESP-La Liga,2425,Real Betis,Marc Bartra,4,2024,153,2453,D S,25,2101,2,1.374250773806125,2,1.374250773806125,1,0.14252412505447865,18,4,2,0,6.170226151589304,5.694260833784938,Marc Bartra,663897600.0,183.0,73.0,Right,Spain,D,['DC'],1000000.0,1814313600.0,1836.0
384,ESP-La Liga,2425,Real Betis,Marc Roca,4,2024,153,5086,M S,14,912,2,1.1071439906954765,2,1.1071439906954765,2,1.497680176049471,12,12,4,0,5.118632636964321,4.001012057065964,Marc Roca,848966400.0,184.0,74.0,Left,Spain,M,"['MC', 'DM']",4200000.0,1877472000.0,1537.0
385,ESP-La Liga,2425,Real Betis,Mateo Flores,4,2024,153,13111,M S,6,137,0,0.0,0,0.0,0,0.0,0,0,1,0,0.24416854232549667,0.24416854232549667,Mateo Flores,1081296000.0,178.0,,Left,Spain,M,['MC'],1100000.0,1782777600.0,176.0
386,ESP-La Liga,2425,Real Betis,Nabil Fekir,4,2024,153,3667,M,2,180,0,0.5543373860418797,0,0.5543373860418797,1,0.7182417176663876,7,6,0,0,1.026206910610199,0.29133719950914383,Nabil Fekir,742953600.0,173.0,72.0,Left,France,M,['AM'],5900000.0,1782777600.0,3521.0
387,ESP-La Liga,2425,Real Betis,Natan,4,2024,153,11890,D S,31,2163,1,0.49483747547492385,1,0.49483747547492385,1,1.2719630086794496,9,5,5,1,4.738309015519917,3.9922186955809593,Natan,981417600.0,188.0,,Left,Brazil,D,['DC'],21000000.0,1909008000.0,3256.0
388,ESP-La Liga,2425,Real Betis,Nobel Mendy,4,2024,153,12286,D S,2,105,0,0.0,0,0.0,0,0.0,0,0,1,0,0.2061637043952942,0.2061637043952942,Nobel Mendy,1092614400.0,187.0,,Left,Senegal,D,['DC'],6200000.0,,4546.0
389,ESP-La Liga,2425,Real Betis,Pablo Fornals,4,2024,153,2335,M S,26,1876,2,1.9425642574205995,2,1.9425642574205995,0,3.0682716201990843,23,36,2,0,13.264264291152358,9.020378580316901,Pablo Fornals,824947200.0,178.0,67.0,Right,Spain,M,"['MC', 'DM', 'RW']",8400000.0,1877472000.0,2784.0
390,ESP-La Liga,2425,Real Betis,Pablo García,4,2024,153,13376,S,3,29,0,0.0,0,0.0,0,0.0,0,0,0,0,0.08332056552171707,0.08332056552171707,Pablo García,1150156800.0,175.0,67.0,Left,Spain,M,['RW'],10300000.0,1877472000.0,2273.0
391,ESP-La Liga,2425,Real Betis,Ricardo Rodríguez,4,2024,153,308,D S,18,1282,0,0.23641094379127026,0,0.23641094379127026,1,0.3478721398860216,5,7,0,0,4.278080236166716,4.189503628760576,Ricardo Rodríguez,714700800.0,182.0,77.0,Left,Switzerland,D,"['DL', 'DC']",1600000.0,1782777600.0,1714.0
392,ESP-La Liga,2425,Real Betis,Rodrigo Sánchez,4,2024,153,8410,M S,3,117,0,0.13869924284517765,0,0.13869924284517765,0,0.1289544701576233,2,2,0,0,0.8255297336727381,0.6420744676142931,Jesus Rodrigo Sanchez,1056067200.0,183.0,,,USA,G,[],,,3.0
393,ESP-La Liga,2425,Real Betis,Romain Perraud,4,2024,153,6500,D S,28,2005,2,0.5968651231378317,2,0.5968651231378317,2,1.9413560284301639,20,16,8,1,6.984733434394002,5.4319062530994415,Romain Perraud,874886400.0,173.0,68.0,Left,France,D,['DL'],6800000.0,1845936000.0,611.0
394,ESP-La Liga,2425,Real Betis,Rui Silva,4,2024,153,5109,GK,15,1350,0,0.0,0,0.0,0,0.08397701941430569,0,2,1,0,1.903590640053153,1.8196136131882668,Rui Silva,760579200.0,191.0,85.0,Left,Portugal,G,['GK'],6700000.0,1845936000.0,3279.0
395,ESP-La Liga,2425,Real Betis,Sergi Altimira,4,2024,153,11953,M S,32,1985,0,1.6414828356355429,0,1.6414828356355429,1,1.7734992038458586,21,22,4,0,11.457704674452543,9.533348131924868,Sergi Altimira,998697600.0,188.0,,Right,Spain,M,"['MC', 'DM']",19300000.0,1877472000.0,1051.0
396,ESP-La Liga,2425,Real Betis,Sergio Arribas,4,2024,153,13375,D,1,90,0,0.0,0,0.0,0,0.0,0,0,0,0,0.09921707212924957,0.09921707212924957,Sergio Arribas,1001808000.0,174.0,,Left,Spain,M,['AM'],9400000.0,1877472000.0,2488.0
397,ESP-La Liga,2425,Real Betis,Vitor Roque,4,2024,153,12302,F S,22,1252,4,6.066845575347543,4,6.066845575347543,0,1.750490065664053,41,12,4,0,8.748203298076987,1.5339927803725004,Vitor Roque,1109548800.0,174.0,76.0,Right,Brazil,F,['ST'],36000000.0,1893369600.0,71733.0
398,ESP-La Liga,2425,Real Betis,William Carvalho,4,2024,153,6926,M S,14,457,0,0.2245274968445301,0,0.2245274968445301,0,0.2949858708307147,4,6,1,0,2.5842942418530583,2.33039363194257,William Carvalho,702604800.0,187.0,83.0,Right,Portugal,M,"['MC', 'DM']",1200000.0,,1578.0
399,ESP-La Liga,2425,Real Betis,Youssouf Sabaly,4,2024,153,3399,D S,22,1612,0,0.23326754476875067,0,0.23326754476875067,1,0.5775195304304361,5,11,1,0,3.628367379307747,3.188783798366785,Youssouf Sabaly,731289600.0,174.0,70.0,Right,Senegal,D,['DR'],1400000.0,1814313600.0,5473.0
400,ESP-La Liga,2425,Real Betis,Ángel Ortiz,4,2024,153,13374,D S,5,352,0,0.05499137658625841,0,0.05499137658625841,1,0.3685908541083336,2,3,0,0,1.063009262084961,0.651660718023777,Angel Ortiz,1090713600.0,167.0,,Right,Spain,D,['DR'],4400000.0,1877472000.0,493.0
401,ESP-La Liga,2425,Real Madrid,Andriy Lunin,4,2024,150,7194,GK,7,630,0,0.0,0,0.0,1,0.9174719452857971,0,1,0,0,2.6410997100174427,1.723627794533968,Andriy Lunin,918691200.0,191.0,80.0,Right,Ukraine,G,['GK'],14100000.0,1909008000.0,78220.0
402,ESP-La Liga,2425,Real Madrid,Antonio Rüdiger,4,2024,150,1822,D S,29,2291,0,1.8135617095977068,0,1.8135617095977068,0,0.5648185275495052,24,7,3,0,13.106613976880908,12.104738583788276,Antonio Rüdiger,731116800.0,191.0,85.0,Right,Germany,D,['DC'],12400000.0,1782777600.0,187431.0
403,ESP-La Liga,2425,Real Madrid,Arda Güler,4,2024,150,12190,F M S,28,1252,3,3.9991090446710587,3,3.9991090446710587,4,6.170168276876211,39,39,1,0,12.562228230759501,5.0463716592639685,Arda Güler,1109289600.0,176.0,,Left,Türkiye,M,"['MC', 'AM', 'RW']",87000000.0,1877472000.0,394083.0
404,ESP-La Liga,2425,Real Madrid,Aurelien Tchouameni,4,2024,150,6560,D M S,32,2697,0,1.8187198657542467,0,1.8187198657542467,0,0.7172632608562708,19,5,5,0,16.48936167731881,16.299706030637026,Aurélien Tchouaméni,948931200.0,188.0,,Right,France,M,"['MC', 'DM', 'DC']",78000000.0,1845936000.0,143498.0
405,ESP-La Liga,2425,Real Madrid,Brahim Diaz,4,2024,150,6421,F M S,31,1368,4,6.341729912906885,4,6.341729912906885,2,3.2998767849057913,28,23,0,0,17.9341297224164,10.24693552032113,Brahim Díaz,933638400.0,170.0,68.0,Both,Morocco,M,"['RW', 'AM']",37000000.0,1814313600.0,253227.0
406,ESP-La Liga,2425,Real Madrid,Chema Andres,4,2024,150,13078,S,2,4,0,0.0,0,0.0,0,0.0,0,0,0,0,0.07393601536750793,0.07393601536750793,Chema Andrés,1114387200.0,193.0,,Right,Spain,M,"['MC', 'DM']",14600000.0,1909008000.0,8434.0
407,ESP-La Liga,2425,Real Madrid,Dani Ceballos,4,2024,150,2446,M S,23,1235,0,0.30623881332576275,0,0.30623881332576275,0,1.9406326478347182,7,22,4,0,12.38676930218935,11.422802604734898,Dani Ceballos,839376000.0,179.0,65.0,Right,Spain,M,"['MC', 'DM']",8400000.0,1814313600.0,70668.0
408,ESP-La Liga,2425,Real Madrid,Daniel Carvajal,4,2024,150,2260,D S,8,613,1,1.1007791608572006,1,1.1007791608572006,0,0.12688265182077885,3,5,1,0,1.4233372397720814,1.3510061092674732,Daniel Carvajal,695088000.0,173.0,73.0,Right,Spain,D,['DR'],6800000.0,1782777600.0,150213.0
409,ESP-La Liga,2425,Real Madrid,Daniel Yáñez,4,2024,150,13266,S,1,1,0,0.0,0,0.0,0,0.0,0,0,0,0,0.0,0.0,Daniel Yañez,1175040000.0,177.0,,Left,Spain,M,['RW'],160000.0,1877472000.0,9093.0
410,ESP-La Liga,2425,Real Madrid,David Alaba,4,2024,150,391,D S,7,312,0,0.0,0,0.0,0,0.05400341376662254,0,1,1,0,2.8143172040581703,2.7603137865662575,David Alaba,709344000.0,180.0,76.0,Left,Austria,D,['DC'],3600000.0,1782777600.0,92986.0
411,ESP-La Liga,2425,Real Madrid,Eder Militão,4,2024,150,7829,D S,12,938,1,0.6963192941620946,1,0.6963192941620946,1,0.499573415145278,10,6,2,0,3.5480195805430412,3.37402424775064,Éder Militão,885081600.0,186.0,78.0,Right,Brazil,D,['DC'],31000000.0,1845936000.0,148429.0
412,ESP-La Liga,2425,Real Madrid,Eduardo Camavinga,4,2024,150,7359,D M S,19,1079,1,0.891307421028614,1,0.891307421028614,2,0.9148720903322101,8,11,2,0,7.941476784646511,6.6781065706163645,Eduardo Camavinga,1036886400.0,182.0,,Left,France,M,"['MC', 'DM']",48000000.0,1877472000.0,190436.0
413,ESP-La Liga,2425,Real Madrid,Endrick,4,2024,150,12884,F S,22,324,1,2.928210226818919,1,2.928210226818919,0,0.664036899805069,24,5,1,0,3.3894623070955276,0.21316881850361824,Endrick,1153440000.0,173.0,,Left,Brazil,F,['ST'],26000000.0,1782777600.0,427662.0
414,ESP-La Liga,2425,Real Madrid,Federico Valverde,4,2024,150,6241,D M S,36,3035,6,2.51164136454463,6,2.51164136454463,4,4.406744165346026,57,39,4,0,28.01436400040984,23.317611841484904,Federico Valverde,901065600.0,181.0,,Right,Uruguay,M,"['MC', 'DM', 'DR']",116000000.0,,379405.0
415,ESP-La Liga,2425,Real Madrid,Ferland Mendy,4,2024,150,6233,D S,14,1019,0,0.0,0,0.0,1,0.6423391215503216,0,3,1,0,3.990072902292013,3.3814361058175564,Ferland Mendy,802569600.0,178.0,73.0,Left,France,D,['DL'],8500000.0,1845936000.0,70051.0
416,ESP-La Liga,2425,Real Madrid,Fran García,4,2024,150,9810,D S,31,2180,0,1.2241465775296092,0,1.2241465775296092,2,2.21577693708241,14,24,0,0,16.859973955899477,14.89791351184249,Fran García,934588800.0,170.0,,Left,Spain,D,['DL'],13800000.0,1814313600.0,66059.0
417,ESP-La Liga,2425,Real Madrid,Francisco González,4,2024,150,11611,GK,1,90,0,0.0,0,0.0,0,0.0,0,0,0,0,0.06104615330696106,0.06104615330696106,Francisco González,986515200.0,170.0,,Both,Argentina,F,"['RW', 'LW']",1600000.0,1861833600.0,338.0
418,ESP-La Liga,2425,Real Madrid,Gonzalo García,4,2024,150,12035,S,3,46,0,0.4881730079650879,0,0.4881730079650879,1,0.9246947169303894,1,1,0,0,1.4128677248954773,0.9246947169303894,Gonzalo García,1080086400.0,182.0,,Right,Spain,F,"['ST', 'LW']",15500000.0,1909008000.0,102623.0
419,ESP-La Liga,2425,Real Madrid,Jacobo Ramón,4,2024,150,12436,D S,3,201,1,0.4884187579154968,1,0.4884187579154968,0,0.07003195583820343,2,1,1,0,2.682987689971924,2.682987689971924,Jacobo Ramón,1104969600.0,196.0,,Right,Spain,D,['DC'],19100000.0,1909008000.0,13153.0
420,ESP-La Liga,2425,Real Madrid,Jesús Vallejo,4,2024,150,5234,D S,4,139,0,0.0,0,0.0,1,0.4635118953883648,0,2,0,0,0.6160678565502167,0.6160678565502167,Jesús Vallejo,852422400.0,184.0,74.0,Right,Spain,D,['DC'],1000000.0,1814313600.0,19351.0
421,ESP-La Liga,2425,Real Madrid,Jude Bellingham,4,2024,150,8824,M S,31,2510,9,13.084144294261932,8,11.597589049488306,8,4.306040400639176,62,43,5,1,24.682247415184975,15.25862560980022,Jude Bellingham,1056844800.0,188.0,,Right,England,M,"['AM', 'MC', 'ML']",151000000.0,1877472000.0,1048608.0
422,ESP-La Liga,2425,Real Madrid,Kylian Mbappe-Lottin,4,2024,150,3423,F,34,2938,31,30.135635502636433,24,23.446136973798275,3,9.394114961847663,161,51,3,1,38.313463911414146,11.081679956056178,,,,,,,,,,,
423,ESP-La Liga,2425,Real Madrid,Lorenzo Aguado,4,2024,150,13251,S,2,2,0,0.0,0,0.0,0,0.0,0,0,0,0,0.0,0.0,Lorenzo Aguado,1032393600.0,177.0,,Right,Spain,D,['DR'],195000.0,1845936000.0,1962.0
424,ESP-La Liga,2425,Real Madrid,Lucas Vázquez,4,2024,150,2253,D S,32,2218,1,1.871920421719551,1,1.871920421719551,5,5.288628708571196,15,34,4,0,18.242735382169485,13.413350004702806,Lucas Vázquez,678326400.0,173.0,70.0,Right,Spain,D,['DR'],2700000.0,1814313600.0,58221.0
425,ESP-La Liga,2425,Real Madrid,Luka Modric,4,2024,150,2250,M S,35,1774,2,1.616865310817957,2,1.616865310817957,6,7.897417606785893,22,66,7,0,19.557018108665943,15.646373184397817,Luka Modrić,495072000.0,173.0,65.0,Both,Croatia,M,"['MC', 'DM']",4400000.0,1782777600.0,346229.0
426,ESP-La Liga,2425,Real Madrid,Raúl,4,2024,150,13201,D S,23,1675,0,0.07389555126428604,0,0.07389555126428604,1,0.758505895268172,3,7,3,0,12.432612404227257,12.034283690154552,Raúl Asencio,1045094400.0,184.0,,Right,Spain,D,['DC'],27000000.0,1940544000.0,122450.0
427,ESP-La Liga,2425,Real Madrid,Rodrygo,4,2024,150,8015,F M S,30,1965,6,4.724242024123669,6,4.724242024123669,5,4.003597529605031,54,48,0,0,17.572716595605016,11.508674619719386,Rodrygo,978998400.0,174.0,,Right,Brazil,F,"['ST', 'RW']",64000000.0,,731879.0
428,ESP-La Liga,2425,Real Madrid,Thibaut Courtois,4,2024,150,680,GK,30,2700,0,0.0,0,0.0,0,0.17204314470291138,0,1,1,0,9.189394416287541,9.01735127158463,Thibaut Courtois,705542400.0,200.0,94.0,Left,Belgium,G,['GK'],17400000.0,1814313600.0,199762.0
429,ESP-La Liga,2425,Real Madrid,Vinícius Júnior,4,2024,150,7008,F M S,30,2267,11,12.775075949728489,9,10.545243106782436,8,8.639302698895335,81,58,8,1,23.5002229064703,7.632643768563867,Vinicius Júnior,963360000.0,176.0,,Right,Brazil,F,"['LW', 'ST']",156000000.0,,1225139.0
430,ESP-La Liga,2425,Real Madrid,Víctor Muñoz,4,2024,150,13279,S,2,27,0,0.33549484610557556,0,0.33549484610557556,0,0.0,1,0,0,0,1.260189563035965,0.9246947169303894,Victor Muñoz,1058054400.0,173.0,,Right,Spain,F,['RW'],9700000.0,1909008000.0,10708.0
431,ESP-La Liga,2425,Real Sociedad,Aihen Muñoz,4,2024,140,7306,D S,21,1098,0,0.15841398853808641,0,0.15841398853808641,0,0.13091121800243855,6,3,5,0,2.255076190456748,1.9932167269289494,Aihen Muñoz,871689600.0,175.0,72.0,Left,Spain,D,['DL'],3600000.0,1814313600.0,416.0
432,ESP-La Liga,2425,Real Sociedad,Ander Barrenetxea,4,2024,140,7308,F M S,30,1271,1,1.9731221813708544,1,1.9731221813708544,3,2.445582341402769,25,16,6,0,7.312131518498063,3.8329225573688745,Ander Barrenetxea,1009411200.0,174.0,,Right,Spain,F,['LW'],19100000.0,1909008000.0,1626.0
433,ESP-La Liga,2425,Real Sociedad,Aritz Elustondo,4,2024,140,2228,D S,22,1452,0,0.5125560872256756,0,0.5125560872256756,0,0.21774104237556458,4,4,3,1,4.034376330673695,3.880896545946598,Aritz Elustondo,764812800.0,178.0,72.0,Right,Spain,D,"['DC', 'DR']",1900000.0,1782777600.0,405.0
434,ESP-La Liga,2425,Real Sociedad,Arkaitz Mariezkurrena,4,2024,140,13267,F S,9,219,2,1.1344271898269653,2,1.1344271898269653,0,0.5130060613155365,10,2,1,0,1.1769748777151108,0.46711962297558784,Arkaitz Mariezkurrena,1112659200.0,181.0,,Left,Spain,F,['ST'],870000.0,1877472000.0,150.0
435,ESP-La Liga,2425,Real Sociedad,Arsen Zakharyan,4,2024,140,8760,M S,3,70,1,0.13745737075805664,1,0.13745737075805664,0,0.11272140592336655,4,1,0,0,0.16559231281280518,0.028134934604167938,Arsen Zakharyan,1053907200.0,183.0,,Right,Russia,M,"['MC', 'LW']",7300000.0,1877472000.0,4632.0
436,ESP-La Liga,2425,Real Sociedad,Beñat Turrientes,4,2024,140,9465,M S,21,933,0,0.3414947632700205,0,0.3414947632700205,0,0.3740350604057312,7,3,4,0,3.690701810643077,3.262913217768073,Beñat Turrientes,1012435200.0,179.0,,Right,Spain,M,"['MC', 'DM']",8500000.0,1909008000.0,773.0
437,ESP-La Liga,2425,Real Sociedad,Brais Méndez,4,2024,140,6227,F M S,27,1552,3,4.05005325563252,3,4.05005325563252,2,2.2719360133633018,28,23,4,0,6.52224512770772,1.4750360362231731,Brais Méndez,852595200.0,184.0,76.0,Left,Spain,M,"['AM', 'MC']",11600000.0,1845936000.0,1968.0
438,ESP-La Liga,2425,Real Sociedad,Daniel Díaz,4,2024,140,13558,S,1,7,0,0.0,0,0.0,0,0.0,0,0,0,0,0.0,0.0,Daniel Diaz,1027987200.0,183.0,,Right,Cuba,F,['ST'],135000.0,,65.0
439,ESP-La Liga,2425,Real Sociedad,Hamari Traore,4,2024,140,3239,D S,11,725,0,0.32943278551101685,0,0.32943278551101685,1,0.15527166426181793,1,3,2,0,2.319479566067457,2.225889105349779,Hamari Traoré,696470400.0,175.0,64.0,Right,Mali,D,['DR'],1900000.0,1814313600.0,4062.0
440,ESP-La Liga,2425,Real Sociedad,Igor Zubeldia,4,2024,140,2417,D S,28,2283,0,0.9101601960137486,0,0.9101601960137486,0,0.29074523597955704,12,4,6,1,6.002718448638916,5.843149080872536,Igor Zubeldia,859680000.0,180.0,75.0,Right,Spain,D,['DC'],9500000.0,1877472000.0,894.0
441,ESP-La Liga,2425,Real Sociedad,Javier López,4,2024,140,8413,D S,29,1934,0,0.1420955304056406,0,0.1420955304056406,0,0.8678923957049847,5,5,4,0,3.7143019922077656,3.4650006629526615,Javier López,779760000.0,164.0,67.0,Left,Mexico,M,['AM'],280000.0,,171.0
442,ESP-La Liga,2425,Real Sociedad,Jon Ander Olasagasti,4,2024,140,9466,M S,22,821,1,1.2222821153700352,1,1.2222821153700352,1,1.062180433422327,13,6,2,0,4.571244703605771,2.899324605241418,Jon Ander Olasagasti,966384000.0,176.0,,Left,Spain,M,['MC'],1900000.0,1845936000.0,305.0
443,ESP-La Liga,2425,Real Sociedad,Jon Aramburu,4,2024,140,12182,D S,35,2466,1,0.45412842743098736,1,0.45412842743098736,1,0.9028189368546009,11,15,8,0,8.685062544420362,7.967627672478557,Jon Aramburu,1027382400.0,176.0,71.0,Right,Venezuela,D,['DR'],13900000.0,1909008000.0,6508.0
444,ESP-La Liga,2425,Real Sociedad,Jon Magunacelaya,4,2024,140,11204,S,2,5,0,0.0,0,0.0,0,0.0,0,0,0,0,0.6653539538383484,0.6653539538383484,,,,,,,,,,,
445,ESP-La Liga,2425,Real Sociedad,Jon Martín,4,2024,140,12353,D S,13,884,0,0.5016385391354561,0,0.5016385391354561,1,0.15742150135338306,9,4,2,0,1.80347996391356,1.7860948592424393,Jon Martin,1145750400.0,185.0,79.0,Right,Spain,D,['DC'],9600000.0,1940544000.0,1294.0
446,ESP-La Liga,2425,Real Sociedad,Jon Pacheco Dozagarat,4,2024,140,8423,D S,14,849,0,0.09304110705852509,0,0.09304110705852509,0,0.06140895560383797,1,1,3,0,1.0294557493180037,1.0294557493180037,,,,,,,,,,,
447,ESP-La Liga,2425,Real Sociedad,Luka Sucic,4,2024,140,12862,F M S,29,1804,1,3.661727663129568,1,3.661727663129568,1,3.427332490682602,43,25,4,0,10.962948897853494,5.249830558896065,Luka Sučić,1031443200.0,185.0,,Left,Croatia,M,"['AM', 'MC']",10900000.0,1877472000.0,6236.0
448,ESP-La Liga,2425,Real Sociedad,Luken Beitia,4,2024,140,13482,S,1,4,0,0.0,0,0.0,0,0.0,0,0,0,0,0.0,0.0,Luken Beitia,1088553600.0,191.0,,Right,Spain,D,['DC'],315000.0,1877472000.0,113.0
449,ESP-La Liga,2425,Real Sociedad,Martín Zubimendi,4,2024,140,7526,M S,36,2966,2,3.922204528003931,2,3.922204528003931,1,1.213069198653102,24,19,6,0,13.16597349382937,9.92495701648295,Martín Zubimendi,917913600.0,180.0,74.0,Right,Spain,M,"['MC', 'DM']",77000000.0,1909008000.0,26888.0
450,ESP-La Liga,2425,Real Sociedad,Mikel Oyarzabal,4,2024,140,2234,F M S,35,2291,9,10.296421762555838,5,7.323311295360327,3,2.9014988150447607,43,15,4,1,14.105824938043952,4.8401750745251775,Mikel Oyarzabal,861580800.0,181.0,75.0,Left,Spain,F,['ST'],27000000.0,1845936000.0,12011.0
451,ESP-La Liga,2425,Real Sociedad,Naif Aguerd,4,2024,140,6935,D,21,1772,0,2.1500954031944275,0,2.1500954031944275,0,0.35499830543994904,15,5,4,0,5.742619335651398,4.794124662876129,,,,,,,,,,,
452,ESP-La Liga,2425,Real Sociedad,Orri Óskarsson,4,2024,140,13048,F S,23,929,3,5.614245757460594,3,5.614245757460594,0,0.17334534134715796,19,5,1,0,5.697332162410021,0.02703244984149933,Orri Steinn Óskarsson,1093737600.0,186.0,,Right,Iceland,F,['ST'],12500000.0,1909008000.0,2818.0
453,ESP-La Liga,2425,Real Sociedad,Pablo Marín,4,2024,140,11185,M S,23,1224,1,2.1962965931743383,1,2.1962965931743383,2,1.1745108868926764,21,14,3,0,4.396219722926617,1.8085170537233353,Pablo Marín,1057190400.0,178.0,,Right,Spain,M,"['MC', 'AM']",8400000.0,1877472000.0,501.0
454,ESP-La Liga,2425,Real Sociedad,Remiro,4,2024,140,2555,GK,36,3240,0,0.0,0,0.0,0,0.020918255671858788,0,1,0,0,3.760053095407784,3.739134839735925,Álex Remiro,796003200.0,191.0,80.0,Right,Spain,G,['GK'],14900000.0,1814313600.0,2828.0
455,ESP-La Liga,2425,Real Sociedad,Sergio Gómez,4,2024,140,6656,D F M S,37,2745,2,1.8784845154732466,2,1.8784845154732466,5,8.346578739583492,18,56,4,0,11.613184611313045,6.642251364886761,Sergio Gómez,968025600.0,171.0,68.0,Left,Spain,M,"['DL', 'LW']",14600000.0,1909008000.0,4379.0
456,ESP-La Liga,2425,Real Sociedad,Sheraldo Becker,4,2024,140,7882,F M S,22,996,2,1.8835409861057997,2,1.8835409861057997,1,1.7872297391295433,22,8,1,1,4.543094903230667,1.0016518905758858,Sheraldo Becker,792288000.0,180.0,75.0,Right,Suriname,F,['ST'],1500000.0,1782777600.0,1532.0
457,ESP-La Liga,2425,Real Sociedad,Takefusa Kubo,4,2024,140,8001,F M S,36,2392,5,4.2247374802827835,5,4.2247374802827835,0,5.490435244515538,43,45,5,0,14.762839745730162,6.52563825622201,Takefusa Kubo,991612800.0,174.0,67.0,Left,Japan,M,['RW'],31000000.0,1877472000.0,23329.0
458,ESP-La Liga,2425,Real Sociedad,Umar Sadiq,4,2024,140,1450,F S,23,1040,5,4.483702819794416,5,4.483702819794416,0,0.8914264300838113,25,7,5,0,5.731123803183436,1.367764050140977,Umar Sadiq,854841600.0,192.0,75.0,Right,Nigeria,F,['ST'],3900000.0,1845936000.0,3005.0
459,ESP-La Liga,2425,Real Sociedad,Unai Marrero,4,2024,140,9198,GK,2,180,0,0.0,0,0.0,0,0.0,0,0,0,0,0.0,0.0,Unai Marrero,1002585600.0,187.0,,Right,Spain,G,['GK'],655000.0,1814313600.0,287.0
460,ESP-La Liga,2425,Real Sociedad,Álvaro Odriozola,4,2024,140,2418,S,2,35,0,0.0,0,0.0,0,0.0,0,0,1,0,0.028529087081551552,0.028529087081551552,Álvaro Odriozola,818899200.0,175.0,74.0,Right,Spain,D,['DR'],825000.0,1877472000.0,2560.0
461,ESP-La Liga,2425,Real Valladolid,Adam Aznou,4,2024,231,12371,D M S,13,884,0,0.2700843885540962,0,0.2700843885540962,0,0.5333969108760357,4,6,2,0,2.35653112642467,1.700465090572834,Adam Aznou,1149206400.0,178.0,,Left,Morocco,D,['DL'],7200000.0,1877472000.0,13116.0
462,ESP-La Liga,2425,Real Valladolid,Adrián Arnu,4,2024,231,13271,S,5,35,0,0.4803195297718048,0,0.4803195297718048,0,0.0,3,0,0,0,0.4884312395006418,0.008111709728837013,Adrián Arnu,1172966400.0,185.0,,Right,Spain,F,['ST'],475000.0,1782777600.0,335.0
463,ESP-La Liga,2425,Real Valladolid,Amath Diedhiou,4,2024,231,2532,D F M S,13,366,0,0.31370776519179344,0,0.31370776519179344,1,0.5991875231266022,5,6,1,0,1.7682834044098854,0.8553881216794252,Amath Diedhiou,627436800.0,170.0,72.0,Left,Senegal,M,"['ST', 'LW', 'RW']",24000.0,,10.0
464,ESP-La Liga,2425,Real Valladolid,André Ferreira,4,2024,231,11829,GK,6,540,0,0.0,0,0.0,0,0.0,0,0,0,0,0.5378006994724274,0.5378006994724274,André Ferreira,833328000.0,193.0,76.0,Right,Portugal,G,['GK'],555000.0,1845936000.0,218.0
465,ESP-La Liga,2425,Real Valladolid,Antonio Candela,4,2024,231,7412,D,12,935,0,0.049565766006708145,0,0.049565766006708145,0,0.39336270838975906,1,6,1,0,1.2190991677343845,1.0097903609275818,Antonio Candela,956793600.0,182.0,,Right,Italy,D,"['MR', 'DR']",980000.0,1782777600.0,262.0
466,ESP-La Liga,2425,Real Valladolid,Anuar Mohamed,4,2024,231,6918,D F M S,26,1748,2,2.2580461110919714,2,2.2580461110919714,0,1.1850194483995438,11,8,7,0,6.01671346463263,2.9845049623399973,Mohamed Antar,725846400.0,171.0,,Right,Egypt,M,['LW'],160000.0,1782777600.0,31.0
467,ESP-La Liga,2425,Real Valladolid,Arnau Rafús,4,2024,231,12898,GK,1,90,0,0.0,0,0.0,0,0.0,0,0,0,0,0.08616053313016891,0.08616053313016891,Arnau Rafús,1051401600.0,190.0,,Right,Spain,G,['GK'],195000.0,1782777600.0,49.0
468,ESP-La Liga,2425,Real Valladolid,Cenk Özkacar,4,2024,231,9015,D S,11,750,0,0.11499489098787308,0,0.11499489098787308,0,0.026881974190473557,2,1,1,0,1.8349664360284805,1.8349664360284805,Cenk Özkaçar,970790400.0,190.0,,Left,Türkiye,D,"['DC', 'DL']",2100000.0,1782777600.0,729.0
469,ESP-La Liga,2425,Real Valladolid,Chuki,4,2024,231,12896,F M S,18,720,2,2.6113636139780283,2,2.6113636139780283,0,1.4040046986192465,16,8,1,0,4.210758607834578,0.8702943343669176,Chukid Wanpraphao,994032000.0,183.0,72.0,Right,Thailand,F,[],52000.0,1782777600.0,5.0
470,ESP-La Liga,2425,Real Valladolid,Darwin Machís,4,2024,231,4226,F M S,18,621,0,1.1362375617027283,0,1.1362375617027283,1,1.0831428170204163,14,8,0,0,2.728137221187353,0.7401521652936935,Darwin Machís,729043200.0,174.0,70.0,Right,Venezuela,F,"['LW', 'ML']",475000.0,1830211200.0,1564.0
471,ESP-La Liga,2425,Real Valladolid,David Torres,4,2024,231,10888,D S,18,1384,0,0.21321159973740578,0,0.21321159973740578,0,0.010946216993033886,3,1,5,0,2.80377159640193,2.7928253822028637,David Torres,1046822400.0,182.0,,Left,Spain,D,['DC'],1600000.0,1782777600.0,148.0
472,ESP-La Liga,2425,Real Valladolid,Eray Cömert,4,2024,231,10382,D M S,25,1800,0,1.2057364508509636,0,1.2057364508509636,0,0.0,9,0,6,0,3.229504119604826,3.0606322437524796,Eray Cömert,886550400.0,183.0,80.0,Right,Switzerland,D,['DC'],2200000.0,1782777600.0,541.0
473,ESP-La Liga,2425,Real Valladolid,Florian Grillitsch,4,2024,231,116,M S,13,627,0,0.2258069235831499,0,0.2258069235831499,0,0.646667268127203,4,8,1,0,2.6171116773039103,2.1164703760296106,Florian Grillitsch,807753600.0,187.0,77.0,Right,Austria,M,"['MC', 'DM', 'DC']",2100000.0,1814313600.0,756.0
474,ESP-La Liga,2425,Real Valladolid,Henrique,4,2024,231,9778,D S,5,354,0,0.05003998056054115,0,0.05003998056054115,0,0.03174110967665911,1,2,0,0,0.8846581093966961,0.8529170006513596,Bruno Henrique,662515200.0,184.0,71.0,Right,Brazil,F,"['ST', 'LW']",825000.0,1798675200.0,33344.0
475,ESP-La Liga,2425,Real Valladolid,Iago Parente,4,2024,231,13609,D,1,73,0,0.0,0,0.0,0,0.023362308740615845,0,1,0,0,0.21839162707328796,0.19502931833267212,Iago Parente,1140825600.0,180.0,,Right,Spain,D,[],160000.0,1782777600.0,24.0
476,ESP-La Liga,2425,Real Valladolid,Ibrahim Alani,4,2024,231,13629,M S,3,154,0,0.015386966057121754,0,0.015386966057121754,0,0.0,1,0,0,0,0.5193248661234975,0.5039379000663757,Ibrahim Alani,1154131200.0,175.0,,Right,Nigeria,M,['MC'],485000.0,1814313600.0,116.0
477,ESP-La Liga,2425,Real Valladolid,Iván Sánchez,4,2024,231,4169,F M S,32,1365,2,0.6651053056120872,2,0.6651053056120872,1,2.8943237783387303,15,23,4,0,5.540360562503338,3.337217738851905,Iván Sánchez,717206400.0,168.0,55.0,Left,Spain,M,"['RW', 'MC']",485000.0,1814313600.0,217.0
478,ESP-La Liga,2425,Real Valladolid,Javi Sánchez,4,2024,231,7245,D,25,2050,2,0.5223447591997683,2,0.5223447591997683,0,0.4835602529346943,11,6,6,0,4.498294638469815,4.425020037218928,Javi Sánchez,858297600.0,189.0,71.0,Right,Spain,D,['DC'],750000.0,1782777600.0,413.0
479,ESP-La Liga,2425,Real Valladolid,Juan Latasa,4,2024,231,10399,F S,28,1376,3,4.549709668383002,3,4.549709668383002,0,0.5770094022154808,40,12,6,1,6.718333991244435,2.7973670260980725,Juanmi Latasa,985305600.0,191.0,,Left,Spain,F,['ST'],1900000.0,1877472000.0,1927.0
480,ESP-La Liga,2425,Real Valladolid,Juma Bah,4,2024,231,13100,D S,12,862,0,0.1810958832502365,0,0.1810958832502365,0,0.017991285771131516,3,1,1,0,1.3852787390351295,1.3852787390351295,Abdulay Juma Bah,1144713600.0,195.0,,Right,Sierra Leone,D,['DC'],7300000.0,1782777600.0,5916.0
481,ESP-La Liga,2425,Real Valladolid,Karl Hein,4,2024,231,9692,GK,31,2790,0,0.0,0,0.0,0,0.0,0,0,0,0,3.15960406139493,3.15960406139493,Karl Hein,1018656000.0,193.0,,Right,Estonia,G,['GK'],2900000.0,1782777600.0,4077.0
482,ESP-La Liga,2425,Real Valladolid,Kenedy,4,2024,231,689,S,2,2,0,0.08182850480079651,0,0.08182850480079651,0,0.0,1,0,0,0,0.0,0.0,Kenedy,823737600.0,182.0,77.0,Left,Brazil,M,"['RW', 'ML']",680000.0,1782777600.0,1431.0
483,ESP-La Liga,2425,Real Valladolid,Kike Pérez,4,2024,231,8470,M S,19,1225,2,2.2361309342086315,2,2.2361309342086315,0,1.3833393813110888,20,17,6,0,4.428907737135887,2.3818359691649675,Kike Pérez,855878400.0,184.0,,Left,Spain,M,['MC'],2000000.0,1814313600.0,317.0
484,ESP-La Liga,2425,Real Valladolid,Lucas Rosa,4,2024,231,11147,D,21,1890,0,0.8605911070480943,0,0.8605911070480943,1,2.0154185853898525,8,12,6,0,5.403128119185567,3.0375463608652353,Lucas Rosa,954720000.0,177.0,,Right,Brazil,D,"['DR', 'DL']",4300000.0,1877472000.0,708.0
485,ESP-La Liga,2425,Real Valladolid,Luis Pérez,4,2024,231,8762,D M S,30,2548,0,0.15395120531320572,0,0.15395120531320572,0,2.6107717398554087,5,28,2,0,6.574388632550836,4.48120036534965,Luis Pérez,791856000.0,173.0,68.0,Right,Spain,D,['DR'],1300000.0,1814313600.0,255.0
486,ESP-La Liga,2425,Real Valladolid,Mamadou Sylla,4,2024,231,2433,F M S,29,1569,5,4.97304823808372,1,1.9999377820640802,1,0.9637680817395449,22,13,5,0,3.720175037160516,1.235566534101963,Mamadou Sylla,764121600.0,184.0,80.0,Right,Senegal,F,['ST'],1100000.0,,1336.0
487,ESP-La Liga,2425,Real Valladolid,Marcos de Sousa,4,2024,231,8933,F S,22,1213,1,3.194758642464876,1,3.194758642464876,2,1.4116674680262804,22,9,5,0,4.97852729447186,1.9576363377273083,Francisco Marcos de Sousa Almeida,1240444800.0,,,,Brazil,,[],,,0.0
488,ESP-La Liga,2425,Real Valladolid,Mario Maroto,4,2024,231,11568,S,2,56,0,0.018085360527038574,0,0.018085360527038574,1,0.025320235639810562,1,1,0,0,0.10414540767669678,0.06073981150984764,Mario Maroto,1041379200.0,176.0,,Left,Spain,M,['MC'],195000.0,1782777600.0,37.0
489,ESP-La Liga,2425,Real Valladolid,Mario Martín,4,2024,231,11349,M S,30,1740,0,1.6727460799738765,0,1.6727460799738765,1,1.3807980883866549,27,12,6,3,6.022261788137257,3.702557012438774,Mario Martín,1078444800.0,177.0,72.0,Right,Spain,M,"['MC', 'DM']",5300000.0,1782777600.0,16315.0
490,ESP-La Liga,2425,Real Valladolid,Raul Moro,4,2024,231,8584,F M S,33,2352,4,4.517319541424513,4,4.517319541424513,5,5.584715690463781,45,44,2,0,10.957694323733449,3.5828979313373566,Raúl Moro,1039046400.0,169.0,,Right,Spain,M,['LW'],6700000.0,1940544000.0,1573.0
491,ESP-La Liga,2425,Real Valladolid,Raúl Chasco,4,2024,231,12900,D S,2,127,0,0.0,0,0.0,0,0.03962339460849762,0,1,0,0,0.03962339460849762,0.0,Raúl Chasco,1063411200.0,177.0,,Left,Spain,D,['DL'],160000.0,1782777600.0,36.0
492,ESP-La Liga,2425,Real Valladolid,Selim Amallah,4,2024,231,11379,F M S,24,1405,3,2.619664514437318,2,1.8763869162648916,1,1.3254356244578958,23,13,6,0,3.970121822319925,1.9085519732907414,Selim Amallah,848016000.0,187.0,,Right,Morocco,M,"['AM', 'MC']",1500000.0,,6273.0
493,ESP-La Liga,2425,Real Valladolid,Stanko Juric,4,2024,231,12894,M S,26,1757,0,0.38851284980773926,0,0.38851284980773926,0,0.5273087993264198,8,4,5,1,5.142895905300975,4.918737573549151,Stanko Jurić,840153600.0,189.0,,Right,Croatia,M,"['MC', 'DM']",1100000.0,1814313600.0,478.0
494,ESP-La Liga,2425,Real Valladolid,Tamás Nikitscher,4,2024,231,13404,D M S,13,853,0,0.01941521279513836,0,0.01941521279513836,0,0.030480466783046722,1,2,2,0,3.283312425017357,3.2515020966529846,Tamás Nikitscher,941587200.0,193.0,,Left,Hungary,M,"['DM', 'MC']",480000.0,1877472000.0,955.0
495,ESP-La Liga,2425,Real Valladolid,Víctor Meseguer,4,2024,231,12895,M S,14,376,0,0.4323925329372287,0,0.4323925329372287,0,0.025211671367287636,6,1,1,0,1.2918654140084982,0.9241588413715363,Víctor Meseguer,928886400.0,184.0,,Right,Spain,M,"['MC', 'DM']",1400000.0,1877472000.0,90.0
496,ESP-La Liga,2425,Real Valladolid,Xavi Moreno,4,2024,231,13639,F,1,49,0,0.0,0,0.0,0,0.0,0,0,0,0,0.14089703559875488,0.14089703559875488,Xavi Moreno,1099612800.0,175.0,,Left,Spain,F,[],310000.0,1782777600.0,46.0
497,ESP-La Liga,2425,Sevilla,Adrià Pedrosa,4,2024,138,7174,D M S,31,2323,1,0.8653349922969937,1,0.8653349922969937,1,1.7180400965735316,24,20,7,0,6.368501749821007,4.71879200451076,Adrià Pedrosa,895017600.0,176.0,69.0,Left,Spain,D,['DL'],3900000.0,1782777600.0,819.0
498,ESP-La Liga,2425,Sevilla,Akor Adams,4,2024,138,11783,F S,4,122,0,0.4311645030975342,0,0.4311645030975342,0,0.0,2,0,0,0,0.5013578534126282,0.070193350315094,Akor Adams,949104000.0,190.0,,Right,Nigeria,F,['ST'],6800000.0,1877472000.0,24981.0
499,ESP-La Liga,2425,Sevilla,Albert Sambi Lokonga,4,2024,138,9689,M S,22,1482,0,0.7697582906112075,0,0.7697582906112075,2,1.4027855917811394,13,19,4,0,4.781468503177166,3.417637664824724,Albert Sambi Lokonga,940550400.0,183.0,,Right,Belgium,M,"['MC', 'DM']",8199999.0,1845936000.0,3592.0
500,ESP-La Liga,2425,Sevilla,Chidera Ejuke,4,2024,138,8694,F M S,25,917,2,0.9540498401038349,2,0.9540498401038349,1,1.5952777117490768,20,21,0,0,3.6467593014240265,1.846392972394824,Chidera Ejuke,883699200.0,176.0,72.0,Right,Nigeria,F,"['LW', 'RW']",3700000.0,1814313600.0,3094.0
501,ESP-La Liga,2425,Sevilla,Darío Benavides,4,2024,138,12244,S,1,3,0,0.0,0,0.0,0,0.0,0,0,1,0,0.0,0.0,Darío Benavides,1042329600.0,178.0,,Right,Spain,D,['DR'],390000.0,1845936000.0,49.0
502,ESP-La Liga,2425,Sevilla,Diego Hormigo,4,2024,138,11265,M,1,37,0,0.11530409753322601,0,0.11530409753322601,0,0.0,1,0,0,0,0.11530409753322601,0.11530409753322601,Diego Hormigo,1050451200.0,182.0,,Left,Spain,D,['DL'],290000.0,1845936000.0,47.0
503,ESP-La Liga,2425,Sevilla,Djibril Sow,4,2024,138,2624,M S,30,2095,2,2.67853897344321,2,2.67853897344321,1,2.0170963145792484,22,21,5,0,8.381441345438361,4.899879834614694,Djibril Sow,855187200.0,184.0,77.0,Right,Switzerland,M,"['MC', 'DM']",7100000.0,1877472000.0,1961.0
504,ESP-La Liga,2425,Sevilla,Dodi Lukebakio,4,2024,138,5706,F M S,38,3117,11,9.242684002034366,10,8.499406362883747,2,5.390696790069342,94,54,3,1,14.772395074367523,3.354012044146657,Dodi Lukebakio,875059200.0,187.0,77.0,Left,Belgium,M,['RW'],18800000.0,1909008000.0,4908.0
505,ESP-La Liga,2425,Sevilla,García Pascual,4,2024,138,13294,F S,7,372,1,0.9836342222988605,1,0.9836342222988605,0,0.028737172484397888,11,2,0,0,2.0151879340410233,1.1216245852410793,Alvaro Garcia-Pascual,1027209600.0,190.0,,Right,Spain,F,['ST'],1100000.0,1845936000.0,154.0
506,ESP-La Liga,2425,Sevilla,Gonzalo Montiel,4,2024,138,9897,D S,6,103,0,0.06964128464460373,0,0.06964128464460373,0,0.0,1,0,1,0,0.12177861854434013,0.052137333899736404,Gonzalo Montiel,852076800.0,175.0,69.0,Right,Argentina,D,['DR'],4800000.0,1861833600.0,8740.0
507,ESP-La Liga,2425,Sevilla,Isaac Romero,4,2024,138,12305,F M S,31,2200,4,8.177621133625507,4,7.43434352427721,2,2.5907919127494097,54,20,10,1,10.549905876629055,1.726088616065681,Isaac Romero,958608000.0,184.0,,Left,Spain,F,['ST'],6200000.0,1845936000.0,1443.0
508,ESP-La Liga,2425,Sevilla,Israel Domínguez,4,2024,138,13197,S,1,15,0,0.0,0,0.0,0,0.0,0,0,0,0,0.0,0.0,,,,,,,,,,,
509,ESP-La Liga,2425,Sevilla,Jesús Navas,4,2024,138,616,D F M S,15,410,1,0.6231549140065908,1,0.6231549140065908,0,0.48120117746293545,3,10,0,0,1.966650802642107,1.0561606734991074,Jesús Navas,501379200.0,170.0,60.0,Right,Spain,D,['DR'],,,1532.0
510,ESP-La Liga,2425,Sevilla,José Ángel Carmona,4,2024,138,9809,D,35,2993,0,0.5965822013095021,0,0.5965822013095021,0,1.952981909736991,19,19,11,0,9.571447130292654,8.17957978695631,José Ángel Carmona,1012262400.0,183.0,,Right,Spain,D,['DR'],11100000.0,1845936000.0,1008.0
511,ESP-La Liga,2425,Sevilla,Juanlu Sanchez,4,2024,138,8409,D F M S,32,1740,4,2.9181873984634876,4,2.9181873984634876,4,2.713099295273423,13,25,4,1,9.498570716939867,5.508796711452305,Juanlu Sánchez,1060905600.0,186.0,,Right,Spain,M,"['DR', 'MR']",14600000.0,1877472000.0,1117.0
512,ESP-La Liga,2425,Sevilla,Kelechi Iheanacho,4,2024,138,620,F S,9,401,0,1.0177823081612587,0,1.0177823081612587,0,0.21381378918886185,9,5,0,0,1.3642380880191922,0.1326419608667493,Kelechi Iheanacho,844300800.0,184.0,77.0,Left,Nigeria,F,['ST'],3900000.0,1782777600.0,4804.0
513,ESP-La Liga,2425,Sevilla,Kike Salas,4,2024,138,10334,D S,31,2238,3,2.17479966301471,3,2.17479966301471,2,0.7522149085998535,23,6,6,0,7.3058014791458845,6.531272469088435,Kike Salas,1019433600.0,186.0,,Left,Spain,D,"['DC', 'DL']",6600000.0,1877472000.0,959.0
514,ESP-La Liga,2425,Sevilla,Leandro Antonetti,4,2024,138,13381,S,2,17,0,0.279886394739151,0,0.279886394739151,0,0.025769414380192757,1,1,0,0,0.30565580911934376,0.0,Leandro Antonetti,1042416000.0,189.0,81.0,Left,Puerto Rico,F,['ST'],205000.0,1845936000.0,336.0
515,ESP-La Liga,2425,Sevilla,Loic Bade,4,2024,138,8665,D S,32,2682,1,0.822739202529192,1,0.822739202529192,1,0.36382800713181496,13,4,7,1,6.654904995113611,6.318080799654126,Loïc Badé,955411200.0,191.0,,Right,France,D,['DC'],27000000.0,1909008000.0,3179.0
516,ESP-La Liga,2425,Sevilla,Lucas Ocampos,4,2024,138,1109,F M,2,180,0,0.15823915600776672,0,0.15823915600776672,1,0.31620002165436745,4,3,0,0,1.6242642737925053,1.1721971035003662,Lucas Ocampos,773884800.0,187.0,84.0,Both,Argentina,M,"['LW', 'RW']",4400000.0,1814313600.0,3389.0
517,ESP-La Liga,2425,Sevilla,Lucien Agoume,4,2024,138,8165,M S,35,2113,1,0.6494429102167487,1,0.6494429102167487,3,2.382107900455594,10,26,5,1,8.198752930387855,6.973515490069985,Lucien Agoumé,1013212800.0,185.0,,Right,France,M,"['MC', 'DM']",12400000.0,1845936000.0,2079.0
518,ESP-La Liga,2425,Sevilla,Manu Bueno,4,2024,138,11266,M S,9,111,1,0.11979928240180016,1,0.11979928240180016,0,0.0,4,0,0,0,0.14344529435038567,0.06387227401137352,Manu Bueno,1090886400.0,178.0,,Left,Spain,M,"['MC', 'DM']",1500000.0,1814313600.0,223.0
519,ESP-La Liga,2425,Sevilla,Marcão,4,2024,138,10999,D S,12,547,0,0.0,0,0.0,0,0.0,0,0,4,1,0.5308978008106351,0.5308978008106351,Marcão,833932800.0,185.0,75.0,Left,Brazil,D,['DC'],2600000.0,1845936000.0,1046.0
520,ESP-La Liga,2425,Sevilla,Mateo Mejia,4,2024,138,13124,S,1,9,0,0.0,0,0.0,0,0.0,0,0,0,0,0.0,0.0,Mateo Mejía,1049068800.0,188.0,,Right,Colombia,M,['RW'],410000.0,1845936000.0,329.0
521,ESP-La Liga,2425,Sevilla,Nemanja Gudelj,4,2024,138,7888,D M S,31,2495,1,1.5126035250723362,0,0.7693259008228779,1,0.6460477821528912,23,14,6,0,7.393706795759499,7.003295914269984,Nemanja Gudelj,690249600.0,187.0,73.0,Right,Serbia,M,"['DC', 'DM', 'MC']",2400000.0,1782777600.0,1670.0
522,ESP-La Liga,2425,Sevilla,Nianzou Kouassi,4,2024,138,7981,D,6,524,0,0.1741262972354889,0,0.1741262972354889,0,0.0,2,0,1,1,1.5784379113465548,1.5784379113465548,,,,,,,,,,,
523,ESP-La Liga,2425,Sevilla,Peque,4,2024,138,12742,F M S,26,1144,1,1.9474023068323731,1,1.9474023068323731,1,1.3418455142527819,19,12,1,0,5.483433924615383,2.278570069000125,Peque Fernández,1033689600.0,168.0,,Right,Spain,M,['AM'],3800000.0,1845936000.0,872.0
524,ESP-La Liga,2425,Sevilla,Ramón Martínez,4,2024,138,13198,D S,5,252,1,0.5181827507913113,1,0.5181827507913113,0,0.06748511642217636,4,1,0,0,0.4108735918998718,0.31278005614876747,Ramón Martínez,1035244800.0,185.0,,Right,Spain,D,['DC'],1000000.0,1877472000.0,234.0
525,ESP-La Liga,2425,Sevilla,Ruben Vargas,4,2024,138,7810,F M S,11,693,2,2.7851509768515825,2,2.7851509768515825,1,1.0344063863158226,17,13,0,0,2.9268061202019453,0.3538123592734337,Ruben Vargas,902275200.0,179.0,64.0,Right,Switzerland,M,"['AM', 'LW']",11100000.0,1877472000.0,2657.0
526,ESP-La Liga,2425,Sevilla,Saúl Ñíguez,4,2024,138,2266,M S,24,1556,1,3.6541598848998547,1,3.6541598848998547,6,2.1105209328234196,42,22,8,1,5.336512237787247,1.7422028593719006,Saúl Ñíguez,785376000.0,184.0,76.0,Left,Spain,M,"['MC', 'DM']",2400000.0,1861833600.0,13624.0
527,ESP-La Liga,2425,Sevilla,Stanis Idumbo Muzambo,4,2024,138,12426,M S,14,255,1,0.3827561968937516,1,0.3827561968937516,1,0.6035402454435825,4,6,0,0,1.4288319367915392,0.49938049353659153,Stanis Idumbo Muzambo,1120003200.0,170.0,,Right,Belgium,M,['MC'],4700000.0,1909008000.0,868.0
528,ESP-La Liga,2425,Sevilla,Suso,4,2024,138,1129,F M S,16,572,0,0.632983285933733,0,0.632983285933733,2,2.1810974460095167,16,22,3,0,5.093297783285379,3.626874230802059,Suso,753667200.0,176.0,70.0,Left,Spain,M,"['RW', 'AM']",1200000.0,1877472000.0,1350.0
529,ESP-La Liga,2425,Sevilla,Valentín Barco,4,2024,138,12498,D S,7,279,0,0.2852184399962425,0,0.2852184399962425,0,0.42660581693053246,7,6,0,0,0.8868219666182995,0.6660768240690231,Valentín Barco,1090540800.0,172.0,,Left,Argentina,M,"['MC', 'DM', 'DL']",27000000.0,1877472000.0,12004.0
530,ESP-La Liga,2425,Sevilla,Álvaro Fernández,4,2024,138,5191,GK S,9,744,0,0.0,0,0.0,0,0.051591694355010986,0,1,2,0,0.34520370978862047,0.34520370978862047,Álvaro Fernández,892425600.0,186.0,75.0,Left,Spain,G,['GK'],1900000.0,1814313600.0,271.0
531,ESP-La Liga,2425,Sevilla,Álvaro Pascual,4,2024,138,13276,S,1,43,0,0.0,0,0.0,0,0.0,0,0,1,0,0.03457407280802727,0.03457407280802727,Alvaro Garcia-Pascual,1027209600.0,190.0,,Right,Spain,F,['ST'],1100000.0,1845936000.0,154.0
532,ESP-La Liga,2425,Sevilla,Ørjan Nyland,4,2024,138,250,GK,30,2676,0,0.0,0,0.0,0,0.36371440812945366,0,4,2,0,5.49717366322875,5.133459262549877,Ørjan Nyland,652924800.0,192.0,78.0,Right,Norway,G,['GK'],930000.0,1782777600.0,1000.0
533,ESP-La Liga,2425,Valencia,Alberto Mari,4,2024,146,11412,S,1,2,0,0.0,0,0.0,0,0.0,0,0,0,0,0.0,0.0,Alberto Mari,994809600.0,183.0,,Right,Spain,F,['ST'],880000.0,1782777600.0,108.0
534,ESP-La Liga,2425,Valencia,André Almeida,4,2024,146,11057,F M S,34,2019,0,1.4373879488557577,0,1.4373879488557577,4,3.6807948546484113,18,43,2,0,7.721359102986753,4.680089517496526,André Almeida,959644800.0,176.0,62.0,Right,Portugal,M,"['MC', 'AM']",9300000.0,1877472000.0,1157.0
535,ESP-La Liga,2425,Valencia,Cristhian Mosquera,4,2024,146,10024,D,37,3322,1,0.35144824907183647,1,0.35144824907183647,0,0.0,5,0,6,0,8.561127007007599,8.436696499586105,Cristhian Mosquera,1088294400.0,191.0,,Right,Spain,D,['DC'],33000000.0,1909008000.0,16236.0
536,ESP-La Liga,2425,Valencia,César Tárrega,4,2024,146,10107,D,34,3029,2,2.2794765969738364,2,2.2794765969738364,0,0.10934620723128319,20,3,7,0,6.555291777476668,6.525526171550155,César Tárrega,1014681600.0,193.0,,Right,Spain,D,['DC'],15500000.0,1909008000.0,817.0
537,ESP-La Liga,2425,Valencia,Dani Gómez,4,2024,146,8774,F S,14,504,2,2.6963067073374987,2,2.6963067073374987,0,0.03244921937584877,13,1,0,0,2.752524020150304,0.023768087849020958,Dani Gómez,901756800.0,177.0,70.0,Right,Spain,F,['ST'],970000.0,1845936000.0,227.0
538,ESP-La Liga,2425,Valencia,David Otorbi,4,2024,146,12297,S,1,7,0,0.0,0,0.0,0,0.0,0,0,0,0,0.0,0.0,David Otorbi,1192492800.0,180.0,,Right,Spain,F,['RW'],465000.0,1782777600.0,234.0
539,ESP-La Liga,2425,Valencia,Diego López,4,2024,146,9694,D F M S,38,2839,8,6.927521674893796,8,6.927521674893796,5,5.98000256344676,44,37,3,0,16.81591833010316,6.181694879196584,Diego López,1021248000.0,172.0,,Right,Spain,M,"['LW', 'ML']",16000000.0,1877472000.0,1328.0
540,ESP-La Liga,2425,Valencia,Dimitri Foulquier,4,2024,146,2509,D S,32,2293,0,0.6142633771523833,0,0.6142633771523833,1,1.5556177590042353,12,10,6,0,7.5555700827389956,6.142678575590253,Dimitri Foulquier,732844800.0,183.0,79.0,Right,Guadeloupe,D,['DR'],1300000.0,1814313600.0,460.0
541,ESP-La Liga,2425,Valencia,Enzo Barrenechea,4,2024,146,11140,M S,30,2245,1,1.2636710880324244,1,1.2636710880324244,2,0.8316491199657321,16,15,6,0,8.320930921472609,7.63057738635689,Enzo Barrenechea,990489600.0,186.0,,Right,Argentina,M,"['MC', 'DM']",13800000.0,1782777600.0,6825.0
542,ESP-La Liga,2425,Valencia,Fran Pérez,4,2024,146,10944,M S,26,497,0,0.2854073029011488,0,0.2854073029011488,0,1.9469192065298557,6,7,1,0,2.0981137175112963,0.7753390502184629,Fran Pérez,1031529600.0,176.0,,Right,Spain,M,"['RW', 'MR']",2800000.0,1877472000.0,495.0
543,ESP-La Liga,2425,Valencia,German Valera,4,2024,146,8230,M S,8,127,0,0.16567853651940823,0,0.16567853651940823,0,0.044190116226673126,3,1,0,0,0.5749106034636497,0.4092320650815964,Germán Valera,1016236800.0,170.0,,Left,Spain,M,"['RW', 'ML']",5200000.0,1814313600.0,866.0
544,ESP-La Liga,2425,Valencia,Giorgi Mamardashvili,4,2024,146,9693,GK,34,3060,0,0.0,0,0.0,0,0.06858465448021889,0,2,2,0,2.814506022259593,2.7459213603287935,Giorgi Mamardashvili,970185600.0,200.0,,Left,Georgia,G,['GK'],29000000.0,1940544000.0,17562.0
545,ESP-La Liga,2425,Valencia,Hugo Duro,4,2024,146,6637,F S,31,2180,11,10.968763902783394,10,10.225486233830452,2,1.450842097401619,48,13,5,0,10.645109824836254,0.9808358121663332,Hugo Duro,942192000.0,180.0,,Left,Spain,F,['ST'],11600000.0,1845936000.0,2832.0
546,ESP-La Liga,2425,Valencia,Hugo Guillamón,4,2024,146,8334,M S,12,346,0,0.05681055597960949,0,0.05681055597960949,0,0.03991932049393654,2,2,2,0,0.2140206452459097,0.11729076318442822,Hugo Guillamón,949276800.0,178.0,,Right,Spain,M,"['MC', 'DM']",2100000.0,1814313600.0,882.0
547,ESP-La Liga,2425,Valencia,Iker Córdoba,4,2024,146,13002,S,2,7,0,0.0,0,0.0,0,0.05422019213438034,0,1,0,0,0.05422019213438034,0.0,Iker Cordoba,1131667200.0,190.0,,Left,Spain,D,['DC'],485000.0,1782777600.0,89.0
548,ESP-La Liga,2425,Valencia,Iván Jaime,4,2024,146,13436,M S,9,277,0,0.4353244826197624,0,0.4353244826197624,0,0.38603609055280685,8,4,0,0,1.7398566231131554,1.1461346112191677,Iván Jaime,969926400.0,180.0,,Right,Spain,M,"['LW', 'AM']",4700000.0,1782777600.0,1016.0
549,ESP-La Liga,2425,Valencia,Javier Guerra,4,2024,146,10322,F M S,36,2642,3,2.3096360610798,3,2.3096360610798,3,3.4588873218744993,47,23,5,0,11.508765971288085,7.850300427526236,Javier Guerra,1052784000.0,187.0,,Right,Spain,M,"['MC', 'DM']",26000000.0,1877472000.0,1865.0
550,ESP-La Liga,2425,Valencia,Jesús Vázquez,4,2024,146,9217,D S,19,907,0,0.2721162671223283,0,0.2721162671223283,0,0.5348998308181763,5,3,3,0,2.422392644919455,2.043214425444603,Jesús Vázquez,1041465600.0,182.0,,Left,Spain,D,['DL'],3200000.0,1845936000.0,415.0
551,ESP-La Liga,2425,Valencia,José Gayá,4,2024,146,2505,D S,23,1839,0,1.3299360536038876,0,1.3299360536038876,1,3.3860637098550797,12,24,7,0,7.34584279730916,4.532844023779035,José Luis Gayà,801360000.0,172.0,64.0,Left,Spain,D,['DL'],5400000.0,1814313600.0,1721.0
552,ESP-La Liga,2425,Valencia,Martín Tejón,4,2024,146,11706,S,4,32,0,0.07554540038108826,0,0.07554540038108826,0,0.02823927067220211,1,1,0,0,0.10378467105329037,0.0,Martín Tejón,1081728000.0,165.0,61.0,Right,Spain,M,['LW'],970000.0,1814313600.0,143.0
553,ESP-La Liga,2425,Valencia,Max Aarons,4,2024,146,7688,D S,4,114,0,0.0,0,0.0,0,0.01873987913131714,0,1,2,0,0.01873987913131714,0.0,Max Aarons,946944000.0,178.0,,Right,England,D,['DR'],3900000.0,1782777600.0,1237.0
554,ESP-La Liga,2425,Valencia,Maximiliano Caufriez,4,2024,146,9963,D,1,90,0,0.0,0,0.0,0,0.0,0,0,0,0,0.0,0.0,Maximiliano Caufriez,856051200.0,189.0,,Right,Belgium,D,"['DC', 'DL', 'DR']",815000.0,1782777600.0,155.0
555,ESP-La Liga,2425,Valencia,Mouctar Diakhaby,4,2024,146,5666,D S,13,641,2,1.3182655852288008,2,1.3182655852288008,0,0.020482083782553673,11,1,0,0,1.5299882926046848,0.9096239246428013,Mouctar Diakhaby,850953600.0,192.0,74.0,Right,Guinea,D,['DC'],2900000.0,1814313600.0,3881.0
556,ESP-La Liga,2425,Valencia,Pepelu,4,2024,146,2551,M S,34,1691,2,1.9522302066907287,0,0.4656749917194247,1,2.569384957663715,14,31,8,1,5.417779986746609,5.001861397176981,Pepelu,902793600.0,185.0,73.0,Right,Spain,M,"['MC', 'DM']",8199999.0,1845936000.0,1790.0
557,ESP-La Liga,2425,Valencia,Rafa Mir,4,2024,146,2589,F M S,20,716,1,2.539221692830324,1,2.539221692830324,2,0.9352265745401382,27,4,4,0,2.865994166582823,0.6772015728056431,Rafa Mir,866592000.0,189.0,87.0,Right,Spain,F,['ST'],4099999.0,1782777600.0,2025.0
558,ESP-La Liga,2425,Valencia,Rodrigo Abajas,4,2024,146,12817,D,1,68,0,0.028700169175863266,0,0.028700169175863266,0,0.0,1,0,1,0,0.08043278753757477,0.0517326220870018,Rodrigo Abajas,1070582400.0,186.0,,Left,Spain,D,['DL'],190000.0,1845936000.0,98.0
559,ESP-La Liga,2425,Valencia,Sergi Canos,4,2024,146,1078,M S,17,326,0,0.45077959541231394,0,0.45077959541231394,1,0.1964062564074993,11,4,3,0,0.7551172645762563,0.2356214402243495,Sergi Canós,854841600.0,173.0,75.0,Right,Spain,M,"['LW', 'ML', 'MR']",840000.0,1782777600.0,368.0
560,ESP-La Liga,2425,Valencia,Stole Dimitrievski,4,2024,146,2619,GK,4,360,0,0.0,0,0.0,0,0.0,0,0,1,0,0.859697625041008,0.859697625041008,Stole Dimitrievski,756777600.0,188.0,81.0,Right,North Macedonia,G,['GK'],2100000.0,1782777600.0,844.0
561,ESP-La Liga,2425,Valencia,Thierry Correia,4,2024,146,8058,D S,11,782,0,0.5705060213804245,0,0.5705060213804245,0,0.2970562316477299,7,5,1,0,2.8547055907547474,2.2297853976488113,Thierry Correia,920937600.0,176.0,,Right,Portugal,D,['DR'],3100000.0,1782777600.0,795.0
562,ESP-La Liga,2425,Valencia,Yarek Gasiorowski,4,2024,146,12139,D S,15,944,0,1.0283358693122864,0,1.0283358693122864,0,0.1623669546097517,3,3,1,0,1.634927068836987,1.6144409673288465,Yarek Gasiorowski,1105488000.0,190.0,,Left,Spain,D,['DC'],14700000.0,1909008000.0,1683.0
563,ESP-La Liga,2425,Villarreal,Alfonso,4,2024,154,2521,D M S,12,443,0,0.3776124268770218,0,0.3776124268770218,2,1.3253800980746746,5,9,0,0,3.7803803384304047,2.426428683102131,Alfonso Pedraza,829008000.0,184.0,73.0,Left,Spain,D,['DL'],2400000.0,1782777600.0,584.0
564,ESP-La Liga,2425,Villarreal,Arnau Solà,4,2024,154,12913,S,1,8,0,0.0,0,0.0,0,0.0,0,0,0,0,0.0,0.0,Arnau Solà,1049414400.0,179.0,,Left,Spain,D,['DL'],515000.0,1782777600.0,86.0
565,ESP-La Liga,2425,Villarreal,Ayoze Pérez,4,2024,154,770,F S,30,1987,19,15.228042975068092,19,15.228042975068092,2,3.1279250010848045,75,32,4,0,19.885818392038345,3.7794879944995046,Ayoze Pérez,743385600.0,180.0,66.0,Right,Spain,F,"['ST', 'LW']",6400000.0,1845936000.0,3705.0
566,ESP-La Liga,2425,Villarreal,Daniel Parejo,4,2024,154,2378,M S,36,2279,3,2.6434455886483192,2,1.156890369951725,3,1.2766990754753351,14,23,8,0,12.423127504065633,11.499670285731554,,,,,,,,,,,
567,ESP-La Liga,2425,Villarreal,Daniel Requena,4,2024,154,13035,S,1,4,0,0.0,0,0.0,0,0.0,0,0,0,0,0.0,0.0,Daniel Jesus Requena Gorrin,771552000.0,,,,Spain,M,[],,,1.0
568,ESP-La Liga,2425,Villarreal,Denis Suárez,4,2024,154,2308,M S,21,583,1,1.1482871770858765,1,1.1482871770858765,1,1.693669954314828,10,14,0,0,3.4056417644023895,1.5898005589842796,Denis Suárez,757814400.0,176.0,69.0,Right,Spain,M,['MC'],1300000.0,1814313600.0,1449.0
569,ESP-La Liga,2425,Villarreal,Diego Conde,4,2024,154,9698,GK,22,1965,0,0.0,0,0.0,1,0.40309885516762733,0,2,2,0,2.3183459788560867,1.9152471236884594,Diego Conde,909532800.0,188.0,,Right,Spain,G,['GK'],4300000.0,1877472000.0,449.0
570,ESP-La Liga,2425,Villarreal,Eric Bailly,4,2024,154,1739,D S,12,632,0,0.24016376584768295,0,0.24016376584768295,0,0.0,4,0,2,1,1.4844573438167572,1.4844573438167572,Eric Bailly,766108800.0,187.0,77.0,Right,Côte d'Ivoire,D,['DC'],1500000.0,1814313600.0,4293.0
571,ESP-La Liga,2425,Villarreal,Etta Eyong,4,2024,154,10930,S,4,25,1,0.4321245662868023,1,0.4321245662868023,0,0.0,2,0,0,0,0.4321245662868023,0.0,Etta Eyong,1066089600.0,181.0,75.0,Right,Cameroon,F,['ST'],21000000.0,1877472000.0,18286.0
572,ESP-La Liga,2425,Villarreal,Gerard Moreno,4,2024,154,2120,F S,17,698,3,3.90459007024765,0,1.6747572422027588,2,3.8606379739940166,26,17,0,0,6.936984864063561,3.757630412466824,Gerard Moreno,702604800.0,180.0,75.0,Left,Spain,F,['ST'],2700000.0,1814313600.0,3934.0
573,ESP-La Liga,2425,Villarreal,Ilias Akhomach,4,2024,154,10121,M S,11,604,1,0.6073880009353161,1,0.6073880009353161,0,1.253532700240612,17,9,1,0,3.397372789680958,1.7412983197718859,Ilias Akhomach,1082073600.0,175.0,,Left,Morocco,M,"['RW', 'MR']",11100000.0,,15647.0
574,ESP-La Liga,2425,Villarreal,Juan Foyth,4,2024,154,6306,D S,19,1515,1,2.2625984381884336,1,2.2625984381884336,0,0.3967224769294262,17,7,4,0,8.671776212751865,8.329005844891071,Juan Foyth,884563200.0,187.0,77.0,Right,Argentina,D,"['DR', 'DC']",16100000.0,1877472000.0,6475.0
575,ESP-La Liga,2425,Villarreal,Kiko Femenía,4,2024,154,5043,D S,28,2242,0,0.32104807533323765,0,0.32104807533323765,1,2.1311221085488796,3,16,7,0,9.853550355881453,8.824705503880978,Kiko Femenía,665452800.0,176.0,61.0,Right,Spain,D,['DR'],840000.0,1814313600.0,476.0
576,ESP-La Liga,2425,Villarreal,Logan Costa,4,2024,154,8200,D S,32,2596,2,0.9958862774074078,2,0.9958862774074078,1,0.3248736150562763,12,4,3,0,10.43460851162672,10.273068852722645,Logan Costa,986083200.0,188.0,,Right,Cape Verde,D,['DC'],17500000.0,1909008000.0,685.0
577,ESP-La Liga,2425,Villarreal,Luiz Júnior,4,2024,154,12917,GK S,17,1455,0,0.0,0,0.0,0,0.0,0,0,2,0,4.763020604848862,4.763020604848862,Luiz Júnior,979430400.0,192.0,,Left,Brazil,G,['GK'],12400000.0,1909008000.0,2387.0
578,ESP-La Liga,2425,Villarreal,Nicolas Pepe,4,2024,154,5656,F M S,28,1483,3,5.282411629334092,3,5.282411629334092,6,5.504750292748213,39,33,3,0,13.806489046663046,4.777184067294002,Nicolas Pépé,801705600.0,183.0,68.0,Left,Côte d'Ivoire,F,"['ST', 'MR', 'RW']",6600000.0,1845936000.0,12632.0
579,ESP-La Liga,2425,Villarreal,Pape Alassane Gueye,4,2024,154,8696,F M S,34,2246,4,3.8907218649983406,4,3.8907218649983406,0,1.5439291521906853,54,16,4,2,10.799056436866522,6.800886146724224,,,,,,,,,,,
580,ESP-La Liga,2425,Villarreal,Pau Navarro,4,2024,154,12914,D S,17,902,0,0.01571161486208439,0,0.01571161486208439,0,0.014179629273712635,1,1,1,0,3.66788212954998,3.6521705240011215,Pau Navarro,1114387200.0,185.0,,Right,Spain,D,['DR'],4900000.0,1909008000.0,412.0
581,ESP-La Liga,2425,Villarreal,Raúl Albiol,4,2024,154,1588,D S,15,1186,0,0.11344916746020317,0,0.11344916746020317,0,0.0,2,0,5,0,2.6963552040979266,2.640093426220119,Raúl Albiol,494640000.0,190.0,82.0,Right,Spain,D,['DC'],760000.0,1782777600.0,1197.0
582,ESP-La Liga,2425,Villarreal,Santiago Comesaña,4,2024,154,7070,M S,35,2597,4,4.7903942577540874,4,4.7903942577540874,2,2.9417879972606897,39,28,7,0,16.32327102124691,12.05175619572401,Santiago Galan Comesana,,,,,,,[],,,1.0
583,ESP-La Liga,2425,Villarreal,Sergi Cardona,4,2024,154,11744,D S,35,2974,1,3.418096289038658,1,3.418096289038658,7,6.034026274457574,20,45,11,0,17.55859543941915,13.585805354639888,Sergi Cardona,932256000.0,186.0,,Left,Spain,D,['DL'],9500000.0,1814313600.0,1119.0
584,ESP-La Liga,2425,Villarreal,Tajon Buchanan,4,2024,154,12322,M S,13,403,1,0.9770353380590677,1,0.9770353380590677,2,0.770006813108921,7,5,2,0,2.7764469999819994,1.2341861240565777,Tajon Buchanan,918432000.0,183.0,,Right,Canada,M,"['MR', 'DR']",10800000.0,1909008000.0,7433.0
585,ESP-La Liga,2425,Villarreal,Thiago Ojeda,4,2024,154,13285,S,1,2,0,0.015452169813215733,0,0.015452169813215733,0,0.0,1,0,1,0,0.5112302899360657,0.5112302899360657,Thiago Ojeda,1042329600.0,188.0,82.0,Right,Argentina,M,"['MC', 'DM']",580000.0,1782777600.0,129.0
586,ESP-La Liga,2425,Villarreal,Thierno Barry,4,2024,154,12916,F S,35,2322,11,15.059573616832495,10,14.316296067088842,4,3.666274566203356,73,24,4,0,19.066308550536633,4.0202120169997215,Thierno Barry,1035158400.0,195.0,,Right,France,F,['ST'],31000000.0,1877472000.0,5825.0
587,ESP-La Liga,2425,Villarreal,Willy Kambwala,4,2024,154,12275,D S,19,1097,0,0.22620321437716484,0,0.22620321437716484,0,0.07206991314888,4,1,1,1,3.91528133302927,3.8578535318374634,Willy Kambwala,1093392000.0,192.0,,Right,France,D,['DC'],4099999.0,1877472000.0,2215.0
588,ESP-La Liga,2425,Villarreal,Yeremi Pino,4,2024,154,9024,M S,34,1984,4,3.9810118712484837,4,3.9810118712484837,7,5.7880224250257015,29,39,11,0,14.707165252417326,6.185822805389762,Yéremy Pino,1035072000.0,172.0,,Right,Spain,F,"['LW', 'MR', 'AM']",32000000.0,1909008000.0,6117.0
589,ESP-La Liga,2425,Villarreal,Álex Baena,4,2024,154,8417,F M S,32,2639,7,7.195329947397113,7,6.452052278444171,9,12.612854413688183,70,95,9,0,23.495316974818707,10.70790826343,Alejandro Baena,995587200.0,174.0,,Right,Spain,M,['ML'],59000000.0,1909008000.0,9645.0
